[2026-09-12 20:37:11][INFO] 📋 تم تحميل 16 حساب من session_cache.json
[2026-09-12 20:37:11][INFO] ✅ تم تحميل إعدادات Firebase من: E:\osmanli\.bot_config_e4tWS8v10m2nDHyzad0M.json
[2026-09-12 20:37:11][INFO] 📋 تم تحميل 16 حساب من session_cache.json
[2026-09-12 20:37:11][INFO] 🔁 وضع التشغيل المستمر نشط — دورة كل 90 دقيقة
[2026-09-12 20:37:11][INFO]   📅 مهام مُجدوَلة (9 مهمة):
     • research: {'times_per_day': 2} | آخر تشغيل: لم تُشغَّل بعد
     • tactics_hall: {'times_per_day': 2} | آخر تشغيل: لم تُشغَّل بعد
     • fountain: {'times_per_day': 2} | آخر تشغيل: لم تُشغَّل بعد
     • material_workshop: {'times_per_day': 2} | آخر تشغيل: لم تُشغَّل بعد
     • caravan: {'times_per_day': 2} | آخر تشغيل: لم تُشغَّل بعد
     • port_delegate: {'times_per_day': 3} | آخر تشغيل: لم تُشغَّل بعد
     • savings_bank: {'times_per_day': 1} | آخر تشغيل: لم تُشغَّل بعد
     • building: {'times_per_day': 1} | آخر تشغيل: لم تُشغَّل بعد
     • prestige: {'hours': [3]} | آخر تشغيل: لم تُشغَّل بعد
[2026-09-12 20:37:11][INFO] 🔄 دورة رقم #1 — بدأت 2026-09-12 20:37:11
[2026-09-12 20:37:11][INFO] 🔐 [تسجيل الدخول] بدء الاتصال بالحساب: johan2003@yopmail.com...
[2026-09-12 20:37:11][INFO] Login Server: 119.8.212.255:10000
[2026-09-12 20:37:11][INFO] DH Handshake...
[2026-09-12 20:37:11][INFO]   Challenge: 6L3cyZ3Tsa8=
[2026-09-12 20:37:11][INFO]   ClientKey sent: 4SzWZpMlROM=
[2026-09-12 20:37:11][INFO]   ServerKey: /5p3M61If7Q=
[2026-09-12 20:37:11][INFO]   Secret: b2be6186ad129c93
[2026-09-12 20:37:11][INFO]   HMAC sent: BcdmrtlXInU=
[2026-09-12 20:37:12][INFO] 📋 تم تحميل 16 حساب من session_cache.json
[2026-09-12 20:37:12][ERROR] ❌ خطأ في قراءة ملف إعدادات Firebase: Expecting value: line 1 column 1 (char 0)
[2026-09-12 20:37:12][INFO]   Handshake resp: 200 challenge success
[2026-09-12 20:37:12][INFO]   Token sent
[2026-09-12 20:37:12][INFO]   Auth resp: 200 TWpVNUBhMjlvWDJkaGJXVmZNalk9QE1URTVMamd1TWpFekxqRXpNUT09QE5EQXdNQT09QE1qZ3hOVGd4QE1UQTJNREEzTkRN
[2026-09-12 20:37:12][INFO]   Gate: 119.8.213.131:4000
[2026-09-12 20:37:12][INFO]   UID: 10600743 Server: koh_game_26
[2026-09-12 20:37:12][INFO] [Login] ✓ johan2003@yopmail.com → Gate 119.8.213.131:4000 uid=10600743
[2026-09-12 20:37:12][INFO] [Gate] ✓ 119.8.213.131:4000 uid=10600743
[2026-09-12 20:37:12][INFO] ⏳ انتظار مزامنة الحزم الأولية من السيرفر...
[2026-09-12 20:37:13][INFO] 📋 تم تحميل 16 حساب من session_cache.json
[2026-09-12 20:37:13][INFO] ✅ تم تحميل إعدادات Firebase من: E:\osmanli\.bot_config_e4tWS8v10m2nDHyzad0M.json
[2026-09-12 20:37:13][INFO] 📋 تم تحميل 16 حساب من session_cache.json
[2026-09-12 20:37:13][INFO] 🔁 وضع التشغيل المستمر نشط — دورة كل 90 دقيقة
[2026-09-12 20:37:13][INFO]   📅 مهام مُجدوَلة (9 مهمة):
     • research: {'times_per_day': 2} | آخر تشغيل: لم تُشغَّل بعد
     • tactics_hall: {'times_per_day': 2} | آخر تشغيل: لم تُشغَّل بعد
     • fountain: {'times_per_day': 2} | آخر تشغيل: لم تُشغَّل بعد
     • material_workshop: {'times_per_day': 2} | آخر تشغيل: لم تُشغَّل بعد
     • caravan: {'times_per_day': 2} | آخر تشغيل: لم تُشغَّل بعد
     • port_delegate: {'times_per_day': 3} | آخر تشغيل: لم تُشغَّل بعد
     • savings_bank: {'times_per_day': 1} | آخر تشغيل: لم تُشغَّل بعد
     • building: {'times_per_day': 1} | آخر تشغيل: لم تُشغَّل بعد
     • prestige: {'hours': [3]} | آخر تشغيل: لم تُشغَّل بعد
[2026-09-12 20:37:13][INFO] 🔄 دورة رقم #1 — بدأت 2026-09-12 20:37:13
[2026-09-12 20:37:13][INFO] 🔐 [تسجيل الدخول] بدء الاتصال بالحساب: johan2003@yopmail.com...
[2026-09-12 20:37:13][INFO] Login Server: 119.8.212.255:10000
[2026-09-12 20:37:13][INFO] DH Handshake...
[2026-09-12 20:37:13][INFO]   Challenge: klbrBBDr9Hg=
[2026-09-12 20:37:13][INFO]   ClientKey sent: YqM9fzUv93o=
[2026-09-12 20:37:13][INFO]   ServerKey: MO1/ZoyOD1A=
[2026-09-12 20:37:13][INFO]   Secret: 0aa5ba577da15730
[2026-09-12 20:37:13][INFO]   HMAC sent: Dny+M136APU=
[2026-09-12 20:37:14][INFO]   Handshake resp: 200 challenge success
[2026-09-12 20:37:14][INFO]   Token sent
[2026-09-12 20:37:14][INFO]   Auth resp: 200 TWpVNUBhMjlvWDJkaGJXVmZNalk9QE1URTVMamd1TWpFekxqRXpNUT09QE5EQXdNQT09QE1qZ3hOVGd5QE1UQTJNREEzTkRN
[2026-09-12 20:37:14][INFO]   Gate: 119.8.213.131:4000
[2026-09-12 20:37:14][INFO]   UID: 10600743 Server: koh_game_26
[2026-09-12 20:37:14][INFO] [Login] ✓ johan2003@yopmail.com → Gate 119.8.213.131:4000 uid=10600743
[2026-09-12 20:37:14][WARNING] [Gate] recv: [WinError 10054] An existing connection was forcibly closed by the remote host
[2026-09-12 20:37:14][WARNING] [Gate] ⚠️ انقطع الاتصال بالحساب (السبب: connection_lost)
[2026-09-12 20:37:14][WARNING] ⚠️ [تنبيه السيرفر] انقطع اتصال الحساب johan2003@yopmail.com (السبب: connection_lost)
[2026-09-12 20:37:14][INFO] [Gate] ✓ 119.8.213.131:4000 uid=10600743
[2026-09-12 20:37:14][INFO] ⏳ انتظار مزامنة الحزم الأولية من السيرفر...
[2026-09-12 20:37:15][INFO] 📋 تم تحميل 16 حساب من session_cache.json
[2026-09-12 20:37:16][INFO] ✅ تم تحميل إعدادات Firebase من: E:\osmanli\.bot_config_e4tWS8v10m2nDHyzad0M.json
[2026-09-12 20:37:16][INFO] 📋 تم تحميل 16 حساب من session_cache.json
[2026-09-12 20:37:16][INFO] 🔁 وضع التشغيل المستمر نشط — دورة كل 90 دقيقة
[2026-09-12 20:37:16][INFO]   📅 مهام مُجدوَلة (9 مهمة):
     • research: {'times_per_day': 2} | آخر تشغيل: لم تُشغَّل بعد
     • tactics_hall: {'times_per_day': 2} | آخر تشغيل: لم تُشغَّل بعد
     • fountain: {'times_per_day': 2} | آخر تشغيل: لم تُشغَّل بعد
     • material_workshop: {'times_per_day': 2} | آخر تشغيل: لم تُشغَّل بعد
     • caravan: {'times_per_day': 2} | آخر تشغيل: لم تُشغَّل بعد
     • port_delegate: {'times_per_day': 3} | آخر تشغيل: لم تُشغَّل بعد
     • savings_bank: {'times_per_day': 1} | آخر تشغيل: لم تُشغَّل بعد
     • building: {'times_per_day': 1} | آخر تشغيل: لم تُشغَّل بعد
     • prestige: {'hours': [3]} | آخر تشغيل: لم تُشغَّل بعد
[2026-09-12 20:37:16][INFO] 🔄 دورة رقم #1 — بدأت 2026-09-12 20:37:16
[2026-09-12 20:37:16][INFO] 🔐 [تسجيل الدخول] بدء الاتصال بالحساب: johan2003@yopmail.com...
[2026-09-12 20:37:16][INFO] Login Server: 119.8.212.255:10000
[2026-09-12 20:37:16][INFO] DH Handshake...
[2026-09-12 20:37:16][INFO]   Challenge: C7pG67fyB4c=
[2026-09-12 20:37:16][INFO]   ClientKey sent: Dd2HhROqoC0=
[2026-09-12 20:37:16][INFO]   ServerKey: W4MQ5PAOGxg=
[2026-09-12 20:37:16][INFO]   Secret: 2756d2d7cb07e9ca
[2026-09-12 20:37:16][INFO]   HMAC sent: 68dBzdei8VA=
[2026-09-12 20:37:16][INFO]   Handshake resp: 200 challenge success
[2026-09-12 20:37:16][INFO]   Token sent
[2026-09-12 20:37:17][INFO]   Auth resp: 200 TWpVNUBhMjlvWDJkaGJXVmZNalk9QE1URTVMamd1TWpFekxqRXpNUT09QE5EQXdNQT09QE1qZ3hOVGcxQE1UQTJNREEzTkRN
[2026-09-12 20:37:17][INFO]   Gate: 119.8.213.131:4000
[2026-09-12 20:37:17][INFO]   UID: 10600743 Server: koh_game_26
[2026-09-12 20:37:17][INFO] [Login] ✓ johan2003@yopmail.com → Gate 119.8.213.131:4000 uid=10600743
[2026-09-12 20:37:17][INFO] 📋 تم تحميل 16 حساب من session_cache.json
[2026-09-12 20:37:17][INFO] 📋 تم تحميل 16 حساب من session_cache.json
[2026-09-12 20:37:17][INFO] ✅ تم تحميل إعدادات Firebase من: E:\osmanli\.bot_config_e4tWS8v10m2nDHyzad0M.json
[2026-09-12 20:37:17][INFO] 📋 تم تحميل 16 حساب من session_cache.json
[2026-09-12 20:37:17][INFO] 🔁 وضع التشغيل المستمر نشط — دورة كل 90 دقيقة
[2026-09-12 20:37:17][INFO]   📅 مهام مُجدوَلة (9 مهمة):
     • research: {'times_per_day': 2} | آخر تشغيل: لم تُشغَّل بعد
     • tactics_hall: {'times_per_day': 2} | آخر تشغيل: لم تُشغَّل بعد
     • fountain: {'times_per_day': 2} | آخر تشغيل: لم تُشغَّل بعد
     • material_workshop: {'times_per_day': 2} | آخر تشغيل: لم تُشغَّل بعد
     • caravan: {'times_per_day': 2} | آخر تشغيل: لم تُشغَّل بعد
     • port_delegate: {'times_per_day': 3} | آخر تشغيل: لم تُشغَّل بعد
     • savings_bank: {'times_per_day': 1} | آخر تشغيل: لم تُشغَّل بعد
     • building: {'times_per_day': 1} | آخر تشغيل: لم تُشغَّل بعد
     • prestige: {'hours': [3]} | آخر تشغيل: لم تُشغَّل بعد
[2026-09-12 20:37:17][INFO] 🔄 دورة رقم #1 — بدأت 2026-09-12 20:37:17
[2026-09-12 20:37:17][INFO] 🔐 [تسجيل الدخول] بدء الاتصال بالحساب: johan2003@yopmail.com...
[2026-09-12 20:37:17][INFO] ✅ [تسجيل الدخول] تم الاتصال والمصافحة بنجاح 100%!
[2026-09-12 20:37:17][INFO] 🔍 [الاستعلام الشامل] جلب كافة بيانات ومعلومات الحساب من السيرفر...
[2026-09-12 20:37:17][WARNING] [Gate] ⚠️ انقطع الاتصال بالحساب (السبب: other_device)
[2026-09-12 20:37:17][WARNING] ⚠️ [تنبيه السيرفر] انقطع اتصال الحساب johan2003@yopmail.com (السبب: other_device)
[2026-09-12 20:37:17][WARNING] ⚠️ تم رصد انقطاع الاتصال قبل بدء المهمة [🌾 حصد مزارع المدينة (City Harvest)] (السبب: دخول شخص آخر إلى الحساب (Other Device Login))
[2026-09-12 20:37:17][WARNING] ⚠️ [انقطاع الاتصال] تم رصد انقطاع الاتصال بالحساب (السبب: دخول شخص آخر إلى الحساب (Other Device Login))!
[2026-09-12 20:37:17][WARNING] ⏳ سيتوقف البوت مؤقتاً وينتظر 60 ثانية (دقيقة واحدة) لإفساح المجال ثم إعادة الدخول...
[2026-09-12 20:37:17][INFO] ⏳ [المحاولة 1/10] انتظار 60 ثانية (دقيقة واحدة)...
[2026-09-12 20:37:17][INFO] ⏳ متبقي على إعادة محاولة الدخول: 60 ثانية...
[2026-09-12 20:37:17][INFO] ✅ تم تحميل إعدادات Firebase من: E:\osmanli\.bot_config_e4tWS8v10m2nDHyzad0M.json
[2026-09-12 20:37:17][INFO] 📋 تم تحميل 16 حساب من session_cache.json
[2026-09-12 20:37:17][INFO] 🔁 وضع التشغيل المستمر نشط — دورة كل 90 دقيقة
[2026-09-12 20:37:17][INFO]   📅 مهام مُجدوَلة (9 مهمة):
     • research: {'times_per_day': 2} | آخر تشغيل: لم تُشغَّل بعد
     • tactics_hall: {'times_per_day': 2} | آخر تشغيل: لم تُشغَّل بعد
     • fountain: {'times_per_day': 2} | آخر تشغيل: لم تُشغَّل بعد
     • material_workshop: {'times_per_day': 2} | آخر تشغيل: لم تُشغَّل بعد
     • caravan: {'times_per_day': 2} | آخر تشغيل: لم تُشغَّل بعد
     • port_delegate: {'times_per_day': 3} | آخر تشغيل: لم تُشغَّل بعد
     • savings_bank: {'times_per_day': 1} | آخر تشغيل: لم تُشغَّل بعد
     • building: {'times_per_day': 1} | آخر تشغيل: لم تُشغَّل بعد
     • prestige: {'hours': [3]} | آخر تشغيل: لم تُشغَّل بعد
[2026-09-12 20:37:17][INFO] 🔄 دورة رقم #1 — بدأت 2026-09-12 20:37:17
[2026-09-12 20:37:17][INFO] 🔐 [تسجيل الدخول] بدء الاتصال بالحساب: johan2003@yopmail.com...
[2026-09-12 20:37:17][INFO] Login Server: 119.8.212.255:10000
[2026-09-12 20:37:17][INFO] Login Server: 119.8.212.255:10000
[2026-09-12 20:37:17][INFO] [Gate] ✓ 119.8.213.131:4000 uid=10600743
[2026-09-12 20:37:17][INFO] ⏳ انتظار مزامنة الحزم الأولية من السيرفر...
[2026-09-12 20:37:17][INFO] DH Handshake...
[2026-09-12 20:37:17][INFO] ✅ [تسجيل الدخول] تم الاتصال والمصافحة بنجاح 100%!
[2026-09-12 20:37:17][INFO] 🔍 [الاستعلام الشامل] جلب كافة بيانات ومعلومات الحساب من السيرفر...
[2026-09-12 20:37:17][WARNING] ⚠️ تم رصد انقطاع الاتصال قبل بدء المهمة [🌾 حصد مزارع المدينة (City Harvest)] (السبب: انقطاع اتصال: connection_lost)
[2026-09-12 20:37:17][WARNING] ⚠️ [انقطاع الاتصال] تم رصد انقطاع الاتصال بالحساب (السبب: انقطاع اتصال: connection_lost)!
[2026-09-12 20:37:17][WARNING] ⏳ سيتوقف البوت مؤقتاً وينتظر 60 ثانية (دقيقة واحدة) لإفساح المجال ثم إعادة الدخول...
[2026-09-12 20:37:17][INFO] ⏳ [المحاولة 1/10] انتظار 60 ثانية (دقيقة واحدة)...
[2026-09-12 20:37:17][INFO] ⏳ متبقي على إعادة محاولة الدخول: 60 ثانية...
[2026-09-12 20:37:17][INFO] DH Handshake...
[2026-09-12 20:37:17][INFO]   Challenge: 6bJ5PV+U7iY=
[2026-09-12 20:37:17][INFO]   ClientKey sent: UQ9D1Hm55/g=
[2026-09-12 20:37:17][INFO]   Challenge: FiotA8vvXik=
[2026-09-12 20:37:17][INFO]   ClientKey sent: gqDSdwzRjM8=
[2026-09-12 20:37:17][INFO]   ServerKey: hkJu/t6Lqxg=
[2026-09-12 20:37:17][INFO]   Secret: 13f8b778e626c541
[2026-09-12 20:37:17][INFO]   HMAC sent: 2SrcyOajzYY=
[2026-09-12 20:37:17][INFO]   ServerKey: sWJ78exWez8=
[2026-09-12 20:37:17][INFO]   Secret: 3006b3764a66c7e3
[2026-09-12 20:37:17][INFO]   HMAC sent: h4IgS/+hH4I=
[2026-09-12 20:37:17][INFO]   Handshake resp: 200 challenge success
[2026-09-12 20:37:17][INFO]   Token sent
[2026-09-12 20:37:17][INFO]   Handshake resp: 200 challenge success
[2026-09-12 20:37:17][INFO]   Token sent
[2026-09-12 20:37:17][INFO]   Auth resp: 406 Not Acceptable
[2026-09-12 20:37:17][ERROR] [Login] johan2003@yopmail.com: SDK token error - sessionId منتهي الصلاحية
[2026-09-12 20:37:17][ERROR] ❌ [تسجيل الدخول] فشل الاتصال بالحساب johan2003@yopmail.com!
[2026-09-12 20:37:17][INFO] 🔒 تم إغلاق اتصال الحساب johan2003@yopmail.com بأمان.
[2026-09-12 20:37:17][INFO] ✅ انتهت الدورة #1 في 1ث — الدورة القادمة الساعة: 22:07:17
[2026-09-12 20:37:17][INFO] 💤 انتظار 90.0 دقيقة...
[2026-09-12 20:37:17][WARNING] [Gate] ⚠️ انقطع الاتصال بالحساب (السبب: other_device)
[2026-09-12 20:37:17][WARNING] ⚠️ [تنبيه السيرفر] انقطع اتصال الحساب johan2003@yopmail.com (السبب: other_device)
[2026-09-12 20:37:18][INFO]   Auth resp: 200 TWpVNUBhMjlvWDJkaGJXVmZNalk9QE1URTVMamd1TWpFekxqRXpNUT09QE5EQXdNQT09QE1qZ3hOVGczQE1UQTJNREEzTkRN
[2026-09-12 20:37:18][INFO]   Gate: 119.8.213.131:4000
[2026-09-12 20:37:18][INFO]   UID: 10600743 Server: koh_game_26
[2026-09-12 20:37:18][INFO] [Login] ✓ johan2003@yopmail.com → Gate 119.8.213.131:4000 uid=10600743
[2026-09-12 20:37:18][INFO] 📋 تم تحميل 16 حساب من session_cache.json
[2026-09-12 20:37:18][INFO] ✅ تم تحميل إعدادات Firebase من: E:\osmanli\.bot_config_e4tWS8v10m2nDHyzad0M.json
[2026-09-12 20:37:18][INFO] 📋 تم تحميل 16 حساب من session_cache.json
[2026-09-12 20:37:18][INFO] 🔁 وضع التشغيل المستمر نشط — دورة كل 90 دقيقة
[2026-09-12 20:37:18][INFO]   📅 مهام مُجدوَلة (9 مهمة):
     • research: {'times_per_day': 2} | آخر تشغيل: لم تُشغَّل بعد
     • tactics_hall: {'times_per_day': 2} | آخر تشغيل: لم تُشغَّل بعد
     • fountain: {'times_per_day': 2} | آخر تشغيل: لم تُشغَّل بعد
     • material_workshop: {'times_per_day': 2} | آخر تشغيل: لم تُشغَّل بعد
     • caravan: {'times_per_day': 2} | آخر تشغيل: لم تُشغَّل بعد
     • port_delegate: {'times_per_day': 3} | آخر تشغيل: لم تُشغَّل بعد
     • savings_bank: {'times_per_day': 1} | آخر تشغيل: لم تُشغَّل بعد
     • building: {'times_per_day': 1} | آخر تشغيل: لم تُشغَّل بعد
     • prestige: {'hours': [3]} | آخر تشغيل: لم تُشغَّل بعد
[2026-09-12 20:37:18][INFO] 🔄 دورة رقم #1 — بدأت 2026-09-12 20:37:18
[2026-09-12 20:37:18][INFO] 🔐 [تسجيل الدخول] بدء الاتصال بالحساب: johan2003@yopmail.com...
[2026-09-12 20:37:18][INFO] Login Server: 119.8.212.255:10000
[2026-09-12 20:37:18][INFO] 📋 تم تحميل 16 حساب من session_cache.json
[2026-09-12 20:37:18][INFO] ✅ تم تحميل إعدادات Firebase من: E:\osmanli\.bot_config_e4tWS8v10m2nDHyzad0M.json
[2026-09-12 20:37:18][INFO] 📋 تم تحميل 16 حساب من session_cache.json
[2026-09-12 20:37:18][INFO] 🔁 وضع التشغيل المستمر نشط — دورة كل 90 دقيقة
[2026-09-12 20:37:18][INFO]   📅 مهام مُجدوَلة (9 مهمة):
     • research: {'times_per_day': 2} | آخر تشغيل: لم تُشغَّل بعد
     • tactics_hall: {'times_per_day': 2} | آخر تشغيل: لم تُشغَّل بعد
     • fountain: {'times_per_day': 2} | آخر تشغيل: لم تُشغَّل بعد
     • material_workshop: {'times_per_day': 2} | آخر تشغيل: لم تُشغَّل بعد
     • caravan: {'times_per_day': 2} | آخر تشغيل: لم تُشغَّل بعد
     • port_delegate: {'times_per_day': 3} | آخر تشغيل: لم تُشغَّل بعد
     • savings_bank: {'times_per_day': 1} | آخر تشغيل: لم تُشغَّل بعد
     • building: {'times_per_day': 1} | آخر تشغيل: لم تُشغَّل بعد
     • prestige: {'hours': [3]} | آخر تشغيل: لم تُشغَّل بعد
[2026-09-12 20:37:18][INFO] 🔄 دورة رقم #1 — بدأت 2026-09-12 20:37:18
[2026-09-12 20:37:18][INFO] 🔐 [تسجيل الدخول] بدء الاتصال بالحساب: johan2003@yopmail.com...
[2026-09-12 20:37:18][INFO] Login Server: 119.8.212.255:10000
[2026-09-12 20:37:18][INFO] DH Handshake...
[2026-09-12 20:37:18][INFO] DH Handshake...
[2026-09-12 20:37:19][INFO]   Challenge: UcEaWmGnD1A=
[2026-09-12 20:37:19][INFO]   ClientKey sent: QC+8XTcTJ1M=
[2026-09-12 20:37:19][INFO]   Challenge: aMOIiB4ywJ0=
[2026-09-12 20:37:19][INFO]   ClientKey sent: VN345CLJSzg=
[2026-09-12 20:37:19][INFO]   ServerKey: almjWD7JDvA=
[2026-09-12 20:37:19][INFO]   Secret: f988cd9e4558220b
[2026-09-12 20:37:19][INFO]   HMAC sent: ukFAhg1CEPc=
[2026-09-12 20:37:19][INFO]   ServerKey: aVZkRfviAvo=
[2026-09-12 20:37:19][INFO]   Secret: 582bc9e190c15552
[2026-09-12 20:37:19][INFO]   HMAC sent: TbKN0BCxFmk=
[2026-09-12 20:37:19][INFO]   Handshake resp: 200 challenge success
[2026-09-12 20:37:19][INFO]   Token sent
[2026-09-12 20:37:19][INFO]   Handshake resp: 200 challenge success
[2026-09-12 20:37:19][INFO]   Token sent
[2026-09-12 20:37:19][INFO] [Gate] ✓ 119.8.213.131:4000 uid=10600743
[2026-09-12 20:37:19][INFO] ⏳ انتظار مزامنة الحزم الأولية من السيرفر...
[2026-09-12 20:37:19][INFO] 📋 تم تحميل 16 حساب من session_cache.json
[2026-09-12 20:37:19][INFO] ✅ تم تحميل إعدادات Firebase من: E:\osmanli\.bot_config_e4tWS8v10m2nDHyzad0M.json
[2026-09-12 20:37:19][INFO] 📋 تم تحميل 16 حساب من session_cache.json
[2026-09-12 20:37:19][INFO] 🔁 وضع التشغيل المستمر نشط — دورة كل 90 دقيقة
[2026-09-12 20:37:19][INFO]   📅 مهام مُجدوَلة (9 مهمة):
     • research: {'times_per_day': 2} | آخر تشغيل: لم تُشغَّل بعد
     • tactics_hall: {'times_per_day': 2} | آخر تشغيل: لم تُشغَّل بعد
     • fountain: {'times_per_day': 2} | آخر تشغيل: لم تُشغَّل بعد
     • material_workshop: {'times_per_day': 2} | آخر تشغيل: لم تُشغَّل بعد
     • caravan: {'times_per_day': 2} | آخر تشغيل: لم تُشغَّل بعد
     • port_delegate: {'times_per_day': 3} | آخر تشغيل: لم تُشغَّل بعد
     • savings_bank: {'times_per_day': 1} | آخر تشغيل: لم تُشغَّل بعد
     • building: {'times_per_day': 1} | آخر تشغيل: لم تُشغَّل بعد
     • prestige: {'hours': [3]} | آخر تشغيل: لم تُشغَّل بعد
[2026-09-12 20:37:19][INFO] 🔄 دورة رقم #1 — بدأت 2026-09-12 20:37:19
[2026-09-12 20:37:19][INFO] 🔐 [تسجيل الدخول] بدء الاتصال بالحساب: johan2003@yopmail.com...
[2026-09-12 20:37:19][WARNING] [Gate] ⚠️ انقطع الاتصال بالحساب (السبب: other_device)
[2026-09-12 20:37:19][WARNING] ⚠️ [تنبيه السيرفر] انقطع اتصال الحساب johan2003@yopmail.com (السبب: other_device)
[2026-09-12 20:37:19][INFO]   Auth resp: 406 Not Acceptable
[2026-09-12 20:37:19][ERROR] [Login] johan2003@yopmail.com: SDK token error - sessionId منتهي الصلاحية
[2026-09-12 20:37:19][ERROR] ❌ [تسجيل الدخول] فشل الاتصال بالحساب johan2003@yopmail.com!
[2026-09-12 20:37:19][INFO] 🔒 تم إغلاق اتصال الحساب johan2003@yopmail.com بأمان.
[2026-09-12 20:37:19][INFO] ✅ انتهت الدورة #1 في 1ث — الدورة القادمة الساعة: 22:07:18
[2026-09-12 20:37:19][INFO] 💤 انتظار 90.0 دقيقة...
[2026-09-12 20:37:19][INFO]   Auth resp: 200 TWpVNUBhMjlvWDJkaGJXVmZNalk9QE1URTVMamd1TWpFekxqRXpNUT09QE5EQXdNQT09QE1qZ3hOVGc0QE1UQTJNREEzTkRN
[2026-09-12 20:37:19][INFO]   Gate: 119.8.213.131:4000
[2026-09-12 20:37:19][INFO]   UID: 10600743 Server: koh_game_26
[2026-09-12 20:37:19][INFO] [Login] ✓ johan2003@yopmail.com → Gate 119.8.213.131:4000 uid=10600743
[2026-09-12 20:37:19][INFO] Login Server: 119.8.212.255:10000
[2026-09-12 20:37:19][INFO] DH Handshake...
[2026-09-12 20:37:19][INFO]   Challenge: PyhSp7SMrSg=
[2026-09-12 20:37:19][INFO] [Gate] ✓ 119.8.213.131:4000 uid=10600743
[2026-09-12 20:37:19][INFO] ⏳ انتظار مزامنة الحزم الأولية من السيرفر...
[2026-09-12 20:37:19][INFO]   ClientKey sent: qgEt2hT7jNU=
[2026-09-12 20:37:19][INFO] 📋 تم تحميل 16 حساب من session_cache.json
[2026-09-12 20:37:20][INFO] ✅ تم تحميل إعدادات Firebase من: E:\osmanli\.bot_config_e4tWS8v10m2nDHyzad0M.json
[2026-09-12 20:37:20][INFO] 📋 تم تحميل 16 حساب من session_cache.json
[2026-09-12 20:37:20][INFO] 🔁 وضع التشغيل المستمر نشط — دورة كل 90 دقيقة
[2026-09-12 20:37:20][INFO]   📅 مهام مُجدوَلة (9 مهمة):
     • research: {'times_per_day': 2} | آخر تشغيل: لم تُشغَّل بعد
     • tactics_hall: {'times_per_day': 2} | آخر تشغيل: لم تُشغَّل بعد
     • fountain: {'times_per_day': 2} | آخر تشغيل: لم تُشغَّل بعد
     • material_workshop: {'times_per_day': 2} | آخر تشغيل: لم تُشغَّل بعد
     • caravan: {'times_per_day': 2} | آخر تشغيل: لم تُشغَّل بعد
     • port_delegate: {'times_per_day': 3} | آخر تشغيل: لم تُشغَّل بعد
     • savings_bank: {'times_per_day': 1} | آخر تشغيل: لم تُشغَّل بعد
     • building: {'times_per_day': 1} | آخر تشغيل: لم تُشغَّل بعد
     • prestige: {'hours': [3]} | آخر تشغيل: لم تُشغَّل بعد
[2026-09-12 20:37:20][INFO] 🔄 دورة رقم #1 — بدأت 2026-09-12 20:37:20
[2026-09-12 20:37:20][INFO] 🔐 [تسجيل الدخول] بدء الاتصال بالحساب: johan2003@yopmail.com...
[2026-09-12 20:37:20][INFO] 📋 تم تحميل 16 حساب من session_cache.json
[2026-09-12 20:37:20][INFO] ✅ تم تحميل إعدادات Firebase من: E:\osmanli\.bot_config_e4tWS8v10m2nDHyzad0M.json
[2026-09-12 20:37:20][INFO] 📋 تم تحميل 16 حساب من session_cache.json
[2026-09-12 20:37:20][INFO] 🔁 وضع التشغيل المستمر نشط — دورة كل 90 دقيقة
[2026-09-12 20:37:20][INFO]   📅 مهام مُجدوَلة (9 مهمة):
     • research: {'times_per_day': 2} | آخر تشغيل: لم تُشغَّل بعد
     • tactics_hall: {'times_per_day': 2} | آخر تشغيل: لم تُشغَّل بعد
     • fountain: {'times_per_day': 2} | آخر تشغيل: لم تُشغَّل بعد
     • material_workshop: {'times_per_day': 2} | آخر تشغيل: لم تُشغَّل بعد
     • caravan: {'times_per_day': 2} | آخر تشغيل: لم تُشغَّل بعد
     • port_delegate: {'times_per_day': 3} | آخر تشغيل: لم تُشغَّل بعد
     • savings_bank: {'times_per_day': 1} | آخر تشغيل: لم تُشغَّل بعد
     • building: {'times_per_day': 1} | آخر تشغيل: لم تُشغَّل بعد
     • prestige: {'hours': [3]} | آخر تشغيل: لم تُشغَّل بعد
[2026-09-12 20:37:20][INFO] 🔄 دورة رقم #1 — بدأت 2026-09-12 20:37:20
[2026-09-12 20:37:20][INFO] 🔐 [تسجيل الدخول] بدء الاتصال بالحساب: johan2003@yopmail.com...
[2026-09-12 20:37:20][INFO]   ServerKey: y1SM9slNaNo=
[2026-09-12 20:37:20][INFO]   Secret: 0b99cb553f9367f2
[2026-09-12 20:37:20][INFO]   HMAC sent: czxOhBoyUAY=
[2026-09-12 20:37:20][INFO] Login Server: 119.8.212.255:10000
[2026-09-12 20:37:20][INFO] DH Handshake...
[2026-09-12 20:37:20][INFO]   Handshake resp: 200 challenge success
[2026-09-12 20:37:20][INFO] Login Server: 119.8.212.255:10000
[2026-09-12 20:37:20][INFO] DH Handshake...
[2026-09-12 20:37:20][INFO]   Challenge: Sm+CwRnkHzE=
[2026-09-12 20:37:20][INFO]   ClientKey sent: uvXTociTn0E=
[2026-09-12 20:37:20][INFO]   Token sent
[2026-09-12 20:37:20][INFO]   Challenge: eWwbk1A6xPY=
[2026-09-12 20:37:20][INFO]   ClientKey sent: 8LV0qU44NZQ=
[2026-09-12 20:37:20][INFO]   ServerKey: YSlat0LyoVI=
[2026-09-12 20:37:20][INFO]   Secret: 9eb9f365df1559b2
[2026-09-12 20:37:20][INFO]   HMAC sent: 2FsXByqOO3g=
[2026-09-12 20:37:20][WARNING] [Gate] ⚠️ انقطع الاتصال بالحساب (السبب: other_device)
[2026-09-12 20:37:20][WARNING] ⚠️ [تنبيه السيرفر] انقطع اتصال الحساب johan2003@yopmail.com (السبب: other_device)
[2026-09-12 20:37:20][INFO]   ServerKey: EJqgsh4DHqI=
[2026-09-12 20:37:20][INFO]   Secret: 41daaf3f7e79c61c
[2026-09-12 20:37:20][INFO]   HMAC sent: ODyasKt9dds=
[2026-09-12 20:37:20][INFO]   Handshake resp: 200 challenge success
[2026-09-12 20:37:20][INFO]   Token sent
[2026-09-12 20:37:20][INFO]   Auth resp: 200 TWpVNUBhMjlvWDJkaGJXVmZNalk9QE1URTVMamd1TWpFekxqRXpNUT09QE5EQXdNQT09QE1qZ3hOVGc1QE1UQTJNREEzTkRN
[2026-09-12 20:37:20][INFO]   Gate: 119.8.213.131:4000
[2026-09-12 20:37:20][INFO]   UID: 10600743 Server: koh_game_26
[2026-09-12 20:37:20][INFO] [Login] ✓ johan2003@yopmail.com → Gate 119.8.213.131:4000 uid=10600743
[2026-09-12 20:37:20][INFO]   Handshake resp: 200 challenge success
[2026-09-12 20:37:20][INFO] 📋 تم تحميل 16 حساب من session_cache.json
[2026-09-12 20:37:20][INFO] ✅ تم تحميل إعدادات Firebase من: E:\osmanli\.bot_config_e4tWS8v10m2nDHyzad0M.json
[2026-09-12 20:37:20][INFO] 📋 تم تحميل 16 حساب من session_cache.json
[2026-09-12 20:37:20][INFO] 🔁 وضع التشغيل المستمر نشط — دورة كل 90 دقيقة
[2026-09-12 20:37:20][INFO]   📅 مهام مُجدوَلة (9 مهمة):
     • research: {'times_per_day': 2} | آخر تشغيل: لم تُشغَّل بعد
     • tactics_hall: {'times_per_day': 2} | آخر تشغيل: لم تُشغَّل بعد
     • fountain: {'times_per_day': 2} | آخر تشغيل: لم تُشغَّل بعد
     • material_workshop: {'times_per_day': 2} | آخر تشغيل: لم تُشغَّل بعد
     • caravan: {'times_per_day': 2} | آخر تشغيل: لم تُشغَّل بعد
     • port_delegate: {'times_per_day': 3} | آخر تشغيل: لم تُشغَّل بعد
     • savings_bank: {'times_per_day': 1} | آخر تشغيل: لم تُشغَّل بعد
     • building: {'times_per_day': 1} | آخر تشغيل: لم تُشغَّل بعد
     • prestige: {'hours': [3]} | آخر تشغيل: لم تُشغَّل بعد
[2026-09-12 20:37:20][INFO] 🔄 دورة رقم #1 — بدأت 2026-09-12 20:37:20
[2026-09-12 20:37:20][INFO] 🔐 [تسجيل الدخول] بدء الاتصال بالحساب: johan2003@yopmail.com...
[2026-09-12 20:37:20][INFO] Login Server: 119.8.212.255:10000
[2026-09-12 20:37:20][INFO]   Token sent
[2026-09-12 20:37:21][INFO]   Auth resp: 200 TWpVNUBhMjlvWDJkaGJXVmZNalk9QE1URTVMamd1TWpFekxqRXpNUT09QE5EQXdNQT09QE1qZ3hOVGt3QE1UQTJNREEzTkRN
[2026-09-12 20:37:21][INFO]   Gate: 119.8.213.131:4000
[2026-09-12 20:37:21][INFO]   UID: 10600743 Server: koh_game_26
[2026-09-12 20:37:21][INFO] [Login] ✓ johan2003@yopmail.com → Gate 119.8.213.131:4000 uid=10600743
[2026-09-12 20:37:21][INFO] DH Handshake...
[2026-09-12 20:37:21][ERROR] [Gate] Handshake failed: b'404 User Not Found'
[2026-09-12 20:37:21][ERROR] ❌ [تسجيل الدخول] فشل الاتصال بالحساب johan2003@yopmail.com!
[2026-09-12 20:37:21][INFO] 🔒 تم إغلاق اتصال الحساب johan2003@yopmail.com بأمان.
[2026-09-12 20:37:21][INFO] ✅ انتهت الدورة #1 في 2ث — الدورة القادمة الساعة: 22:07:19
[2026-09-12 20:37:21][INFO] 💤 انتظار 90.0 دقيقة...
[2026-09-12 20:37:21][INFO] 📋 تم تحميل 16 حساب من session_cache.json
[2026-09-12 20:37:21][INFO]   Challenge: kSSDx2UVFX0=
[2026-09-12 20:37:21][INFO]   ClientKey sent: 4SKXgCAgtvo=
[2026-09-12 20:37:21][INFO] ✅ تم تحميل إعدادات Firebase من: E:\osmanli\.bot_config_e4tWS8v10m2nDHyzad0M.json
[2026-09-12 20:37:21][INFO] 📋 تم تحميل 16 حساب من session_cache.json
[2026-09-12 20:37:21][INFO] 🔁 وضع التشغيل المستمر نشط — دورة كل 90 دقيقة
[2026-09-12 20:37:21][INFO]   📅 مهام مُجدوَلة (9 مهمة):
     • research: {'times_per_day': 2} | آخر تشغيل: لم تُشغَّل بعد
     • tactics_hall: {'times_per_day': 2} | آخر تشغيل: لم تُشغَّل بعد
     • fountain: {'times_per_day': 2} | آخر تشغيل: لم تُشغَّل بعد
     • material_workshop: {'times_per_day': 2} | آخر تشغيل: لم تُشغَّل بعد
     • caravan: {'times_per_day': 2} | آخر تشغيل: لم تُشغَّل بعد
     • port_delegate: {'times_per_day': 3} | آخر تشغيل: لم تُشغَّل بعد
     • savings_bank: {'times_per_day': 1} | آخر تشغيل: لم تُشغَّل بعد
     • building: {'times_per_day': 1} | آخر تشغيل: لم تُشغَّل بعد
     • prestige: {'hours': [3]} | آخر تشغيل: لم تُشغَّل بعد
[2026-09-12 20:37:21][INFO] 🔄 دورة رقم #1 — بدأت 2026-09-12 20:37:21
[2026-09-12 20:37:21][INFO] 🔐 [تسجيل الدخول] بدء الاتصال بالحساب: johan2003@yopmail.com...
[2026-09-12 20:37:21][INFO]   Auth resp: 200 TWpVNUBhMjlvWDJkaGJXVmZNalk9QE1URTVMamd1TWpFekxqRXpNUT09QE5EQXdNQT09QE1qZ3hOVGt4QE1UQTJNREEzTkRN
[2026-09-12 20:37:21][INFO]   Gate: 119.8.213.131:4000
[2026-09-12 20:37:21][INFO]   UID: 10600743 Server: koh_game_26
[2026-09-12 20:37:21][INFO] [Login] ✓ johan2003@yopmail.com → Gate 119.8.213.131:4000 uid=10600743
[2026-09-12 20:37:21][INFO] Login Server: 119.8.212.255:10000
[2026-09-12 20:37:21][ERROR] [Gate] Handshake failed: b'404 User Not Found'
[2026-09-12 20:37:21][ERROR] ❌ [تسجيل الدخول] فشل الاتصال بالحساب johan2003@yopmail.com!
[2026-09-12 20:37:21][INFO] 🔒 تم إغلاق اتصال الحساب johan2003@yopmail.com بأمان.
[2026-09-12 20:37:21][INFO] ✅ انتهت الدورة #1 في 1ث — الدورة القادمة الساعة: 22:07:20
[2026-09-12 20:37:21][INFO] 💤 انتظار 90.0 دقيقة...
[2026-09-12 20:37:21][INFO]   ServerKey: lPQ5S9GDbI8=
[2026-09-12 20:37:21][INFO]   Secret: b08c16326822a036
[2026-09-12 20:37:21][INFO]   HMAC sent: 4ERr4CtU2AY=
[2026-09-12 20:37:21][INFO] DH Handshake...
[2026-09-12 20:37:21][INFO] 📋 تم تحميل 16 حساب من session_cache.json
[2026-09-12 20:37:21][INFO]   Challenge: UuCN4kOjRT0=
[2026-09-12 20:37:21][INFO]   ClientKey sent: LEopdbGvfh8=
[2026-09-12 20:37:21][INFO] ✅ تم تحميل إعدادات Firebase من: E:\osmanli\.bot_config_e4tWS8v10m2nDHyzad0M.json
[2026-09-12 20:37:21][INFO]   Handshake resp: 200 challenge success
[2026-09-12 20:37:21][INFO] [Gate] ✓ 119.8.213.131:4000 uid=10600743
[2026-09-12 20:37:21][INFO] ⏳ انتظار مزامنة الحزم الأولية من السيرفر...
[2026-09-12 20:37:21][INFO] 📋 تم تحميل 16 حساب من session_cache.json
[2026-09-12 20:37:21][INFO] 🔁 وضع التشغيل المستمر نشط — دورة كل 90 دقيقة
[2026-09-12 20:37:21][INFO]   📅 مهام مُجدوَلة (9 مهمة):
     • research: {'times_per_day': 2} | آخر تشغيل: لم تُشغَّل بعد
     • tactics_hall: {'times_per_day': 2} | آخر تشغيل: لم تُشغَّل بعد
     • fountain: {'times_per_day': 2} | آخر تشغيل: لم تُشغَّل بعد
     • material_workshop: {'times_per_day': 2} | آخر تشغيل: لم تُشغَّل بعد
     • caravan: {'times_per_day': 2} | آخر تشغيل: لم تُشغَّل بعد
     • port_delegate: {'times_per_day': 3} | آخر تشغيل: لم تُشغَّل بعد
     • savings_bank: {'times_per_day': 1} | آخر تشغيل: لم تُشغَّل بعد
     • building: {'times_per_day': 1} | آخر تشغيل: لم تُشغَّل بعد
     • prestige: {'hours': [3]} | آخر تشغيل: لم تُشغَّل بعد
[2026-09-12 20:37:21][INFO] 🔄 دورة رقم #1 — بدأت 2026-09-12 20:37:21
[2026-09-12 20:37:21][INFO] 🔐 [تسجيل الدخول] بدء الاتصال بالحساب: johan2003@yopmail.com...
[2026-09-12 20:37:21][INFO] ✅ [تسجيل الدخول] تم الاتصال والمصافحة بنجاح 100%!
[2026-09-12 20:37:21][INFO] 🔍 [الاستعلام الشامل] جلب كافة بيانات ومعلومات الحساب من السيرفر...
[2026-09-12 20:37:21][WARNING] ⚠️ تم رصد انقطاع الاتصال قبل بدء المهمة [🌾 حصد مزارع المدينة (City Harvest)] (السبب: دخول شخص آخر إلى الحساب (Other Device Login))
[2026-09-12 20:37:21][WARNING] ⚠️ [انقطاع الاتصال] تم رصد انقطاع الاتصال بالحساب (السبب: دخول شخص آخر إلى الحساب (Other Device Login))!
[2026-09-12 20:37:21][WARNING] ⏳ سيتوقف البوت مؤقتاً وينتظر 60 ثانية (دقيقة واحدة) لإفساح المجال ثم إعادة الدخول...
[2026-09-12 20:37:21][INFO] ⏳ [المحاولة 1/10] انتظار 60 ثانية (دقيقة واحدة)...
[2026-09-12 20:37:21][INFO] ⏳ متبقي على إعادة محاولة الدخول: 60 ثانية...
[2026-09-12 20:37:21][INFO] Login Server: 119.8.212.255:10000
[2026-09-12 20:37:21][INFO]   Token sent
[2026-09-12 20:37:21][INFO]   ServerKey: 1fBXUXoAR9Q=
[2026-09-12 20:37:21][INFO]   Secret: a696f31bc83e604b
[2026-09-12 20:37:21][INFO]   HMAC sent: WMQPRCjoJiI=
[2026-09-12 20:37:21][INFO] DH Handshake...
[2026-09-12 20:37:21][INFO]   Handshake resp: 200 challenge success
[2026-09-12 20:37:22][INFO]   Token sent
[2026-09-12 20:37:22][WARNING] [Gate] ⚠️ انقطع الاتصال بالحساب (السبب: other_device)
[2026-09-12 20:37:22][WARNING] ⚠️ [تنبيه السيرفر] انقطع اتصال الحساب johan2003@yopmail.com (السبب: other_device)
[2026-09-12 20:37:22][INFO]   Challenge: sCIOnZfc73c=
[2026-09-12 20:37:22][INFO]   ClientKey sent: imYVdCHtja0=
[2026-09-12 20:37:22][INFO]   Auth resp: 200 TWpVNUBhMjlvWDJkaGJXVmZNalk9QE1URTVMamd1TWpFekxqRXpNUT09QE5EQXdNQT09QE1qZ3hOVGt5QE1UQTJNREEzTkRN
[2026-09-12 20:37:22][INFO]   Gate: 119.8.213.131:4000
[2026-09-12 20:37:22][INFO]   UID: 10600743 Server: koh_game_26
[2026-09-12 20:37:22][INFO] [Login] ✓ johan2003@yopmail.com → Gate 119.8.213.131:4000 uid=10600743
[2026-09-12 20:37:22][INFO] 📋 تم تحميل 16 حساب من session_cache.json
[2026-09-12 20:37:22][INFO]   ServerKey: UhvX538d/g0=
[2026-09-12 20:37:22][INFO]   Secret: 40d3dc07090895fb
[2026-09-12 20:37:22][INFO]   HMAC sent: UklPGYvJNqo=
[2026-09-12 20:37:22][INFO] ✅ تم تحميل إعدادات Firebase من: E:\osmanli\.bot_config_e4tWS8v10m2nDHyzad0M.json
[2026-09-12 20:37:22][INFO] 📋 تم تحميل 16 حساب من session_cache.json
[2026-09-12 20:37:22][INFO] 🔁 وضع التشغيل المستمر نشط — دورة كل 90 دقيقة
[2026-09-12 20:37:22][INFO]   📅 مهام مُجدوَلة (9 مهمة):
     • research: {'times_per_day': 2} | آخر تشغيل: لم تُشغَّل بعد
     • tactics_hall: {'times_per_day': 2} | آخر تشغيل: لم تُشغَّل بعد
     • fountain: {'times_per_day': 2} | آخر تشغيل: لم تُشغَّل بعد
     • material_workshop: {'times_per_day': 2} | آخر تشغيل: لم تُشغَّل بعد
     • caravan: {'times_per_day': 2} | آخر تشغيل: لم تُشغَّل بعد
     • port_delegate: {'times_per_day': 3} | آخر تشغيل: لم تُشغَّل بعد
     • savings_bank: {'times_per_day': 1} | آخر تشغيل: لم تُشغَّل بعد
     • building: {'times_per_day': 1} | آخر تشغيل: لم تُشغَّل بعد
     • prestige: {'hours': [3]} | آخر تشغيل: لم تُشغَّل بعد
[2026-09-12 20:37:22][INFO] 🔄 دورة رقم #1 — بدأت 2026-09-12 20:37:22
[2026-09-12 20:37:22][INFO] 🔐 [تسجيل الدخول] بدء الاتصال بالحساب: johan2003@yopmail.com...
[2026-09-12 20:37:22][INFO] Login Server: 119.8.212.255:10000
[2026-09-12 20:37:22][INFO]   Auth resp: 200 TWpVNUBhMjlvWDJkaGJXVmZNalk9QE1URTVMamd1TWpFekxqRXpNUT09QE5EQXdNQT09QE1qZ3hOVGt6QE1UQTJNREEzTkRN
[2026-09-12 20:37:22][INFO]   Gate: 119.8.213.131:4000
[2026-09-12 20:37:22][INFO]   UID: 10600743 Server: koh_game_26
[2026-09-12 20:37:22][INFO] [Login] ✓ johan2003@yopmail.com → Gate 119.8.213.131:4000 uid=10600743
[2026-09-12 20:37:22][INFO]   Handshake resp: 200 challenge success
[2026-09-12 20:37:22][INFO]   Token sent
[2026-09-12 20:37:22][ERROR] [Gate] Handshake failed: b'404 User Not Found'
[2026-09-12 20:37:22][ERROR] ❌ [تسجيل الدخول] فشل الاتصال بالحساب johan2003@yopmail.com!
[2026-09-12 20:37:22][INFO] 🔒 تم إغلاق اتصال الحساب johan2003@yopmail.com بأمان.
[2026-09-12 20:37:22][INFO] ✅ انتهت الدورة #1 في 2ث — الدورة القادمة الساعة: 22:07:20
[2026-09-12 20:37:22][INFO] 💤 انتظار 90.0 دقيقة...
[2026-09-12 20:37:22][INFO] DH Handshake...
[2026-09-12 20:37:22][ERROR] [Gate] Handshake failed: b'404 User Not Found'
[2026-09-12 20:37:22][ERROR] ❌ [تسجيل الدخول] فشل الاتصال بالحساب johan2003@yopmail.com!
[2026-09-12 20:37:22][INFO] 🔒 تم إغلاق اتصال الحساب johan2003@yopmail.com بأمان.
[2026-09-12 20:37:22][INFO] ✅ انتهت الدورة #1 في 1ث — الدورة القادمة الساعة: 22:07:21
[2026-09-12 20:37:22][INFO] 💤 انتظار 90.0 دقيقة...
[2026-09-12 20:37:22][INFO]   Challenge: QoDfT5fX2jY=
[2026-09-12 20:37:22][INFO]   ClientKey sent: DP17JR+nkAI=
[2026-09-12 20:37:22][INFO]   Auth resp: 200 TWpVNUBhMjlvWDJkaGJXVmZNalk9QE1URTVMamd1TWpFekxqRXpNUT09QE5EQXdNQT09QE1qZ3hOVGswQE1UQTJNREEzTkRN
[2026-09-12 20:37:22][INFO]   Gate: 119.8.213.131:4000
[2026-09-12 20:37:22][INFO]   UID: 10600743 Server: koh_game_26
[2026-09-12 20:37:22][INFO] [Login] ✓ johan2003@yopmail.com → Gate 119.8.213.131:4000 uid=10600743
[2026-09-12 20:37:22][INFO]   ServerKey: ewkaLMyJ/y8=
[2026-09-12 20:37:22][INFO]   Secret: f07716c6104fe129
[2026-09-12 20:37:22][INFO]   HMAC sent: t4IacWxzsAE=
[2026-09-12 20:37:23][INFO]   Handshake resp: 200 challenge success
[2026-09-12 20:37:23][INFO]   Token sent
[2026-09-12 20:37:23][INFO] [Gate] ✓ 119.8.213.131:4000 uid=10600743
[2026-09-12 20:37:23][INFO] ⏳ انتظار مزامنة الحزم الأولية من السيرفر...
[2026-09-12 20:37:23][WARNING] [Gate] ⚠️ انقطع الاتصال بالحساب (السبب: other_device)
[2026-09-12 20:37:23][WARNING] ⚠️ [تنبيه السيرفر] انقطع اتصال الحساب johan2003@yopmail.com (السبب: other_device)
[2026-09-12 20:37:23][INFO]   Auth resp: 200 TWpVNUBhMjlvWDJkaGJXVmZNalk9QE1URTVMamd1TWpFekxqRXpNUT09QE5EQXdNQT09QE1qZ3hOVGsxQE1UQTJNREEzTkRN
[2026-09-12 20:37:23][INFO]   Gate: 119.8.213.131:4000
[2026-09-12 20:37:23][INFO]   UID: 10600743 Server: koh_game_26
[2026-09-12 20:37:23][INFO] [Login] ✓ johan2003@yopmail.com → Gate 119.8.213.131:4000 uid=10600743
[2026-09-12 20:37:23][INFO] [Gate] ✓ 119.8.213.131:4000 uid=10600743
[2026-09-12 20:37:23][INFO] ⏳ انتظار مزامنة الحزم الأولية من السيرفر...
[2026-09-12 20:37:23][INFO] ✅ [تسجيل الدخول] تم الاتصال والمصافحة بنجاح 100%!
[2026-09-12 20:37:23][INFO] 🔍 [الاستعلام الشامل] جلب كافة بيانات ومعلومات الحساب من السيرفر...
[2026-09-12 20:37:23][WARNING] ⚠️ تم رصد انقطاع الاتصال قبل بدء المهمة [🌾 حصد مزارع المدينة (City Harvest)] (السبب: دخول شخص آخر إلى الحساب (Other Device Login))
[2026-09-12 20:37:23][WARNING] ⚠️ [انقطاع الاتصال] تم رصد انقطاع الاتصال بالحساب (السبب: دخول شخص آخر إلى الحساب (Other Device Login))!
[2026-09-12 20:37:23][WARNING] ⏳ سيتوقف البوت مؤقتاً وينتظر 60 ثانية (دقيقة واحدة) لإفساح المجال ثم إعادة الدخول...
[2026-09-12 20:37:23][INFO] ⏳ [المحاولة 1/10] انتظار 60 ثانية (دقيقة واحدة)...
[2026-09-12 20:37:23][INFO] ⏳ متبقي على إعادة محاولة الدخول: 60 ثانية...
[2026-09-12 20:37:24][INFO] ✅ [تسجيل الدخول] تم الاتصال والمصافحة بنجاح 100%!
[2026-09-12 20:37:24][INFO] 🔍 [الاستعلام الشامل] جلب كافة بيانات ومعلومات الحساب من السيرفر...
[2026-09-12 20:37:24][WARNING] ⚠️ تم رصد انقطاع الاتصال قبل بدء المهمة [🌾 حصد مزارع المدينة (City Harvest)] (السبب: دخول شخص آخر إلى الحساب (Other Device Login))
[2026-09-12 20:37:24][WARNING] ⚠️ [انقطاع الاتصال] تم رصد انقطاع الاتصال بالحساب (السبب: دخول شخص آخر إلى الحساب (Other Device Login))!
[2026-09-12 20:37:24][WARNING] ⏳ سيتوقف البوت مؤقتاً وينتظر 60 ثانية (دقيقة واحدة) لإفساح المجال ثم إعادة الدخول...
[2026-09-12 20:37:24][INFO] ⏳ [المحاولة 1/10] انتظار 60 ثانية (دقيقة واحدة)...
[2026-09-12 20:37:24][INFO] ⏳ متبقي على إعادة محاولة الدخول: 60 ثانية...
[2026-09-12 20:37:24][INFO] 📋 تم تحميل 16 حساب من session_cache.json
[2026-09-12 20:37:24][INFO] ✅ تم تحميل إعدادات Firebase من: E:\osmanli\.bot_config_e4tWS8v10m2nDHyzad0M.json
[2026-09-12 20:37:24][INFO] 📋 تم تحميل 16 حساب من session_cache.json
[2026-09-12 20:37:24][INFO] 🔁 وضع التشغيل المستمر نشط — دورة كل 90 دقيقة
[2026-09-12 20:37:24][INFO]   📅 مهام مُجدوَلة (9 مهمة):
     • research: {'times_per_day': 2} | آخر تشغيل: لم تُشغَّل بعد
     • tactics_hall: {'times_per_day': 2} | آخر تشغيل: لم تُشغَّل بعد
     • fountain: {'times_per_day': 2} | آخر تشغيل: لم تُشغَّل بعد
     • material_workshop: {'times_per_day': 2} | آخر تشغيل: لم تُشغَّل بعد
     • caravan: {'times_per_day': 2} | آخر تشغيل: لم تُشغَّل بعد
     • port_delegate: {'times_per_day': 3} | آخر تشغيل: لم تُشغَّل بعد
     • savings_bank: {'times_per_day': 1} | آخر تشغيل: لم تُشغَّل بعد
     • building: {'times_per_day': 1} | آخر تشغيل: لم تُشغَّل بعد
     • prestige: {'hours': [3]} | آخر تشغيل: لم تُشغَّل بعد
[2026-09-12 20:37:24][INFO] 🔄 دورة رقم #1 — بدأت 2026-09-12 20:37:24
[2026-09-12 20:37:24][INFO] 🔐 [تسجيل الدخول] بدء الاتصال بالحساب: johan2003@yopmail.com...
[2026-09-12 20:37:25][INFO] Login Server: 119.8.212.255:10000
[2026-09-12 20:37:25][INFO] DH Handshake...
[2026-09-12 20:37:25][INFO]   Challenge: 7KgLWiWxNgk=
[2026-09-12 20:37:25][INFO]   ClientKey sent: CfDfqlrSSmc=
[2026-09-12 20:37:25][INFO]   ServerKey: 27lv6GzouR8=
[2026-09-12 20:37:25][INFO]   Secret: 43f1ed1b8bca9f71
[2026-09-12 20:37:25][INFO]   HMAC sent: JpvAGl++Whk=
[2026-09-12 20:37:25][INFO]   Handshake resp: 200 challenge success
[2026-09-12 20:37:25][INFO]   Token sent
[2026-09-12 20:37:25][INFO]   Auth resp: 200 TWpVNUBhMjlvWDJkaGJXVmZNalk9QE1URTVMamd1TWpFekxqRXpNUT09QE5EQXdNQT09QE1qZ3hOVGsyQE1UQTJNREEzTkRN
[2026-09-12 20:37:25][INFO]   Gate: 119.8.213.131:4000
[2026-09-12 20:37:25][INFO]   UID: 10600743 Server: koh_game_26
[2026-09-12 20:37:25][INFO] [Login] ✓ johan2003@yopmail.com → Gate 119.8.213.131:4000 uid=10600743
[2026-09-12 20:37:26][INFO] [Gate] ✓ 119.8.213.131:4000 uid=10600743
[2026-09-12 20:37:26][INFO] ⏳ انتظار مزامنة الحزم الأولية من السيرفر...
[2026-09-12 20:37:26][INFO] ✅ [تسجيل الدخول] تم الاتصال والمصافحة بنجاح 100%!
[2026-09-12 20:37:26][INFO] 🔍 [الاستعلام الشامل] جلب كافة بيانات ومعلومات الحساب من السيرفر...
[2026-09-12 20:37:26][WARNING] ⚠️ تم رصد انقطاع الاتصال قبل بدء المهمة [🌾 حصد مزارع المدينة (City Harvest)] (السبب: دخول شخص آخر إلى الحساب (Other Device Login))
[2026-09-12 20:37:26][WARNING] ⚠️ [انقطاع الاتصال] تم رصد انقطاع الاتصال بالحساب (السبب: دخول شخص آخر إلى الحساب (Other Device Login))!
[2026-09-12 20:37:26][WARNING] ⏳ سيتوقف البوت مؤقتاً وينتظر 60 ثانية (دقيقة واحدة) لإفساح المجال ثم إعادة الدخول...
[2026-09-12 20:37:26][INFO] ⏳ [المحاولة 1/10] انتظار 60 ثانية (دقيقة واحدة)...
[2026-09-12 20:37:26][INFO] ⏳ متبقي على إعادة محاولة الدخول: 60 ثانية...
[2026-09-12 20:37:26][INFO] ✅ [تسجيل الدخول] تم الاتصال والمصافحة بنجاح 100%!
[2026-09-12 20:37:26][INFO] 🔍 [الاستعلام الشامل] جلب كافة بيانات ومعلومات الحساب من السيرفر...
[2026-09-12 20:37:26][WARNING] [Gate] ⚠️ انقطع الاتصال بالحساب (السبب: other_device)
[2026-09-12 20:37:26][WARNING] ⚠️ [تنبيه السيرفر] انقطع اتصال الحساب johan2003@yopmail.com (السبب: other_device)
[2026-09-12 20:37:26][WARNING] ⚠️ تم رصد انقطاع الاتصال قبل بدء المهمة [🌾 حصد مزارع المدينة (City Harvest)] (السبب: دخول شخص آخر إلى الحساب (Other Device Login))
[2026-09-12 20:37:26][WARNING] ⚠️ [انقطاع الاتصال] تم رصد انقطاع الاتصال بالحساب (السبب: دخول شخص آخر إلى الحساب (Other Device Login))!
[2026-09-12 20:37:26][WARNING] ⏳ سيتوقف البوت مؤقتاً وينتظر 60 ثانية (دقيقة واحدة) لإفساح المجال ثم إعادة الدخول...
[2026-09-12 20:37:26][INFO] ⏳ [المحاولة 1/10] انتظار 60 ثانية (دقيقة واحدة)...
[2026-09-12 20:37:26][INFO] ⏳ متبقي على إعادة محاولة الدخول: 60 ثانية...
[2026-09-12 20:37:28][INFO] 📋 تم تحميل 16 حساب من session_cache.json
[2026-09-12 20:37:28][INFO] ✅ تم تحميل إعدادات Firebase من: E:\osmanli\.bot_config_e4tWS8v10m2nDHyzad0M.json
[2026-09-12 20:37:28][INFO] 📋 تم تحميل 16 حساب من session_cache.json
[2026-09-12 20:37:28][INFO] 🔁 وضع التشغيل المستمر نشط — دورة كل 90 دقيقة
[2026-09-12 20:37:28][INFO]   📅 مهام مُجدوَلة (9 مهمة):
     • research: {'times_per_day': 2} | آخر تشغيل: لم تُشغَّل بعد
     • tactics_hall: {'times_per_day': 2} | آخر تشغيل: لم تُشغَّل بعد
     • fountain: {'times_per_day': 2} | آخر تشغيل: لم تُشغَّل بعد
     • material_workshop: {'times_per_day': 2} | آخر تشغيل: لم تُشغَّل بعد
     • caravan: {'times_per_day': 2} | آخر تشغيل: لم تُشغَّل بعد
     • port_delegate: {'times_per_day': 3} | آخر تشغيل: لم تُشغَّل بعد
     • savings_bank: {'times_per_day': 1} | آخر تشغيل: لم تُشغَّل بعد
     • building: {'times_per_day': 1} | آخر تشغيل: لم تُشغَّل بعد
     • prestige: {'hours': [3]} | آخر تشغيل: لم تُشغَّل بعد
[2026-09-12 20:37:28][INFO] 🔄 دورة رقم #1 — بدأت 2026-09-12 20:37:28
[2026-09-12 20:37:28][INFO] 🔐 [تسجيل الدخول] بدء الاتصال بالحساب: johan2003@yopmail.com...
[2026-09-12 20:37:28][INFO] Login Server: 119.8.212.255:10000
[2026-09-12 20:37:28][INFO] DH Handshake...
[2026-09-12 20:37:29][INFO]   Challenge: C/CzGzK11kg=
[2026-09-12 20:37:29][INFO]   ClientKey sent: AJ0cqcWq2RU=
[2026-09-12 20:37:29][INFO]   ServerKey: a6acY340Zuw=
[2026-09-12 20:37:29][INFO]   Secret: d544b7a2cc0c33de
[2026-09-12 20:37:29][INFO]   HMAC sent: OrKWI9hsqYQ=
[2026-09-12 20:37:29][INFO]   Handshake resp: 200 challenge success
[2026-09-12 20:37:29][INFO]   Token sent
[2026-09-12 20:37:29][INFO]   Auth resp: 200 TWpVNUBhMjlvWDJkaGJXVmZNalk9QE1URTVMamd1TWpFekxqRXpNUT09QE5EQXdNQT09QE1qZ3hOVGszQE1UQTJNREEzTkRN
[2026-09-12 20:37:29][INFO]   Gate: 119.8.213.131:4000
[2026-09-12 20:37:29][INFO]   UID: 10600743 Server: koh_game_26
[2026-09-12 20:37:29][INFO] [Login] ✓ johan2003@yopmail.com → Gate 119.8.213.131:4000 uid=10600743
[2026-09-12 20:37:30][INFO] 📋 تم تحميل 16 حساب من session_cache.json
[2026-09-12 20:37:30][INFO] ✅ تم تحميل إعدادات Firebase من: E:\osmanli\.bot_config_e4tWS8v10m2nDHyzad0M.json
[2026-09-12 20:37:30][INFO] 📋 تم تحميل 16 حساب من session_cache.json
[2026-09-12 20:37:30][INFO] 🔁 وضع التشغيل المستمر نشط — دورة كل 90 دقيقة
[2026-09-12 20:37:30][INFO]   📅 مهام مُجدوَلة (9 مهمة):
     • research: {'times_per_day': 2} | آخر تشغيل: لم تُشغَّل بعد
     • tactics_hall: {'times_per_day': 2} | آخر تشغيل: لم تُشغَّل بعد
     • fountain: {'times_per_day': 2} | آخر تشغيل: لم تُشغَّل بعد
     • material_workshop: {'times_per_day': 2} | آخر تشغيل: لم تُشغَّل بعد
     • caravan: {'times_per_day': 2} | آخر تشغيل: لم تُشغَّل بعد
     • port_delegate: {'times_per_day': 3} | آخر تشغيل: لم تُشغَّل بعد
     • savings_bank: {'times_per_day': 1} | آخر تشغيل: لم تُشغَّل بعد
     • building: {'times_per_day': 1} | آخر تشغيل: لم تُشغَّل بعد
     • prestige: {'hours': [3]} | آخر تشغيل: لم تُشغَّل بعد
[2026-09-12 20:37:30][INFO] 🔄 دورة رقم #1 — بدأت 2026-09-12 20:37:30
[2026-09-12 20:37:30][INFO] 🔐 [تسجيل الدخول] بدء الاتصال بالحساب: johan2003@yopmail.com...
[2026-09-12 20:37:30][INFO] [Gate] ✓ 119.8.213.131:4000 uid=10600743
[2026-09-12 20:37:30][INFO] ⏳ انتظار مزامنة الحزم الأولية من السيرفر...
[2026-09-12 20:37:30][INFO] Login Server: 119.8.212.255:10000
[2026-09-12 20:37:30][INFO] 📋 تم تحميل 16 حساب من session_cache.json
[2026-09-12 20:37:30][INFO] ✅ تم تحميل إعدادات Firebase من: E:\osmanli\.bot_config_e4tWS8v10m2nDHyzad0M.json
[2026-09-12 20:37:30][INFO] 📋 تم تحميل 16 حساب من session_cache.json
[2026-09-12 20:37:30][INFO] 🔁 وضع التشغيل المستمر نشط — دورة كل 90 دقيقة
[2026-09-12 20:37:30][INFO]   📅 مهام مُجدوَلة (9 مهمة):
     • research: {'times_per_day': 2} | آخر تشغيل: لم تُشغَّل بعد
     • tactics_hall: {'times_per_day': 2} | آخر تشغيل: لم تُشغَّل بعد
     • fountain: {'times_per_day': 2} | آخر تشغيل: لم تُشغَّل بعد
     • material_workshop: {'times_per_day': 2} | آخر تشغيل: لم تُشغَّل بعد
     • caravan: {'times_per_day': 2} | آخر تشغيل: لم تُشغَّل بعد
     • port_delegate: {'times_per_day': 3} | آخر تشغيل: لم تُشغَّل بعد
     • savings_bank: {'times_per_day': 1} | آخر تشغيل: لم تُشغَّل بعد
     • building: {'times_per_day': 1} | آخر تشغيل: لم تُشغَّل بعد
     • prestige: {'hours': [3]} | آخر تشغيل: لم تُشغَّل بعد
[2026-09-12 20:37:30][INFO] 🔄 دورة رقم #1 — بدأت 2026-09-12 20:37:30
[2026-09-12 20:37:30][INFO] 🔐 [تسجيل الدخول] بدء الاتصال بالحساب: johan2003@yopmail.com...
[2026-09-12 20:37:30][INFO] Login Server: 119.8.212.255:10000
[2026-09-12 20:37:30][INFO] 📋 تم تحميل 16 حساب من session_cache.json
[2026-09-12 20:37:30][INFO] ✅ تم تحميل إعدادات Firebase من: E:\osmanli\.bot_config_e4tWS8v10m2nDHyzad0M.json
[2026-09-12 20:37:30][INFO] 📋 تم تحميل 16 حساب من session_cache.json
[2026-09-12 20:37:30][INFO] 🔁 وضع التشغيل المستمر نشط — دورة كل 90 دقيقة
[2026-09-12 20:37:30][INFO]   📅 مهام مُجدوَلة (9 مهمة):
     • research: {'times_per_day': 2} | آخر تشغيل: لم تُشغَّل بعد
     • tactics_hall: {'times_per_day': 2} | آخر تشغيل: لم تُشغَّل بعد
     • fountain: {'times_per_day': 2} | آخر تشغيل: لم تُشغَّل بعد
     • material_workshop: {'times_per_day': 2} | آخر تشغيل: لم تُشغَّل بعد
     • caravan: {'times_per_day': 2} | آخر تشغيل: لم تُشغَّل بعد
     • port_delegate: {'times_per_day': 3} | آخر تشغيل: لم تُشغَّل بعد
     • savings_bank: {'times_per_day': 1} | آخر تشغيل: لم تُشغَّل بعد
     • building: {'times_per_day': 1} | آخر تشغيل: لم تُشغَّل بعد
     • prestige: {'hours': [3]} | آخر تشغيل: لم تُشغَّل بعد
[2026-09-12 20:37:30][INFO] 🔄 دورة رقم #1 — بدأت 2026-09-12 20:37:30
[2026-09-12 20:37:30][INFO] 🔐 [تسجيل الدخول] بدء الاتصال بالحساب: johan2003@yopmail.com...
[2026-09-12 20:37:30][INFO] DH Handshake...
[2026-09-12 20:37:30][INFO] Login Server: 119.8.212.255:10000
[2026-09-12 20:37:30][INFO] DH Handshake...
[2026-09-12 20:37:30][INFO] 📋 تم تحميل 16 حساب من session_cache.json
[2026-09-12 20:37:30][INFO] ✅ تم تحميل إعدادات Firebase من: E:\osmanli\.bot_config_e4tWS8v10m2nDHyzad0M.json
[2026-09-12 20:37:30][INFO] 📋 تم تحميل 16 حساب من session_cache.json
[2026-09-12 20:37:30][INFO] 🔁 وضع التشغيل المستمر نشط — دورة كل 90 دقيقة
[2026-09-12 20:37:30][INFO]   📅 مهام مُجدوَلة (9 مهمة):
     • research: {'times_per_day': 2} | آخر تشغيل: لم تُشغَّل بعد
     • tactics_hall: {'times_per_day': 2} | آخر تشغيل: لم تُشغَّل بعد
     • fountain: {'times_per_day': 2} | آخر تشغيل: لم تُشغَّل بعد
     • material_workshop: {'times_per_day': 2} | آخر تشغيل: لم تُشغَّل بعد
     • caravan: {'times_per_day': 2} | آخر تشغيل: لم تُشغَّل بعد
     • port_delegate: {'times_per_day': 3} | آخر تشغيل: لم تُشغَّل بعد
     • savings_bank: {'times_per_day': 1} | آخر تشغيل: لم تُشغَّل بعد
     • building: {'times_per_day': 1} | آخر تشغيل: لم تُشغَّل بعد
     • prestige: {'hours': [3]} | آخر تشغيل: لم تُشغَّل بعد
[2026-09-12 20:37:30][INFO] 🔄 دورة رقم #1 — بدأت 2026-09-12 20:37:30
[2026-09-12 20:37:30][INFO] 🔐 [تسجيل الدخول] بدء الاتصال بالحساب: johan2003@yopmail.com...
[2026-09-12 20:37:30][INFO] Login Server: 119.8.212.255:10000
[2026-09-12 20:37:30][INFO]   Challenge: AL1bUsQ5ufk=
[2026-09-12 20:37:30][INFO]   ClientKey sent: 427QImf2eKY=
[2026-09-12 20:37:30][INFO] DH Handshake...
[2026-09-12 20:37:30][INFO]   Challenge: HjDKGfABYwU=
[2026-09-12 20:37:30][INFO]   ClientKey sent: mvYZpjCpd64=
[2026-09-12 20:37:30][INFO] DH Handshake...
[2026-09-12 20:37:30][INFO]   Challenge: kWOIVpxBTwg=
[2026-09-12 20:37:30][INFO]   ServerKey: qRECO+AGCM0=
[2026-09-12 20:37:30][INFO]   Secret: ce787e4057de2fa1
[2026-09-12 20:37:30][INFO]   ClientKey sent: Qwbt3h6lLcE=
[2026-09-12 20:37:30][INFO]   HMAC sent: bKAWLJRfCV0=
[2026-09-12 20:37:30][INFO] 📋 تم تحميل 16 حساب من session_cache.json
[2026-09-12 20:37:30][INFO] ✅ تم تحميل إعدادات Firebase من: E:\osmanli\.bot_config_e4tWS8v10m2nDHyzad0M.json
[2026-09-12 20:37:30][INFO] 📋 تم تحميل 16 حساب من session_cache.json
[2026-09-12 20:37:30][INFO] 🔁 وضع التشغيل المستمر نشط — دورة كل 90 دقيقة
[2026-09-12 20:37:30][INFO]   📅 مهام مُجدوَلة (9 مهمة):
     • research: {'times_per_day': 2} | آخر تشغيل: لم تُشغَّل بعد
     • tactics_hall: {'times_per_day': 2} | آخر تشغيل: لم تُشغَّل بعد
     • fountain: {'times_per_day': 2} | آخر تشغيل: لم تُشغَّل بعد
     • material_workshop: {'times_per_day': 2} | آخر تشغيل: لم تُشغَّل بعد
     • caravan: {'times_per_day': 2} | آخر تشغيل: لم تُشغَّل بعد
     • port_delegate: {'times_per_day': 3} | آخر تشغيل: لم تُشغَّل بعد
     • savings_bank: {'times_per_day': 1} | آخر تشغيل: لم تُشغَّل بعد
     • building: {'times_per_day': 1} | آخر تشغيل: لم تُشغَّل بعد
     • prestige: {'hours': [3]} | آخر تشغيل: لم تُشغَّل بعد
[2026-09-12 20:37:30][INFO] 🔄 دورة رقم #1 — بدأت 2026-09-12 20:37:30
[2026-09-12 20:37:30][INFO] 🔐 [تسجيل الدخول] بدء الاتصال بالحساب: johan2003@yopmail.com...
[2026-09-12 20:37:30][INFO]   ServerKey: jM1HJIFWdWI=
[2026-09-12 20:37:30][INFO]   Secret: 82d665d2efa01c12
[2026-09-12 20:37:30][INFO]   HMAC sent: hqVNj4MvXfU=
[2026-09-12 20:37:30][INFO]   Handshake resp: 200 challenge success
[2026-09-12 20:37:30][INFO]   ServerKey: TNaJI1F2GQA=
[2026-09-12 20:37:30][INFO]   Secret: 6d481fdc07d1b7ab
[2026-09-12 20:37:30][INFO]   HMAC sent: kw1UE+hZHX0=
[2026-09-12 20:37:30][INFO]   Challenge: EHiPrbretQk=
[2026-09-12 20:37:30][INFO]   ClientKey sent: Who6xWJSgiA=
[2026-09-12 20:37:30][INFO] Login Server: 119.8.212.255:10000
[2026-09-12 20:37:30][INFO]   Token sent
[2026-09-12 20:37:31][INFO] 📋 تم تحميل 16 حساب من session_cache.json
[2026-09-12 20:37:31][INFO]   Handshake resp: 200 challenge success
[2026-09-12 20:37:31][INFO]   Handshake resp: 200 challenge success
[2026-09-12 20:37:31][INFO]   ServerKey: iv40su34aUM=
[2026-09-12 20:37:31][INFO]   Secret: ea783ec449326838
[2026-09-12 20:37:31][INFO]   HMAC sent: X8dnuuEmZYY=
[2026-09-12 20:37:31][INFO]   Token sent
[2026-09-12 20:37:31][INFO] ✅ تم تحميل إعدادات Firebase من: E:\osmanli\.bot_config_e4tWS8v10m2nDHyzad0M.json
[2026-09-12 20:37:31][INFO] 📋 تم تحميل 16 حساب من session_cache.json
[2026-09-12 20:37:31][INFO] 🔁 وضع التشغيل المستمر نشط — دورة كل 90 دقيقة
[2026-09-12 20:37:31][INFO]   📅 مهام مُجدوَلة (9 مهمة):
     • research: {'times_per_day': 2} | آخر تشغيل: لم تُشغَّل بعد
     • tactics_hall: {'times_per_day': 2} | آخر تشغيل: لم تُشغَّل بعد
     • fountain: {'times_per_day': 2} | آخر تشغيل: لم تُشغَّل بعد
     • material_workshop: {'times_per_day': 2} | آخر تشغيل: لم تُشغَّل بعد
     • caravan: {'times_per_day': 2} | آخر تشغيل: لم تُشغَّل بعد
     • port_delegate: {'times_per_day': 3} | آخر تشغيل: لم تُشغَّل بعد
     • savings_bank: {'times_per_day': 1} | آخر تشغيل: لم تُشغَّل بعد
     • building: {'times_per_day': 1} | آخر تشغيل: لم تُشغَّل بعد
     • prestige: {'hours': [3]} | آخر تشغيل: لم تُشغَّل بعد
[2026-09-12 20:37:31][INFO] 🔄 دورة رقم #1 — بدأت 2026-09-12 20:37:31
[2026-09-12 20:37:31][INFO] 🔐 [تسجيل الدخول] بدء الاتصال بالحساب: johan2003@yopmail.com...
[2026-09-12 20:37:31][WARNING] [Gate] ⚠️ انقطع الاتصال بالحساب (السبب: other_device)
[2026-09-12 20:37:31][WARNING] ⚠️ [تنبيه السيرفر] انقطع اتصال الحساب johan2003@yopmail.com (السبب: other_device)
[2026-09-12 20:37:31][INFO]   Auth resp: 406 Not Acceptable
[2026-09-12 20:37:31][ERROR] [Login] johan2003@yopmail.com: SDK token error - sessionId منتهي الصلاحية
[2026-09-12 20:37:31][ERROR] ❌ [تسجيل الدخول] فشل الاتصال بالحساب johan2003@yopmail.com!
[2026-09-12 20:37:31][INFO] 🔒 تم إغلاق اتصال الحساب johan2003@yopmail.com بأمان.
[2026-09-12 20:37:31][INFO] ✅ انتهت الدورة #1 في 1ث — الدورة القادمة الساعة: 22:07:30
[2026-09-12 20:37:31][INFO] 💤 انتظار 90.0 دقيقة...
[2026-09-12 20:37:31][INFO]   Handshake resp: 200 challenge success
[2026-09-12 20:37:31][INFO]   Challenge: NHZeakGwOhg=
[2026-09-12 20:37:31][INFO]   ClientKey sent: LsfiVkPZLJI=
[2026-09-12 20:37:31][INFO] Login Server: 119.8.212.255:10000
[2026-09-12 20:37:31][INFO]   Token sent
[2026-09-12 20:37:31][INFO]   Token sent
[2026-09-12 20:37:31][INFO] 📋 تم تحميل 16 حساب من session_cache.json
[2026-09-12 20:37:31][INFO]   Auth resp: 200 TWpVNUBhMjlvWDJkaGJXVmZNalk9QE1URTVMamd1TWpFekxqRXpNUT09QE5EQXdNQT09QE1qZ3hOVGs0QE1UQTJNREEzTkRN
[2026-09-12 20:37:31][INFO]   Gate: 119.8.213.131:4000
[2026-09-12 20:37:31][INFO]   UID: 10600743 Server: koh_game_26
[2026-09-12 20:37:31][INFO] ✅ تم تحميل إعدادات Firebase من: E:\osmanli\.bot_config_e4tWS8v10m2nDHyzad0M.json
[2026-09-12 20:37:31][INFO] [Login] ✓ johan2003@yopmail.com → Gate 119.8.213.131:4000 uid=10600743
[2026-09-12 20:37:31][INFO] 📋 تم تحميل 16 حساب من session_cache.json
[2026-09-12 20:37:31][INFO] 🔁 وضع التشغيل المستمر نشط — دورة كل 90 دقيقة
[2026-09-12 20:37:31][INFO]   📅 مهام مُجدوَلة (9 مهمة):
     • research: {'times_per_day': 2} | آخر تشغيل: لم تُشغَّل بعد
     • tactics_hall: {'times_per_day': 2} | آخر تشغيل: لم تُشغَّل بعد
     • fountain: {'times_per_day': 2} | آخر تشغيل: لم تُشغَّل بعد
     • material_workshop: {'times_per_day': 2} | آخر تشغيل: لم تُشغَّل بعد
     • caravan: {'times_per_day': 2} | آخر تشغيل: لم تُشغَّل بعد
     • port_delegate: {'times_per_day': 3} | آخر تشغيل: لم تُشغَّل بعد
     • savings_bank: {'times_per_day': 1} | آخر تشغيل: لم تُشغَّل بعد
     • building: {'times_per_day': 1} | آخر تشغيل: لم تُشغَّل بعد
     • prestige: {'hours': [3]} | آخر تشغيل: لم تُشغَّل بعد
[2026-09-12 20:37:31][INFO] 🔄 دورة رقم #1 — بدأت 2026-09-12 20:37:31
[2026-09-12 20:37:31][INFO] 🔐 [تسجيل الدخول] بدء الاتصال بالحساب: johan2003@yopmail.com...
[2026-09-12 20:37:31][INFO] DH Handshake...
[2026-09-12 20:37:31][INFO] 📋 تم تحميل 16 حساب من session_cache.json
[2026-09-12 20:37:31][INFO]   ServerKey: 2K7mgcLk1jo=
[2026-09-12 20:37:31][INFO]   Secret: 2ad42eaa7d40f7f4
[2026-09-12 20:37:31][INFO]   HMAC sent: 8EcusU20gxA=
[2026-09-12 20:37:31][INFO]   Auth resp: 406 Not Acceptable
[2026-09-12 20:37:31][ERROR] [Login] johan2003@yopmail.com: SDK token error - sessionId منتهي الصلاحية
[2026-09-12 20:37:31][ERROR] ❌ [تسجيل الدخول] فشل الاتصال بالحساب johan2003@yopmail.com!
[2026-09-12 20:37:31][INFO] 🔒 تم إغلاق اتصال الحساب johan2003@yopmail.com بأمان.
[2026-09-12 20:37:31][INFO] ✅ انتهت الدورة #1 في 1ث — الدورة القادمة الساعة: 22:07:30
[2026-09-12 20:37:31][INFO] 💤 انتظار 90.0 دقيقة...
[2026-09-12 20:37:31][INFO] ✅ تم تحميل إعدادات Firebase من: E:\osmanli\.bot_config_e4tWS8v10m2nDHyzad0M.json
[2026-09-12 20:37:31][INFO] 📋 تم تحميل 16 حساب من session_cache.json
[2026-09-12 20:37:31][INFO] 🔁 وضع التشغيل المستمر نشط — دورة كل 90 دقيقة
[2026-09-12 20:37:31][INFO]   📅 مهام مُجدوَلة (9 مهمة):
     • research: {'times_per_day': 2} | آخر تشغيل: لم تُشغَّل بعد
     • tactics_hall: {'times_per_day': 2} | آخر تشغيل: لم تُشغَّل بعد
     • fountain: {'times_per_day': 2} | آخر تشغيل: لم تُشغَّل بعد
     • material_workshop: {'times_per_day': 2} | آخر تشغيل: لم تُشغَّل بعد
     • caravan: {'times_per_day': 2} | آخر تشغيل: لم تُشغَّل بعد
     • port_delegate: {'times_per_day': 3} | آخر تشغيل: لم تُشغَّل بعد
     • savings_bank: {'times_per_day': 1} | آخر تشغيل: لم تُشغَّل بعد
     • building: {'times_per_day': 1} | آخر تشغيل: لم تُشغَّل بعد
     • prestige: {'hours': [3]} | آخر تشغيل: لم تُشغَّل بعد
[2026-09-12 20:37:31][INFO] 🔄 دورة رقم #1 — بدأت 2026-09-12 20:37:31
[2026-09-12 20:37:31][INFO] 🔐 [تسجيل الدخول] بدء الاتصال بالحساب: johan2003@yopmail.com...
[2026-09-12 20:37:31][INFO] Login Server: 119.8.212.255:10000
[2026-09-12 20:37:31][INFO]   Challenge: lVAFYJ6aTHU=
[2026-09-12 20:37:31][INFO]   ClientKey sent: G5EMlz4xQN4=
[2026-09-12 20:37:31][INFO]   Handshake resp: 200 challenge success
[2026-09-12 20:37:31][INFO] Login Server: 119.8.212.255:10000
[2026-09-12 20:37:31][INFO]   Token sent
[2026-09-12 20:37:31][INFO]   Auth resp: 200 TWpVNUBhMjlvWDJkaGJXVmZNalk9QE1URTVMamd1TWpFekxqRXpNUT09QE5EQXdNQT09QE1qZ3hOVGs1QE1UQTJNREEzTkRN
[2026-09-12 20:37:31][INFO]   Gate: 119.8.213.131:4000
[2026-09-12 20:37:31][INFO]   UID: 10600743 Server: koh_game_26
[2026-09-12 20:37:31][INFO] [Login] ✓ johan2003@yopmail.com → Gate 119.8.213.131:4000 uid=10600743
[2026-09-12 20:37:31][INFO] DH Handshake...
[2026-09-12 20:37:31][ERROR] [Gate] Handshake failed: b'404 User Not Found'
[2026-09-12 20:37:31][ERROR] ❌ [تسجيل الدخول] فشل الاتصال بالحساب johan2003@yopmail.com!
[2026-09-12 20:37:31][INFO] 🔒 تم إغلاق اتصال الحساب johan2003@yopmail.com بأمان.
[2026-09-12 20:37:31][INFO] ✅ انتهت الدورة #1 في 1ث — الدورة القادمة الساعة: 22:07:30
[2026-09-12 20:37:31][INFO] 💤 انتظار 90.0 دقيقة...
[2026-09-12 20:37:31][INFO]   ServerKey: 4LhMVRYp/tA=
[2026-09-12 20:37:31][INFO]   Secret: 3fe2c7cbb9de3b52
[2026-09-12 20:37:31][INFO]   HMAC sent: TEDLKJySyvs=
[2026-09-12 20:37:31][INFO] DH Handshake...
[2026-09-12 20:37:31][INFO]   Handshake resp: 200 challenge success
[2026-09-12 20:37:31][INFO]   Challenge: L3ZKbyYyaZE=
[2026-09-12 20:37:31][INFO]   Challenge: JZEXFJxqatM=
[2026-09-12 20:37:31][INFO]   ClientKey sent: xfGB1f7srTI=
[2026-09-12 20:37:31][INFO]   ClientKey sent: uKjcDeWeHDw=
[2026-09-12 20:37:31][INFO]   Token sent
[2026-09-12 20:37:31][INFO]   ServerKey: t0APb1oASJQ=
[2026-09-12 20:37:31][INFO]   ServerKey: ZDw/jDg/Bnk=
[2026-09-12 20:37:31][ERROR] [Gate] Handshake failed: b'404 User Not Found'
[2026-09-12 20:37:31][INFO]   Secret: 60a06cf07e11ea6e
[2026-09-12 20:37:31][INFO]   Secret: 86e7e1c6715a8ea2
[2026-09-12 20:37:31][INFO]   HMAC sent: G+p6fwvKpRU=
[2026-09-12 20:37:31][INFO]   HMAC sent: sgOqz1EE88w=
[2026-09-12 20:37:31][ERROR] ❌ [تسجيل الدخول] فشل الاتصال بالحساب johan2003@yopmail.com!
[2026-09-12 20:37:31][INFO] 🔒 تم إغلاق اتصال الحساب johan2003@yopmail.com بأمان.
[2026-09-12 20:37:31][INFO] ✅ انتهت الدورة #1 في 2ث — الدورة القادمة الساعة: 22:07:30
[2026-09-12 20:37:31][INFO] 💤 انتظار 90.0 دقيقة...
[2026-09-12 20:37:31][INFO]   Auth resp: 200 TWpVNUBhMjlvWDJkaGJXVmZNalk9QE1URTVMamd1TWpFekxqRXpNUT09QE5EQXdNQT09QE1qZ3hOakF3QE1UQTJNREEzTkRN
[2026-09-12 20:37:31][INFO]   Gate: 119.8.213.131:4000
[2026-09-12 20:37:31][INFO]   UID: 10600743 Server: koh_game_26
[2026-09-12 20:37:31][INFO] [Login] ✓ johan2003@yopmail.com → Gate 119.8.213.131:4000 uid=10600743
[2026-09-12 20:37:31][INFO]   Handshake resp: 200 challenge success
[2026-09-12 20:37:31][INFO]   Handshake resp: 200 challenge success
[2026-09-12 20:37:32][INFO]   Token sent
[2026-09-12 20:37:32][INFO]   Token sent
[2026-09-12 20:37:32][INFO]   Auth resp: 406 Not Acceptable
[2026-09-12 20:37:32][ERROR] [Login] johan2003@yopmail.com: SDK token error - sessionId منتهي الصلاحية
[2026-09-12 20:37:32][ERROR] ❌ [تسجيل الدخول] فشل الاتصال بالحساب johan2003@yopmail.com!
[2026-09-12 20:37:32][INFO] 🔒 تم إغلاق اتصال الحساب johan2003@yopmail.com بأمان.
[2026-09-12 20:37:32][INFO] ✅ انتهت الدورة #1 في 1ث — الدورة القادمة الساعة: 22:07:31
[2026-09-12 20:37:32][INFO] 💤 انتظار 90.0 دقيقة...
[2026-09-12 20:37:32][ERROR] [Gate] Handshake failed: b'404 User Not Found'
[2026-09-12 20:37:32][ERROR] ❌ [تسجيل الدخول] فشل الاتصال بالحساب johan2003@yopmail.com!
[2026-09-12 20:37:32][INFO] 🔒 تم إغلاق اتصال الحساب johan2003@yopmail.com بأمان.
[2026-09-12 20:37:32][INFO] ✅ انتهت الدورة #1 في 1ث — الدورة القادمة الساعة: 22:07:30
[2026-09-12 20:37:32][INFO] 💤 انتظار 90.0 دقيقة...
[2026-09-12 20:37:32][INFO]   Auth resp: 200 TWpVNUBhMjlvWDJkaGJXVmZNalk9QE1URTVMamd1TWpFekxqRXpNUT09QE5EQXdNQT09QE1qZ3hOakF4QE1UQTJNREEzTkRN
[2026-09-12 20:37:32][INFO]   Gate: 119.8.213.131:4000
[2026-09-12 20:37:32][INFO]   UID: 10600743 Server: koh_game_26
[2026-09-12 20:37:32][INFO] [Login] ✓ johan2003@yopmail.com → Gate 119.8.213.131:4000 uid=10600743
[2026-09-12 20:37:32][INFO] ⏳ متبقي على إعادة محاولة الدخول: 45 ثانية...
[2026-09-12 20:37:32][INFO] 📋 تم تحميل 16 حساب من session_cache.json
[2026-09-12 20:37:32][ERROR] [Gate] Handshake failed: b'404 User Not Found'
[2026-09-12 20:37:32][ERROR] ❌ [تسجيل الدخول] فشل الاتصال بالحساب johan2003@yopmail.com!
[2026-09-12 20:37:32][INFO] 🔒 تم إغلاق اتصال الحساب johan2003@yopmail.com بأمان.
[2026-09-12 20:37:32][INFO] ✅ انتهت الدورة #1 في 1ث — الدورة القادمة الساعة: 22:07:31
[2026-09-12 20:37:32][INFO] 💤 انتظار 90.0 دقيقة...
[2026-09-12 20:37:32][INFO] ✅ تم تحميل إعدادات Firebase من: E:\osmanli\.bot_config_e4tWS8v10m2nDHyzad0M.json
[2026-09-12 20:37:32][INFO] 📋 تم تحميل 16 حساب من session_cache.json
[2026-09-12 20:37:32][INFO] 🔁 وضع التشغيل المستمر نشط — دورة كل 90 دقيقة
[2026-09-12 20:37:32][INFO]   📅 مهام مُجدوَلة (9 مهمة):
     • research: {'times_per_day': 2} | آخر تشغيل: لم تُشغَّل بعد
     • tactics_hall: {'times_per_day': 2} | آخر تشغيل: لم تُشغَّل بعد
     • fountain: {'times_per_day': 2} | آخر تشغيل: لم تُشغَّل بعد
     • material_workshop: {'times_per_day': 2} | آخر تشغيل: لم تُشغَّل بعد
     • caravan: {'times_per_day': 2} | آخر تشغيل: لم تُشغَّل بعد
     • port_delegate: {'times_per_day': 3} | آخر تشغيل: لم تُشغَّل بعد
     • savings_bank: {'times_per_day': 1} | آخر تشغيل: لم تُشغَّل بعد
     • building: {'times_per_day': 1} | آخر تشغيل: لم تُشغَّل بعد
     • prestige: {'hours': [3]} | آخر تشغيل: لم تُشغَّل بعد
[2026-09-12 20:37:32][INFO] 🔄 دورة رقم #1 — بدأت 2026-09-12 20:37:32
[2026-09-12 20:37:32][INFO] 🔐 [تسجيل الدخول] بدء الاتصال بالحساب: johan2003@yopmail.com...
[2026-09-12 20:37:32][INFO] ⏳ متبقي على إعادة محاولة الدخول: 45 ثانية...
[2026-09-12 20:37:32][INFO] 📋 تم تحميل 16 حساب من session_cache.json
[2026-09-12 20:37:32][INFO] Login Server: 119.8.212.255:10000
[2026-09-12 20:37:32][INFO]   Auth resp: 200 TWpVNUBhMjlvWDJkaGJXVmZNalk9QE1URTVMamd1TWpFekxqRXpNUT09QE5EQXdNQT09QE1qZ3hOakF5QE1UQTJNREEzTkRN
[2026-09-12 20:37:32][INFO]   Gate: 119.8.213.131:4000
[2026-09-12 20:37:32][INFO]   UID: 10600743 Server: koh_game_26
[2026-09-12 20:37:32][INFO] [Login] ✓ johan2003@yopmail.com → Gate 119.8.213.131:4000 uid=10600743
[2026-09-12 20:37:32][INFO] ✅ تم تحميل إعدادات Firebase من: E:\osmanli\.bot_config_e4tWS8v10m2nDHyzad0M.json
[2026-09-12 20:37:32][INFO] 📋 تم تحميل 16 حساب من session_cache.json
[2026-09-12 20:37:32][INFO] 🔁 وضع التشغيل المستمر نشط — دورة كل 90 دقيقة
[2026-09-12 20:37:32][INFO]   📅 مهام مُجدوَلة (9 مهمة):
     • research: {'times_per_day': 2} | آخر تشغيل: لم تُشغَّل بعد
     • tactics_hall: {'times_per_day': 2} | آخر تشغيل: لم تُشغَّل بعد
     • fountain: {'times_per_day': 2} | آخر تشغيل: لم تُشغَّل بعد
     • material_workshop: {'times_per_day': 2} | آخر تشغيل: لم تُشغَّل بعد
     • caravan: {'times_per_day': 2} | آخر تشغيل: لم تُشغَّل بعد
     • port_delegate: {'times_per_day': 3} | آخر تشغيل: لم تُشغَّل بعد
     • savings_bank: {'times_per_day': 1} | آخر تشغيل: لم تُشغَّل بعد
     • building: {'times_per_day': 1} | آخر تشغيل: لم تُشغَّل بعد
     • prestige: {'hours': [3]} | آخر تشغيل: لم تُشغَّل بعد
[2026-09-12 20:37:32][INFO] 🔄 دورة رقم #1 — بدأت 2026-09-12 20:37:32
[2026-09-12 20:37:32][INFO] 🔐 [تسجيل الدخول] بدء الاتصال بالحساب: johan2003@yopmail.com...
[2026-09-12 20:37:32][INFO] DH Handshake...
[2026-09-12 20:37:32][INFO] Login Server: 119.8.212.255:10000
[2026-09-12 20:37:32][INFO] [Gate] ✓ 119.8.213.131:4000 uid=10600743
[2026-09-12 20:37:32][INFO] ⏳ انتظار مزامنة الحزم الأولية من السيرفر...
[2026-09-12 20:37:32][INFO]   Challenge: tSBMXwmv60Y=
[2026-09-12 20:37:32][INFO]   ClientKey sent: etUW4G1Srv0=
[2026-09-12 20:37:32][INFO] DH Handshake...
[2026-09-12 20:37:32][INFO]   ServerKey: TqnqlRlpArw=
[2026-09-12 20:37:32][INFO]   Secret: 4f04a07b2bf8f408
[2026-09-12 20:37:32][INFO]   HMAC sent: BnGGvob6ZWg=
[2026-09-12 20:37:32][INFO]   Handshake resp: 200 challenge success
[2026-09-12 20:37:32][INFO]   Challenge: EfJ+3tagrrk=
[2026-09-12 20:37:32][INFO]   ClientKey sent: p796U2ALzDc=
[2026-09-12 20:37:32][INFO]   Token sent
[2026-09-12 20:37:33][INFO]   ServerKey: SSbtF9LOd0s=
[2026-09-12 20:37:33][INFO]   Secret: b8c464c2960d13c1
[2026-09-12 20:37:33][INFO]   HMAC sent: rrUWhxOH+TM=
[2026-09-12 20:37:33][INFO] 📋 تم تحميل 16 حساب من session_cache.json
[2026-09-12 20:37:33][INFO]   Handshake resp: 200 challenge success
[2026-09-12 20:37:33][INFO] ✅ تم تحميل إعدادات Firebase من: E:\osmanli\.bot_config_e4tWS8v10m2nDHyzad0M.json
[2026-09-12 20:37:33][INFO] 📋 تم تحميل 16 حساب من session_cache.json
[2026-09-12 20:37:33][WARNING] [Gate] ⚠️ انقطع الاتصال بالحساب (السبب: other_device)
[2026-09-12 20:37:33][WARNING] ⚠️ [تنبيه السيرفر] انقطع اتصال الحساب johan2003@yopmail.com (السبب: other_device)
[2026-09-12 20:37:33][INFO] 🔁 وضع التشغيل المستمر نشط — دورة كل 90 دقيقة
[2026-09-12 20:37:33][INFO]   📅 مهام مُجدوَلة (9 مهمة):
     • research: {'times_per_day': 2} | آخر تشغيل: لم تُشغَّل بعد
     • tactics_hall: {'times_per_day': 2} | آخر تشغيل: لم تُشغَّل بعد
     • fountain: {'times_per_day': 2} | آخر تشغيل: لم تُشغَّل بعد
     • material_workshop: {'times_per_day': 2} | آخر تشغيل: لم تُشغَّل بعد
     • caravan: {'times_per_day': 2} | آخر تشغيل: لم تُشغَّل بعد
     • port_delegate: {'times_per_day': 3} | آخر تشغيل: لم تُشغَّل بعد
     • savings_bank: {'times_per_day': 1} | آخر تشغيل: لم تُشغَّل بعد
     • building: {'times_per_day': 1} | آخر تشغيل: لم تُشغَّل بعد
     • prestige: {'hours': [3]} | آخر تشغيل: لم تُشغَّل بعد
[2026-09-12 20:37:33][INFO] 🔄 دورة رقم #1 — بدأت 2026-09-12 20:37:33
[2026-09-12 20:37:33][INFO] 🔐 [تسجيل الدخول] بدء الاتصال بالحساب: johan2003@yopmail.com...
[2026-09-12 20:37:33][INFO]   Token sent
[2026-09-12 20:37:33][INFO] 📋 تم تحميل 16 حساب من session_cache.json
[2026-09-12 20:37:33][INFO] ✅ تم تحميل إعدادات Firebase من: E:\osmanli\.bot_config_e4tWS8v10m2nDHyzad0M.json
[2026-09-12 20:37:33][INFO] 📋 تم تحميل 16 حساب من session_cache.json
[2026-09-12 20:37:33][INFO] 🔁 وضع التشغيل المستمر نشط — دورة كل 90 دقيقة
[2026-09-12 20:37:33][INFO]   📅 مهام مُجدوَلة (9 مهمة):
     • research: {'times_per_day': 2} | آخر تشغيل: لم تُشغَّل بعد
     • tactics_hall: {'times_per_day': 2} | آخر تشغيل: لم تُشغَّل بعد
     • fountain: {'times_per_day': 2} | آخر تشغيل: لم تُشغَّل بعد
     • material_workshop: {'times_per_day': 2} | آخر تشغيل: لم تُشغَّل بعد
     • caravan: {'times_per_day': 2} | آخر تشغيل: لم تُشغَّل بعد
     • port_delegate: {'times_per_day': 3} | آخر تشغيل: لم تُشغَّل بعد
     • savings_bank: {'times_per_day': 1} | آخر تشغيل: لم تُشغَّل بعد
     • building: {'times_per_day': 1} | آخر تشغيل: لم تُشغَّل بعد
     • prestige: {'hours': [3]} | آخر تشغيل: لم تُشغَّل بعد
[2026-09-12 20:37:33][INFO] 🔄 دورة رقم #1 — بدأت 2026-09-12 20:37:33
[2026-09-12 20:37:33][INFO] 🔐 [تسجيل الدخول] بدء الاتصال بالحساب: johan2003@yopmail.com...
[2026-09-12 20:37:33][INFO]   Auth resp: 406 Not Acceptable
[2026-09-12 20:37:33][ERROR] [Login] johan2003@yopmail.com: SDK token error - sessionId منتهي الصلاحية
[2026-09-12 20:37:33][ERROR] ❌ [تسجيل الدخول] فشل الاتصال بالحساب johan2003@yopmail.com!
[2026-09-12 20:37:33][INFO] 🔒 تم إغلاق اتصال الحساب johan2003@yopmail.com بأمان.
[2026-09-12 20:37:33][INFO] ✅ انتهت الدورة #1 في 1ث — الدورة القادمة الساعة: 22:07:32
[2026-09-12 20:37:33][INFO] 💤 انتظار 90.0 دقيقة...
[2026-09-12 20:37:33][INFO] Login Server: 119.8.212.255:10000
[2026-09-12 20:37:33][INFO]   Auth resp: 200 TWpVNUBhMjlvWDJkaGJXVmZNalk9QE1URTVMamd1TWpFekxqRXpNUT09QE5EQXdNQT09QE1qZ3hOakEwQE1UQTJNREEzTkRN
[2026-09-12 20:37:33][INFO]   Gate: 119.8.213.131:4000
[2026-09-12 20:37:33][INFO]   UID: 10600743 Server: koh_game_26
[2026-09-12 20:37:33][INFO] [Login] ✓ johan2003@yopmail.com → Gate 119.8.213.131:4000 uid=10600743
[2026-09-12 20:37:33][INFO] Login Server: 119.8.212.255:10000
[2026-09-12 20:37:33][INFO] DH Handshake...
[2026-09-12 20:37:33][INFO] DH Handshake...
[2026-09-12 20:37:33][INFO]   Challenge: fNCUxcl6ATA=
[2026-09-12 20:37:33][INFO]   ClientKey sent: sihwz2jAMcU=
[2026-09-12 20:37:33][INFO]   Challenge: O9djOEsZ7Ss=
[2026-09-12 20:37:33][INFO]   ClientKey sent: wCuZjRc9weM=
[2026-09-12 20:37:33][INFO] [Gate] ✓ 119.8.213.131:4000 uid=10600743
[2026-09-12 20:37:33][INFO] ⏳ انتظار مزامنة الحزم الأولية من السيرفر...
[2026-09-12 20:37:33][INFO]   ServerKey: JU+cOmT/BgA=
[2026-09-12 20:37:33][INFO]   Secret: 14100c41b2188e67
[2026-09-12 20:37:33][INFO]   HMAC sent: a1MvhFF/uBo=
[2026-09-12 20:37:33][INFO]   ServerKey: 2KBl3rKHcoU=
[2026-09-12 20:37:33][INFO]   Secret: c003af4bd03f2b07
[2026-09-12 20:37:33][INFO]   HMAC sent: BjqM4wzjguM=
[2026-09-12 20:37:33][INFO]   Handshake resp: 200 challenge success
[2026-09-12 20:37:33][INFO]   Token sent
[2026-09-12 20:37:33][INFO]   Handshake resp: 200 challenge success
[2026-09-12 20:37:33][INFO]   Token sent
[2026-09-12 20:37:33][INFO]   Auth resp: 406 Not Acceptable
[2026-09-12 20:37:33][ERROR] [Login] johan2003@yopmail.com: SDK token error - sessionId منتهي الصلاحية
[2026-09-12 20:37:33][ERROR] ❌ [تسجيل الدخول] فشل الاتصال بالحساب johan2003@yopmail.com!
[2026-09-12 20:37:33][INFO] 🔒 تم إغلاق اتصال الحساب johan2003@yopmail.com بأمان.
[2026-09-12 20:37:33][INFO] ✅ انتهت الدورة #1 في 1ث — الدورة القادمة الساعة: 22:07:33
[2026-09-12 20:37:33][INFO] 💤 انتظار 90.0 دقيقة...
[2026-09-12 20:37:33][WARNING] [Gate] ⚠️ انقطع الاتصال بالحساب (السبب: other_device)
[2026-09-12 20:37:33][WARNING] ⚠️ [تنبيه السيرفر] انقطع اتصال الحساب johan2003@yopmail.com (السبب: other_device)
[2026-09-12 20:37:34][INFO]   Auth resp: 200 TWpVNUBhMjlvWDJkaGJXVmZNalk9QE1URTVMamd1TWpFekxqRXpNUT09QE5EQXdNQT09QE1qZ3hOakExQE1UQTJNREEzTkRN
[2026-09-12 20:37:34][INFO]   Gate: 119.8.213.131:4000
[2026-09-12 20:37:34][INFO]   UID: 10600743 Server: koh_game_26
[2026-09-12 20:37:34][INFO] [Login] ✓ johan2003@yopmail.com → Gate 119.8.213.131:4000 uid=10600743
[2026-09-12 20:37:34][INFO] [Gate] ✓ 119.8.213.131:4000 uid=10600743
[2026-09-12 20:37:34][INFO] ⏳ انتظار مزامنة الحزم الأولية من السيرفر...
[2026-09-12 20:37:34][INFO] ✅ [تسجيل الدخول] تم الاتصال والمصافحة بنجاح 100%!
[2026-09-12 20:37:34][INFO] 🔍 [الاستعلام الشامل] جلب كافة بيانات ومعلومات الحساب من السيرفر...
[2026-09-12 20:37:34][WARNING] ⚠️ تم رصد انقطاع الاتصال قبل بدء المهمة [🌾 حصد مزارع المدينة (City Harvest)] (السبب: دخول شخص آخر إلى الحساب (Other Device Login))
[2026-09-12 20:37:34][WARNING] ⚠️ [انقطاع الاتصال] تم رصد انقطاع الاتصال بالحساب (السبب: دخول شخص آخر إلى الحساب (Other Device Login))!
[2026-09-12 20:37:34][WARNING] ⏳ سيتوقف البوت مؤقتاً وينتظر 60 ثانية (دقيقة واحدة) لإفساح المجال ثم إعادة الدخول...
[2026-09-12 20:37:34][INFO] ⏳ [المحاولة 1/10] انتظار 60 ثانية (دقيقة واحدة)...
[2026-09-12 20:37:34][INFO] ⏳ متبقي على إعادة محاولة الدخول: 60 ثانية...
[2026-09-12 20:37:35][INFO] 📋 تم تحميل 16 حساب من session_cache.json
[2026-09-12 20:37:35][INFO] ✅ تم تحميل إعدادات Firebase من: E:\osmanli\.bot_config_e4tWS8v10m2nDHyzad0M.json
[2026-09-12 20:37:35][INFO] 📋 تم تحميل 16 حساب من session_cache.json
[2026-09-12 20:37:35][INFO] 🔁 وضع التشغيل المستمر نشط — دورة كل 90 دقيقة
[2026-09-12 20:37:35][INFO]   📅 مهام مُجدوَلة (9 مهمة):
     • research: {'times_per_day': 2} | آخر تشغيل: لم تُشغَّل بعد
     • tactics_hall: {'times_per_day': 2} | آخر تشغيل: لم تُشغَّل بعد
     • fountain: {'times_per_day': 2} | آخر تشغيل: لم تُشغَّل بعد
     • material_workshop: {'times_per_day': 2} | آخر تشغيل: لم تُشغَّل بعد
     • caravan: {'times_per_day': 2} | آخر تشغيل: لم تُشغَّل بعد
     • port_delegate: {'times_per_day': 3} | آخر تشغيل: لم تُشغَّل بعد
     • savings_bank: {'times_per_day': 1} | آخر تشغيل: لم تُشغَّل بعد
     • building: {'times_per_day': 1} | آخر تشغيل: لم تُشغَّل بعد
     • prestige: {'hours': [3]} | آخر تشغيل: لم تُشغَّل بعد
[2026-09-12 20:37:35][INFO] 🔄 دورة رقم #1 — بدأت 2026-09-12 20:37:35
[2026-09-12 20:37:35][INFO] 🔐 [تسجيل الدخول] بدء الاتصال بالحساب: johan2003@yopmail.com...
[2026-09-12 20:37:35][INFO] Login Server: 119.8.212.255:10000
[2026-09-12 20:37:35][INFO] DH Handshake...
[2026-09-12 20:37:35][INFO]   Challenge: Yd0Q5tg4hO4=
[2026-09-12 20:37:35][INFO]   ClientKey sent: rZAd8O74bI4=
[2026-09-12 20:37:35][INFO] 📋 تم تحميل 16 حساب من session_cache.json
[2026-09-12 20:37:35][ERROR] ❌ خطأ في قراءة ملف إعدادات Firebase: Expecting value: line 1 column 1 (char 0)
[2026-09-12 20:37:35][INFO]   ServerKey: NsBrBaDXAZU=
[2026-09-12 20:37:35][INFO]   Secret: bf1c3f947714d7d4
[2026-09-12 20:37:35][INFO]   HMAC sent: N8d7X+6EtEY=
[2026-09-12 20:37:35][INFO]   Handshake resp: 200 challenge success
[2026-09-12 20:37:35][INFO]   Token sent
[2026-09-12 20:37:35][INFO] 📋 تم تحميل 16 حساب من session_cache.json
[2026-09-12 20:37:35][ERROR] ❌ خطأ في قراءة ملف إعدادات Firebase: Expecting value: line 1 column 1 (char 0)
[2026-09-12 20:37:36][WARNING] [Gate] recv: [WinError 10054] An existing connection was forcibly closed by the remote host
[2026-09-12 20:37:36][WARNING] [Gate] ⚠️ انقطع الاتصال بالحساب (السبب: connection_lost)
[2026-09-12 20:37:36][WARNING] ⚠️ [تنبيه السيرفر] انقطع اتصال الحساب johan2003@yopmail.com (السبب: connection_lost)
[2026-09-12 20:37:36][INFO] 📋 تم تحميل 16 حساب من session_cache.json
[2026-09-12 20:37:36][INFO]   Auth resp: 200 TWpVNUBhMjlvWDJkaGJXVmZNalk9QE1URTVMamd1TWpFekxqRXpNUT09QE5EQXdNQT09QE1qZ3hOakEyQE1UQTJNREEzTkRN
[2026-09-12 20:37:36][INFO]   Gate: 119.8.213.131:4000
[2026-09-12 20:37:36][INFO]   UID: 10600743 Server: koh_game_26
[2026-09-12 20:37:36][INFO] [Login] ✓ johan2003@yopmail.com → Gate 119.8.213.131:4000 uid=10600743
[2026-09-12 20:37:36][INFO] 📋 تم تحميل 16 حساب من session_cache.json
[2026-09-12 20:37:36][INFO] ✅ تم تحميل إعدادات Firebase من: E:\osmanli\.bot_config_e4tWS8v10m2nDHyzad0M.json
[2026-09-12 20:37:36][INFO] 📋 تم تحميل 16 حساب من session_cache.json
[2026-09-12 20:37:36][INFO] 🔁 وضع التشغيل المستمر نشط — دورة كل 90 دقيقة
[2026-09-12 20:37:36][INFO]   📅 مهام مُجدوَلة (9 مهمة):
     • research: {'times_per_day': 2} | آخر تشغيل: لم تُشغَّل بعد
     • tactics_hall: {'times_per_day': 2} | آخر تشغيل: لم تُشغَّل بعد
     • fountain: {'times_per_day': 2} | آخر تشغيل: لم تُشغَّل بعد
     • material_workshop: {'times_per_day': 2} | آخر تشغيل: لم تُشغَّل بعد
     • caravan: {'times_per_day': 2} | آخر تشغيل: لم تُشغَّل بعد
     • port_delegate: {'times_per_day': 3} | آخر تشغيل: لم تُشغَّل بعد
     • savings_bank: {'times_per_day': 1} | آخر تشغيل: لم تُشغَّل بعد
     • building: {'times_per_day': 1} | آخر تشغيل: لم تُشغَّل بعد
     • prestige: {'hours': [3]} | آخر تشغيل: لم تُشغَّل بعد
[2026-09-12 20:37:36][INFO] 🔄 دورة رقم #1 — بدأت 2026-09-12 20:37:36
[2026-09-12 20:37:36][INFO] 🔐 [تسجيل الدخول] بدء الاتصال بالحساب: johan2003@yopmail.com...
[2026-09-12 20:37:36][INFO] ✅ تم تحميل إعدادات Firebase من: E:\osmanli\.bot_config_e4tWS8v10m2nDHyzad0M.json
[2026-09-12 20:37:36][INFO] 📋 تم تحميل 16 حساب من session_cache.json
[2026-09-12 20:37:36][INFO] 🔁 وضع التشغيل المستمر نشط — دورة كل 90 دقيقة
[2026-09-12 20:37:36][INFO]   📅 مهام مُجدوَلة (9 مهمة):
     • research: {'times_per_day': 2} | آخر تشغيل: لم تُشغَّل بعد
     • tactics_hall: {'times_per_day': 2} | آخر تشغيل: لم تُشغَّل بعد
     • fountain: {'times_per_day': 2} | آخر تشغيل: لم تُشغَّل بعد
     • material_workshop: {'times_per_day': 2} | آخر تشغيل: لم تُشغَّل بعد
     • caravan: {'times_per_day': 2} | آخر تشغيل: لم تُشغَّل بعد
     • port_delegate: {'times_per_day': 3} | آخر تشغيل: لم تُشغَّل بعد
     • savings_bank: {'times_per_day': 1} | آخر تشغيل: لم تُشغَّل بعد
     • building: {'times_per_day': 1} | آخر تشغيل: لم تُشغَّل بعد
     • prestige: {'hours': [3]} | آخر تشغيل: لم تُشغَّل بعد
[2026-09-12 20:37:36][INFO] 🔄 دورة رقم #1 — بدأت 2026-09-12 20:37:36
[2026-09-12 20:37:36][INFO] 🔐 [تسجيل الدخول] بدء الاتصال بالحساب: johan2003@yopmail.com...
[2026-09-12 20:37:36][INFO] [Gate] ✓ 119.8.213.131:4000 uid=10600743
[2026-09-12 20:37:36][INFO] ⏳ انتظار مزامنة الحزم الأولية من السيرفر...
[2026-09-12 20:37:36][INFO] Login Server: 119.8.212.255:10000
[2026-09-12 20:37:36][INFO] Login Server: 119.8.212.255:10000
[2026-09-12 20:37:36][INFO] DH Handshake...
[2026-09-12 20:37:36][INFO] DH Handshake...
[2026-09-12 20:37:36][INFO]   Challenge: 6NT9s9Brj78=
[2026-09-12 20:37:36][INFO]   ClientKey sent: oDkgOyhsgys=
[2026-09-12 20:37:36][INFO]   Challenge: l+3AtgTJXsg=
[2026-09-12 20:37:36][INFO]   ClientKey sent: VbTyduDbjQQ=
[2026-09-12 20:37:36][INFO]   ServerKey: ZyJEwhGnKP4=
[2026-09-12 20:37:36][INFO]   Secret: 6fef250f08f25a39
[2026-09-12 20:37:36][INFO]   HMAC sent: svid6s8xgoA=
[2026-09-12 20:37:36][INFO]   Handshake resp: 200 challenge success
[2026-09-12 20:37:36][INFO]   ServerKey: Cpu1tZD4yzA=
[2026-09-12 20:37:36][INFO]   Secret: 790576067a2a0259
[2026-09-12 20:37:36][INFO]   HMAC sent: xXnyIHn2nvI=
[2026-09-12 20:37:36][INFO]   Token sent
[2026-09-12 20:37:36][INFO]   Handshake resp: 200 challenge success
[2026-09-12 20:37:37][INFO]   Token sent
[2026-09-12 20:37:37][INFO]   Auth resp: 406 Not Acceptable
[2026-09-12 20:37:37][ERROR] [Login] johan2003@yopmail.com: SDK token error - sessionId منتهي الصلاحية
[2026-09-12 20:37:37][ERROR] ❌ [تسجيل الدخول] فشل الاتصال بالحساب johan2003@yopmail.com!
[2026-09-12 20:37:37][INFO] 🔒 تم إغلاق اتصال الحساب johan2003@yopmail.com بأمان.
[2026-09-12 20:37:37][INFO] ✅ انتهت الدورة #1 في 1ث — الدورة القادمة الساعة: 22:07:36
[2026-09-12 20:37:37][INFO] 💤 انتظار 90.0 دقيقة...
[2026-09-12 20:37:37][WARNING] [Gate] ⚠️ انقطع الاتصال بالحساب (السبب: other_device)
[2026-09-12 20:37:37][WARNING] ⚠️ [تنبيه السيرفر] انقطع اتصال الحساب johan2003@yopmail.com (السبب: other_device)
[2026-09-12 20:37:37][INFO] ✅ [تسجيل الدخول] تم الاتصال والمصافحة بنجاح 100%!
[2026-09-12 20:37:37][INFO] 🔍 [الاستعلام الشامل] جلب كافة بيانات ومعلومات الحساب من السيرفر...
[2026-09-12 20:37:37][WARNING] ⚠️ تم رصد انقطاع الاتصال قبل بدء المهمة [🌾 حصد مزارع المدينة (City Harvest)] (السبب: دخول شخص آخر إلى الحساب (Other Device Login))
[2026-09-12 20:37:37][WARNING] ⚠️ [انقطاع الاتصال] تم رصد انقطاع الاتصال بالحساب (السبب: دخول شخص آخر إلى الحساب (Other Device Login))!
[2026-09-12 20:37:37][WARNING] ⏳ سيتوقف البوت مؤقتاً وينتظر 60 ثانية (دقيقة واحدة) لإفساح المجال ثم إعادة الدخول...
[2026-09-12 20:37:37][INFO] ⏳ [المحاولة 1/10] انتظار 60 ثانية (دقيقة واحدة)...
[2026-09-12 20:37:37][INFO] ⏳ متبقي على إعادة محاولة الدخول: 60 ثانية...
[2026-09-12 20:37:37][INFO]   Auth resp: 200 TWpVNUBhMjlvWDJkaGJXVmZNalk9QE1URTVMamd1TWpFekxqRXpNUT09QE5EQXdNQT09QE1qZ3hOakEzQE1UQTJNREEzTkRN
[2026-09-12 20:37:37][INFO]   Gate: 119.8.213.131:4000
[2026-09-12 20:37:37][INFO]   UID: 10600743 Server: koh_game_26
[2026-09-12 20:37:37][INFO] [Login] ✓ johan2003@yopmail.com → Gate 119.8.213.131:4000 uid=10600743
[2026-09-12 20:37:37][INFO] [Gate] ✓ 119.8.213.131:4000 uid=10600743
[2026-09-12 20:37:37][INFO] ⏳ انتظار مزامنة الحزم الأولية من السيرفر...
[2026-09-12 20:37:37][INFO] 📋 تم تحميل 16 حساب من session_cache.json
[2026-09-12 20:37:37][INFO] ✅ تم تحميل إعدادات Firebase من: E:\osmanli\.bot_config_e4tWS8v10m2nDHyzad0M.json
[2026-09-12 20:37:37][INFO] 📋 تم تحميل 16 حساب من session_cache.json
[2026-09-12 20:37:37][INFO] 🔁 وضع التشغيل المستمر نشط — دورة كل 90 دقيقة
[2026-09-12 20:37:37][INFO]   📅 مهام مُجدوَلة (9 مهمة):
     • research: {'times_per_day': 2} | آخر تشغيل: لم تُشغَّل بعد
     • tactics_hall: {'times_per_day': 2} | آخر تشغيل: لم تُشغَّل بعد
     • fountain: {'times_per_day': 2} | آخر تشغيل: لم تُشغَّل بعد
     • material_workshop: {'times_per_day': 2} | آخر تشغيل: لم تُشغَّل بعد
     • caravan: {'times_per_day': 2} | آخر تشغيل: لم تُشغَّل بعد
     • port_delegate: {'times_per_day': 3} | آخر تشغيل: لم تُشغَّل بعد
     • savings_bank: {'times_per_day': 1} | آخر تشغيل: لم تُشغَّل بعد
     • building: {'times_per_day': 1} | آخر تشغيل: لم تُشغَّل بعد
     • prestige: {'hours': [3]} | آخر تشغيل: لم تُشغَّل بعد
[2026-09-12 20:37:37][INFO] 🔄 دورة رقم #1 — بدأت 2026-09-12 20:37:37
[2026-09-12 20:37:37][INFO] 🔐 [تسجيل الدخول] بدء الاتصال بالحساب: johan2003@yopmail.com...
[2026-09-12 20:37:37][INFO] Login Server: 119.8.212.255:10000
[2026-09-12 20:37:37][INFO] 📋 تم تحميل 16 حساب من session_cache.json
[2026-09-12 20:37:37][INFO] DH Handshake...
[2026-09-12 20:37:37][INFO] ✅ تم تحميل إعدادات Firebase من: E:\osmanli\.bot_config_e4tWS8v10m2nDHyzad0M.json
[2026-09-12 20:37:37][INFO] 📋 تم تحميل 16 حساب من session_cache.json
[2026-09-12 20:37:37][INFO] 🔁 وضع التشغيل المستمر نشط — دورة كل 90 دقيقة
[2026-09-12 20:37:37][INFO]   📅 مهام مُجدوَلة (9 مهمة):
     • research: {'times_per_day': 2} | آخر تشغيل: لم تُشغَّل بعد
     • tactics_hall: {'times_per_day': 2} | آخر تشغيل: لم تُشغَّل بعد
     • fountain: {'times_per_day': 2} | آخر تشغيل: لم تُشغَّل بعد
     • material_workshop: {'times_per_day': 2} | آخر تشغيل: لم تُشغَّل بعد
     • caravan: {'times_per_day': 2} | آخر تشغيل: لم تُشغَّل بعد
     • port_delegate: {'times_per_day': 3} | آخر تشغيل: لم تُشغَّل بعد
     • savings_bank: {'times_per_day': 1} | آخر تشغيل: لم تُشغَّل بعد
     • building: {'times_per_day': 1} | آخر تشغيل: لم تُشغَّل بعد
     • prestige: {'hours': [3]} | آخر تشغيل: لم تُشغَّل بعد
[2026-09-12 20:37:37][INFO] 🔄 دورة رقم #1 — بدأت 2026-09-12 20:37:37
[2026-09-12 20:37:37][INFO] 🔐 [تسجيل الدخول] بدء الاتصال بالحساب: johan2003@yopmail.com...
[2026-09-12 20:37:38][INFO] 📋 تم تحميل 16 حساب من session_cache.json
[2026-09-12 20:37:38][INFO] ✅ تم تحميل إعدادات Firebase من: E:\osmanli\.bot_config_e4tWS8v10m2nDHyzad0M.json
[2026-09-12 20:37:38][INFO] 📋 تم تحميل 16 حساب من session_cache.json
[2026-09-12 20:37:38][INFO] 🔁 وضع التشغيل المستمر نشط — دورة كل 90 دقيقة
[2026-09-12 20:37:38][INFO]   📅 مهام مُجدوَلة (9 مهمة):
     • research: {'times_per_day': 2} | آخر تشغيل: لم تُشغَّل بعد
     • tactics_hall: {'times_per_day': 2} | آخر تشغيل: لم تُشغَّل بعد
     • fountain: {'times_per_day': 2} | آخر تشغيل: لم تُشغَّل بعد
     • material_workshop: {'times_per_day': 2} | آخر تشغيل: لم تُشغَّل بعد
     • caravan: {'times_per_day': 2} | آخر تشغيل: لم تُشغَّل بعد
     • port_delegate: {'times_per_day': 3} | آخر تشغيل: لم تُشغَّل بعد
     • savings_bank: {'times_per_day': 1} | آخر تشغيل: لم تُشغَّل بعد
     • building: {'times_per_day': 1} | آخر تشغيل: لم تُشغَّل بعد
     • prestige: {'hours': [3]} | آخر تشغيل: لم تُشغَّل بعد
[2026-09-12 20:37:38][INFO] 🔄 دورة رقم #1 — بدأت 2026-09-12 20:37:38
[2026-09-12 20:37:38][INFO] 🔐 [تسجيل الدخول] بدء الاتصال بالحساب: johan2003@yopmail.com...
[2026-09-12 20:37:38][INFO]   Challenge: kvidon2Jrss=
[2026-09-12 20:37:38][INFO]   ClientKey sent: 7CbcWf3pYy0=
[2026-09-12 20:37:38][INFO] ✅ [تسجيل الدخول] تم الاتصال والمصافحة بنجاح 100%!
[2026-09-12 20:37:38][INFO] 🔍 [الاستعلام الشامل] جلب كافة بيانات ومعلومات الحساب من السيرفر...
[2026-09-12 20:37:38][WARNING] ⚠️ تم رصد انقطاع الاتصال قبل بدء المهمة [🌾 حصد مزارع المدينة (City Harvest)] (السبب: دخول شخص آخر إلى الحساب (Other Device Login))
[2026-09-12 20:37:38][WARNING] ⚠️ [انقطاع الاتصال] تم رصد انقطاع الاتصال بالحساب (السبب: دخول شخص آخر إلى الحساب (Other Device Login))!
[2026-09-12 20:37:38][WARNING] ⏳ سيتوقف البوت مؤقتاً وينتظر 60 ثانية (دقيقة واحدة) لإفساح المجال ثم إعادة الدخول...
[2026-09-12 20:37:38][INFO] ⏳ [المحاولة 1/10] انتظار 60 ثانية (دقيقة واحدة)...
[2026-09-12 20:37:38][INFO] ⏳ متبقي على إعادة محاولة الدخول: 60 ثانية...
[2026-09-12 20:37:38][INFO] 📋 تم تحميل 16 حساب من session_cache.json
[2026-09-12 20:37:38][INFO] ✅ تم تحميل إعدادات Firebase من: E:\osmanli\.bot_config_e4tWS8v10m2nDHyzad0M.json
[2026-09-12 20:37:38][INFO] 📋 تم تحميل 16 حساب من session_cache.json
[2026-09-12 20:37:38][INFO] 🔁 وضع التشغيل المستمر نشط — دورة كل 90 دقيقة
[2026-09-12 20:37:38][INFO]   📅 مهام مُجدوَلة (9 مهمة):
     • research: {'times_per_day': 2} | آخر تشغيل: لم تُشغَّل بعد
     • tactics_hall: {'times_per_day': 2} | آخر تشغيل: لم تُشغَّل بعد
     • fountain: {'times_per_day': 2} | آخر تشغيل: لم تُشغَّل بعد
     • material_workshop: {'times_per_day': 2} | آخر تشغيل: لم تُشغَّل بعد
     • caravan: {'times_per_day': 2} | آخر تشغيل: لم تُشغَّل بعد
     • port_delegate: {'times_per_day': 3} | آخر تشغيل: لم تُشغَّل بعد
     • savings_bank: {'times_per_day': 1} | آخر تشغيل: لم تُشغَّل بعد
     • building: {'times_per_day': 1} | آخر تشغيل: لم تُشغَّل بعد
     • prestige: {'hours': [3]} | آخر تشغيل: لم تُشغَّل بعد
[2026-09-12 20:37:38][INFO] 🔄 دورة رقم #1 — بدأت 2026-09-12 20:37:38
[2026-09-12 20:37:38][INFO] 🔐 [تسجيل الدخول] بدء الاتصال بالحساب: johan2003@yopmail.com...
[2026-09-12 20:37:38][INFO] Login Server: 119.8.212.255:10000
[2026-09-12 20:37:38][INFO] Login Server: 119.8.212.255:10000
[2026-09-12 20:37:38][INFO]   ServerKey: j/e7EfM5sts=
[2026-09-12 20:37:38][INFO]   Secret: a26f7ad53300f878
[2026-09-12 20:37:38][INFO]   HMAC sent: pC7l2kZMidA=
[2026-09-12 20:37:38][INFO] Login Server: 119.8.212.255:10000
[2026-09-12 20:37:38][INFO] DH Handshake...
[2026-09-12 20:37:38][INFO] DH Handshake...
[2026-09-12 20:37:38][INFO]   Handshake resp: 200 challenge success
[2026-09-12 20:37:38][INFO]   Token sent
[2026-09-12 20:37:38][INFO]   Challenge: dWUuj5F8Zmo=
[2026-09-12 20:37:38][INFO]   ClientKey sent: sDSpDbp0pPI=
[2026-09-12 20:37:38][INFO]   Challenge: i+JV6Kon4hU=
[2026-09-12 20:37:38][INFO]   ClientKey sent: j3o1CG+FoEc=
[2026-09-12 20:37:38][INFO]   ServerKey: fhOtBN7qChY=
[2026-09-12 20:37:38][INFO]   Secret: de350b5a9198ba10
[2026-09-12 20:37:38][INFO]   HMAC sent: 6o9GYsEZ9oc=
[2026-09-12 20:37:38][INFO]   Challenge: 1zilgl+Hl9Q=
[2026-09-12 20:37:38][INFO]   ServerKey: PCs3WPkubrc=
[2026-09-12 20:37:38][INFO]   Secret: 757480d3ef6f8034
[2026-09-12 20:37:38][INFO]   ClientKey sent: 2ggdSLUY+VM=
[2026-09-12 20:37:38][INFO]   HMAC sent: 50I/2ycl61M=
[2026-09-12 20:37:38][INFO]   Handshake resp: 200 challenge success
[2026-09-12 20:37:38][INFO]   Handshake resp: 200 challenge success
[2026-09-12 20:37:38][INFO]   ServerKey: /UqsE6zwwno=
[2026-09-12 20:37:38][INFO]   Secret: 3d009b8d44ebac8c
[2026-09-12 20:37:38][INFO]   HMAC sent: +N0EiBZD+KI=
[2026-09-12 20:37:38][INFO]   Token sent
[2026-09-12 20:37:38][INFO]   Token sent
[2026-09-12 20:37:38][INFO]   Handshake resp: 200 challenge success
[2026-09-12 20:37:38][INFO]   Auth resp: 200 TWpVNUBhMjlvWDJkaGJXVmZNalk9QE1URTVMamd1TWpFekxqRXpNUT09QE5EQXdNQT09QE1qZ3hOakE1QE1UQTJNREEzTkRN
[2026-09-12 20:37:38][INFO]   Gate: 119.8.213.131:4000
[2026-09-12 20:37:38][INFO]   UID: 10600743 Server: koh_game_26
[2026-09-12 20:37:38][INFO] [Login] ✓ johan2003@yopmail.com → Gate 119.8.213.131:4000 uid=10600743
[2026-09-12 20:37:38][INFO]   Token sent
[2026-09-12 20:37:38][INFO]   Auth resp: 406 Not Acceptable
[2026-09-12 20:37:38][ERROR] [Login] johan2003@yopmail.com: SDK token error - sessionId منتهي الصلاحية
[2026-09-12 20:37:38][ERROR] ❌ [تسجيل الدخول] فشل الاتصال بالحساب johan2003@yopmail.com!
[2026-09-12 20:37:38][INFO] 🔒 تم إغلاق اتصال الحساب johan2003@yopmail.com بأمان.
[2026-09-12 20:37:38][INFO] ✅ انتهت الدورة #1 في 1ث — الدورة القادمة الساعة: 22:07:38
[2026-09-12 20:37:38][INFO] 💤 انتظار 90.0 دقيقة...
[2026-09-12 20:37:38][INFO] ✅ [تسجيل الدخول] تم الاتصال والمصافحة بنجاح 100%!
[2026-09-12 20:37:38][INFO] 🔍 [الاستعلام الشامل] جلب كافة بيانات ومعلومات الحساب من السيرفر...
[2026-09-12 20:37:38][WARNING] ⚠️ تم رصد انقطاع الاتصال قبل بدء المهمة [🌾 حصد مزارع المدينة (City Harvest)] (السبب: انقطاع اتصال: connection_lost)
[2026-09-12 20:37:38][WARNING] ⚠️ [انقطاع الاتصال] تم رصد انقطاع الاتصال بالحساب (السبب: انقطاع اتصال: connection_lost)!
[2026-09-12 20:37:38][WARNING] ⏳ سيتوقف البوت مؤقتاً وينتظر 60 ثانية (دقيقة واحدة) لإفساح المجال ثم إعادة الدخول...
[2026-09-12 20:37:38][INFO] ⏳ [المحاولة 1/10] انتظار 60 ثانية (دقيقة واحدة)...
[2026-09-12 20:37:38][INFO] ⏳ متبقي على إعادة محاولة الدخول: 60 ثانية...
[2026-09-12 20:37:38][INFO]   Auth resp: 406 Not Acceptable
[2026-09-12 20:37:38][ERROR] [Login] johan2003@yopmail.com: SDK token error - sessionId منتهي الصلاحية
[2026-09-12 20:37:38][ERROR] ❌ [تسجيل الدخول] فشل الاتصال بالحساب johan2003@yopmail.com!
[2026-09-12 20:37:38][INFO] 🔒 تم إغلاق اتصال الحساب johan2003@yopmail.com بأمان.
[2026-09-12 20:37:38][INFO] ✅ انتهت الدورة #1 في 1ث — الدورة القادمة الساعة: 22:07:38
[2026-09-12 20:37:38][INFO] 💤 انتظار 90.0 دقيقة...
[2026-09-12 20:37:38][ERROR] [Gate] Handshake failed: b'404 User Not Found'
[2026-09-12 20:37:38][ERROR] ❌ [تسجيل الدخول] فشل الاتصال بالحساب johan2003@yopmail.com!
[2026-09-12 20:37:38][INFO] 🔒 تم إغلاق اتصال الحساب johan2003@yopmail.com بأمان.
[2026-09-12 20:37:38][INFO] ✅ انتهت الدورة #1 في 1ث — الدورة القادمة الساعة: 22:07:37
[2026-09-12 20:37:38][INFO] 💤 انتظار 90.0 دقيقة...
[2026-09-12 20:37:39][WARNING] [Gate] ⚠️ انقطع الاتصال بالحساب (السبب: other_device)
[2026-09-12 20:37:39][WARNING] ⚠️ [تنبيه السيرفر] انقطع اتصال الحساب johan2003@yopmail.com (السبب: other_device)
[2026-09-12 20:37:39][INFO] ✅ [تسجيل الدخول] تم الاتصال والمصافحة بنجاح 100%!
[2026-09-12 20:37:39][INFO] 🔍 [الاستعلام الشامل] جلب كافة بيانات ومعلومات الحساب من السيرفر...
[2026-09-12 20:37:39][WARNING] ⚠️ تم رصد انقطاع الاتصال قبل بدء المهمة [🌾 حصد مزارع المدينة (City Harvest)] (السبب: دخول شخص آخر إلى الحساب (Other Device Login))
[2026-09-12 20:37:39][WARNING] ⚠️ [انقطاع الاتصال] تم رصد انقطاع الاتصال بالحساب (السبب: دخول شخص آخر إلى الحساب (Other Device Login))!
[2026-09-12 20:37:39][WARNING] ⏳ سيتوقف البوت مؤقتاً وينتظر 60 ثانية (دقيقة واحدة) لإفساح المجال ثم إعادة الدخول...
[2026-09-12 20:37:39][INFO] ⏳ [المحاولة 1/10] انتظار 60 ثانية (دقيقة واحدة)...
[2026-09-12 20:37:39][INFO] ⏳ متبقي على إعادة محاولة الدخول: 60 ثانية...
[2026-09-12 20:37:39][INFO]   Auth resp: 200 TWpVNUBhMjlvWDJkaGJXVmZNalk9QE1URTVMamd1TWpFekxqRXpNUT09QE5EQXdNQT09QE1qZ3hOakV4QE1UQTJNREEzTkRN
[2026-09-12 20:37:39][INFO]   Gate: 119.8.213.131:4000
[2026-09-12 20:37:39][INFO]   UID: 10600743 Server: koh_game_26
[2026-09-12 20:37:39][INFO] [Login] ✓ johan2003@yopmail.com → Gate 119.8.213.131:4000 uid=10600743
[2026-09-12 20:37:39][INFO] 📋 تم تحميل 16 حساب من session_cache.json
[2026-09-12 20:37:39][INFO] [Gate] ✓ 119.8.213.131:4000 uid=10600743
[2026-09-12 20:37:39][INFO] ⏳ انتظار مزامنة الحزم الأولية من السيرفر...
[2026-09-12 20:37:39][INFO] ✅ تم تحميل إعدادات Firebase من: E:\osmanli\.bot_config_e4tWS8v10m2nDHyzad0M.json
[2026-09-12 20:37:39][INFO] 📋 تم تحميل 16 حساب من session_cache.json
[2026-09-12 20:37:39][INFO] 🔁 وضع التشغيل المستمر نشط — دورة كل 90 دقيقة
[2026-09-12 20:37:39][INFO]   📅 مهام مُجدوَلة (9 مهمة):
     • research: {'times_per_day': 2} | آخر تشغيل: لم تُشغَّل بعد
     • tactics_hall: {'times_per_day': 2} | آخر تشغيل: لم تُشغَّل بعد
     • fountain: {'times_per_day': 2} | آخر تشغيل: لم تُشغَّل بعد
     • material_workshop: {'times_per_day': 2} | آخر تشغيل: لم تُشغَّل بعد
     • caravan: {'times_per_day': 2} | آخر تشغيل: لم تُشغَّل بعد
     • port_delegate: {'times_per_day': 3} | آخر تشغيل: لم تُشغَّل بعد
     • savings_bank: {'times_per_day': 1} | آخر تشغيل: لم تُشغَّل بعد
     • building: {'times_per_day': 1} | آخر تشغيل: لم تُشغَّل بعد
     • prestige: {'hours': [3]} | آخر تشغيل: لم تُشغَّل بعد
[2026-09-12 20:37:39][INFO] 🔄 دورة رقم #1 — بدأت 2026-09-12 20:37:39
[2026-09-12 20:37:39][INFO] 🔐 [تسجيل الدخول] بدء الاتصال بالحساب: johan2003@yopmail.com...
[2026-09-12 20:37:39][INFO] Login Server: 119.8.212.255:10000
[2026-09-12 20:37:39][INFO] ⏳ متبقي على إعادة محاولة الدخول: 45 ثانية...
[2026-09-12 20:37:39][INFO] DH Handshake...
[2026-09-12 20:37:39][INFO] 📋 تم تحميل 16 حساب من session_cache.json
[2026-09-12 20:37:39][INFO] ✅ تم تحميل إعدادات Firebase من: E:\osmanli\.bot_config_e4tWS8v10m2nDHyzad0M.json
[2026-09-12 20:37:39][INFO] 📋 تم تحميل 16 حساب من session_cache.json
[2026-09-12 20:37:39][INFO] 🔁 وضع التشغيل المستمر نشط — دورة كل 90 دقيقة
[2026-09-12 20:37:39][INFO]   📅 مهام مُجدوَلة (9 مهمة):
     • research: {'times_per_day': 2} | آخر تشغيل: لم تُشغَّل بعد
     • tactics_hall: {'times_per_day': 2} | آخر تشغيل: لم تُشغَّل بعد
     • fountain: {'times_per_day': 2} | آخر تشغيل: لم تُشغَّل بعد
     • material_workshop: {'times_per_day': 2} | آخر تشغيل: لم تُشغَّل بعد
     • caravan: {'times_per_day': 2} | آخر تشغيل: لم تُشغَّل بعد
     • port_delegate: {'times_per_day': 3} | آخر تشغيل: لم تُشغَّل بعد
     • savings_bank: {'times_per_day': 1} | آخر تشغيل: لم تُشغَّل بعد
     • building: {'times_per_day': 1} | آخر تشغيل: لم تُشغَّل بعد
     • prestige: {'hours': [3]} | آخر تشغيل: لم تُشغَّل بعد
[2026-09-12 20:37:39][INFO] 🔄 دورة رقم #1 — بدأت 2026-09-12 20:37:39
[2026-09-12 20:37:39][INFO] 🔐 [تسجيل الدخول] بدء الاتصال بالحساب: johan2003@yopmail.com...
[2026-09-12 20:37:39][INFO]   Challenge: 6AWs6mXbbiQ=
[2026-09-12 20:37:39][INFO]   ClientKey sent: lvLteW/O6FQ=
[2026-09-12 20:37:39][INFO] 📋 تم تحميل 16 حساب من session_cache.json
[2026-09-12 20:37:39][INFO] Login Server: 119.8.212.255:10000
[2026-09-12 20:37:39][INFO] ✅ تم تحميل إعدادات Firebase من: E:\osmanli\.bot_config_e4tWS8v10m2nDHyzad0M.json
[2026-09-12 20:37:39][INFO] 📋 تم تحميل 16 حساب من session_cache.json
[2026-09-12 20:37:39][INFO] 🔁 وضع التشغيل المستمر نشط — دورة كل 90 دقيقة
[2026-09-12 20:37:39][INFO]   📅 مهام مُجدوَلة (9 مهمة):
     • research: {'times_per_day': 2} | آخر تشغيل: لم تُشغَّل بعد
     • tactics_hall: {'times_per_day': 2} | آخر تشغيل: لم تُشغَّل بعد
     • fountain: {'times_per_day': 2} | آخر تشغيل: لم تُشغَّل بعد
     • material_workshop: {'times_per_day': 2} | آخر تشغيل: لم تُشغَّل بعد
     • caravan: {'times_per_day': 2} | آخر تشغيل: لم تُشغَّل بعد
     • port_delegate: {'times_per_day': 3} | آخر تشغيل: لم تُشغَّل بعد
     • savings_bank: {'times_per_day': 1} | آخر تشغيل: لم تُشغَّل بعد
     • building: {'times_per_day': 1} | آخر تشغيل: لم تُشغَّل بعد
     • prestige: {'hours': [3]} | آخر تشغيل: لم تُشغَّل بعد
[2026-09-12 20:37:39][INFO] 🔄 دورة رقم #1 — بدأت 2026-09-12 20:37:39
[2026-09-12 20:37:39][INFO] 🔐 [تسجيل الدخول] بدء الاتصال بالحساب: johan2003@yopmail.com...
[2026-09-12 20:37:39][INFO]   ServerKey: zB2qTfTqWdo=
[2026-09-12 20:37:39][INFO]   Secret: 9d1978fd92610dfd
[2026-09-12 20:37:39][INFO]   HMAC sent: ZxZVzTpt5QA=
[2026-09-12 20:37:39][INFO] Login Server: 119.8.212.255:10000
[2026-09-12 20:37:39][INFO] 📋 تم تحميل 16 حساب من session_cache.json
[2026-09-12 20:37:39][INFO] ✅ تم تحميل إعدادات Firebase من: E:\osmanli\.bot_config_e4tWS8v10m2nDHyzad0M.json
[2026-09-12 20:37:39][INFO] 📋 تم تحميل 16 حساب من session_cache.json
[2026-09-12 20:37:39][INFO] 🔁 وضع التشغيل المستمر نشط — دورة كل 90 دقيقة
[2026-09-12 20:37:39][INFO]   📅 مهام مُجدوَلة (9 مهمة):
     • research: {'times_per_day': 2} | آخر تشغيل: لم تُشغَّل بعد
     • tactics_hall: {'times_per_day': 2} | آخر تشغيل: لم تُشغَّل بعد
     • fountain: {'times_per_day': 2} | آخر تشغيل: لم تُشغَّل بعد
     • material_workshop: {'times_per_day': 2} | آخر تشغيل: لم تُشغَّل بعد
     • caravan: {'times_per_day': 2} | آخر تشغيل: لم تُشغَّل بعد
     • port_delegate: {'times_per_day': 3} | آخر تشغيل: لم تُشغَّل بعد
     • savings_bank: {'times_per_day': 1} | آخر تشغيل: لم تُشغَّل بعد
     • building: {'times_per_day': 1} | آخر تشغيل: لم تُشغَّل بعد
     • prestige: {'hours': [3]} | آخر تشغيل: لم تُشغَّل بعد
[2026-09-12 20:37:39][INFO] 🔄 دورة رقم #1 — بدأت 2026-09-12 20:37:39
[2026-09-12 20:37:39][INFO] 🔐 [تسجيل الدخول] بدء الاتصال بالحساب: johan2003@yopmail.com...
[2026-09-12 20:37:39][INFO] 📋 تم تحميل 16 حساب من session_cache.json
[2026-09-12 20:37:39][INFO] ✅ تم تحميل إعدادات Firebase من: E:\osmanli\.bot_config_e4tWS8v10m2nDHyzad0M.json
[2026-09-12 20:37:39][INFO] 📋 تم تحميل 16 حساب من session_cache.json
[2026-09-12 20:37:39][INFO] 🔁 وضع التشغيل المستمر نشط — دورة كل 90 دقيقة
[2026-09-12 20:37:39][INFO]   📅 مهام مُجدوَلة (9 مهمة):
     • research: {'times_per_day': 2} | آخر تشغيل: لم تُشغَّل بعد
     • tactics_hall: {'times_per_day': 2} | آخر تشغيل: لم تُشغَّل بعد
     • fountain: {'times_per_day': 2} | آخر تشغيل: لم تُشغَّل بعد
     • material_workshop: {'times_per_day': 2} | آخر تشغيل: لم تُشغَّل بعد
     • caravan: {'times_per_day': 2} | آخر تشغيل: لم تُشغَّل بعد
     • port_delegate: {'times_per_day': 3} | آخر تشغيل: لم تُشغَّل بعد
     • savings_bank: {'times_per_day': 1} | آخر تشغيل: لم تُشغَّل بعد
     • building: {'times_per_day': 1} | آخر تشغيل: لم تُشغَّل بعد
     • prestige: {'hours': [3]} | آخر تشغيل: لم تُشغَّل بعد
[2026-09-12 20:37:39][INFO] 🔄 دورة رقم #1 — بدأت 2026-09-12 20:37:39
[2026-09-12 20:37:39][INFO] 🔐 [تسجيل الدخول] بدء الاتصال بالحساب: johan2003@yopmail.com...
[2026-09-12 20:37:39][INFO] DH Handshake...
[2026-09-12 20:37:39][INFO] Login Server: 119.8.212.255:10000
[2026-09-12 20:37:39][INFO]   Handshake resp: 200 challenge success
[2026-09-12 20:37:39][INFO] DH Handshake...
[2026-09-12 20:37:39][INFO]   Token sent
[2026-09-12 20:37:40][INFO] Login Server: 119.8.212.255:10000
[2026-09-12 20:37:40][INFO] 📋 تم تحميل 16 حساب من session_cache.json
[2026-09-12 20:37:40][INFO]   Challenge: IEvGKgkzQXs=
[2026-09-12 20:37:40][INFO]   ClientKey sent: zQ4PLLrowyg=
[2026-09-12 20:37:40][INFO] DH Handshake...
[2026-09-12 20:37:40][INFO]   Challenge: Zdq2IiyN6Jw=
[2026-09-12 20:37:40][INFO]   ClientKey sent: vTx2FsZ0Hhw=
[2026-09-12 20:37:40][INFO] DH Handshake...
[2026-09-12 20:37:40][INFO] ✅ تم تحميل إعدادات Firebase من: E:\osmanli\.bot_config_e4tWS8v10m2nDHyzad0M.json
[2026-09-12 20:37:40][INFO] 📋 تم تحميل 16 حساب من session_cache.json
[2026-09-12 20:37:40][INFO] 🔁 وضع التشغيل المستمر نشط — دورة كل 90 دقيقة
[2026-09-12 20:37:40][INFO]   📅 مهام مُجدوَلة (9 مهمة):
     • research: {'times_per_day': 2} | آخر تشغيل: لم تُشغَّل بعد
     • tactics_hall: {'times_per_day': 2} | آخر تشغيل: لم تُشغَّل بعد
     • fountain: {'times_per_day': 2} | آخر تشغيل: لم تُشغَّل بعد
     • material_workshop: {'times_per_day': 2} | آخر تشغيل: لم تُشغَّل بعد
     • caravan: {'times_per_day': 2} | آخر تشغيل: لم تُشغَّل بعد
     • port_delegate: {'times_per_day': 3} | آخر تشغيل: لم تُشغَّل بعد
     • savings_bank: {'times_per_day': 1} | آخر تشغيل: لم تُشغَّل بعد
     • building: {'times_per_day': 1} | آخر تشغيل: لم تُشغَّل بعد
     • prestige: {'hours': [3]} | آخر تشغيل: لم تُشغَّل بعد
[2026-09-12 20:37:40][INFO] 🔄 دورة رقم #1 — بدأت 2026-09-12 20:37:40
[2026-09-12 20:37:40][INFO] 🔐 [تسجيل الدخول] بدء الاتصال بالحساب: johan2003@yopmail.com...
[2026-09-12 20:37:40][INFO] 📋 تم تحميل 16 حساب من session_cache.json
[2026-09-12 20:37:40][INFO]   Challenge: iEjWukEUHxs=
[2026-09-12 20:37:40][INFO]   ClientKey sent: sMBTDio3I2w=
[2026-09-12 20:37:40][INFO]   ServerKey: 8cwgTyZYt/U=
[2026-09-12 20:37:40][INFO]   Secret: 4461aca7b014c6ce
[2026-09-12 20:37:40][INFO]   HMAC sent: IhPAbc3S96I=
[2026-09-12 20:37:40][INFO]   Challenge: qqJ+3eT5fSg=
[2026-09-12 20:37:40][INFO]   ClientKey sent: P7+6ph77UeQ=
[2026-09-12 20:37:40][INFO]   ServerKey: HVC32DEj9NI=
[2026-09-12 20:37:40][INFO]   Secret: b73f261e9a3269ea
[2026-09-12 20:37:40][INFO]   HMAC sent: Pwa5BWR403w=
[2026-09-12 20:37:40][INFO] ✅ تم تحميل إعدادات Firebase من: E:\osmanli\.bot_config_e4tWS8v10m2nDHyzad0M.json
[2026-09-12 20:37:40][INFO] 📋 تم تحميل 16 حساب من session_cache.json
[2026-09-12 20:37:40][INFO] 🔁 وضع التشغيل المستمر نشط — دورة كل 90 دقيقة
[2026-09-12 20:37:40][INFO]   📅 مهام مُجدوَلة (9 مهمة):
     • research: {'times_per_day': 2} | آخر تشغيل: لم تُشغَّل بعد
     • tactics_hall: {'times_per_day': 2} | آخر تشغيل: لم تُشغَّل بعد
     • fountain: {'times_per_day': 2} | آخر تشغيل: لم تُشغَّل بعد
     • material_workshop: {'times_per_day': 2} | آخر تشغيل: لم تُشغَّل بعد
     • caravan: {'times_per_day': 2} | آخر تشغيل: لم تُشغَّل بعد
     • port_delegate: {'times_per_day': 3} | آخر تشغيل: لم تُشغَّل بعد
     • savings_bank: {'times_per_day': 1} | آخر تشغيل: لم تُشغَّل بعد
     • building: {'times_per_day': 1} | آخر تشغيل: لم تُشغَّل بعد
     • prestige: {'hours': [3]} | آخر تشغيل: لم تُشغَّل بعد
[2026-09-12 20:37:40][INFO] 🔄 دورة رقم #1 — بدأت 2026-09-12 20:37:40
[2026-09-12 20:37:40][INFO] 🔐 [تسجيل الدخول] بدء الاتصال بالحساب: johan2003@yopmail.com...
[2026-09-12 20:37:40][INFO] Login Server: 119.8.212.255:10000
[2026-09-12 20:37:40][INFO] Login Server: 119.8.212.255:10000
[2026-09-12 20:37:40][INFO]   Handshake resp: 200 challenge success
[2026-09-12 20:37:40][INFO]   ServerKey: fE8OkgZSMr0=
[2026-09-12 20:37:40][INFO]   Handshake resp: 200 challenge success
[2026-09-12 20:37:40][INFO]   Secret: 671b5a646a2b9342
[2026-09-12 20:37:40][INFO]   HMAC sent: UA73xQhdSrI=
[2026-09-12 20:37:40][INFO]   ServerKey: WjLeFHVoT7o=
[2026-09-12 20:37:40][INFO]   Secret: e6351408c2abc9ba
[2026-09-12 20:37:40][INFO]   HMAC sent: +9zMg8A+Ie0=
[2026-09-12 20:37:40][INFO] ✅ [تسجيل الدخول] تم الاتصال والمصافحة بنجاح 100%!
[2026-09-12 20:37:40][INFO] 🔍 [الاستعلام الشامل] جلب كافة بيانات ومعلومات الحساب من السيرفر...
[2026-09-12 20:37:40][WARNING] [Gate] ⚠️ انقطع الاتصال بالحساب (السبب: other_device)
[2026-09-12 20:37:40][WARNING] ⚠️ [تنبيه السيرفر] انقطع اتصال الحساب johan2003@yopmail.com (السبب: other_device)
[2026-09-12 20:37:40][WARNING] ⚠️ تم رصد انقطاع الاتصال قبل بدء المهمة [🌾 حصد مزارع المدينة (City Harvest)] (السبب: دخول شخص آخر إلى الحساب (Other Device Login))
[2026-09-12 20:37:40][WARNING] ⚠️ [انقطاع الاتصال] تم رصد انقطاع الاتصال بالحساب (السبب: دخول شخص آخر إلى الحساب (Other Device Login))!
[2026-09-12 20:37:40][WARNING] ⏳ سيتوقف البوت مؤقتاً وينتظر 60 ثانية (دقيقة واحدة) لإفساح المجال ثم إعادة الدخول...
[2026-09-12 20:37:40][INFO] ⏳ [المحاولة 1/10] انتظار 60 ثانية (دقيقة واحدة)...
[2026-09-12 20:37:40][INFO] ⏳ متبقي على إعادة محاولة الدخول: 60 ثانية...
[2026-09-12 20:37:40][INFO]   Token sent
[2026-09-12 20:37:40][INFO] DH Handshake...
[2026-09-12 20:37:40][INFO]   Auth resp: 200 TWpVNUBhMjlvWDJkaGJXVmZNalk9QE1URTVMamd1TWpFekxqRXpNUT09QE5EQXdNQT09QE1qZ3hOakV5QE1UQTJNREEzTkRN
[2026-09-12 20:37:40][INFO]   Gate: 119.8.213.131:4000
[2026-09-12 20:37:40][INFO]   UID: 10600743 Server: koh_game_26
[2026-09-12 20:37:40][INFO] [Login] ✓ johan2003@yopmail.com → Gate 119.8.213.131:4000 uid=10600743
[2026-09-12 20:37:40][INFO] DH Handshake...
[2026-09-12 20:37:40][INFO]   Handshake resp: 200 challenge success
[2026-09-12 20:37:40][INFO]   Handshake resp: 200 challenge success
[2026-09-12 20:37:40][INFO]   Challenge: gzO5sNUScVo=
[2026-09-12 20:37:40][INFO]   ClientKey sent: zjYg3fDEKsA=
[2026-09-12 20:37:40][INFO]   Token sent
[2026-09-12 20:37:40][INFO]   Challenge: dkwMvP0s96M=
[2026-09-12 20:37:40][INFO]   ClientKey sent: JAHr6HWxqso=
[2026-09-12 20:37:40][INFO] 📋 تم تحميل 16 حساب من session_cache.json
[2026-09-12 20:37:40][INFO]   Token sent
[2026-09-12 20:37:40][INFO] ✅ تم تحميل إعدادات Firebase من: E:\osmanli\.bot_config_e4tWS8v10m2nDHyzad0M.json
[2026-09-12 20:37:40][INFO] 📋 تم تحميل 16 حساب من session_cache.json
[2026-09-12 20:37:40][INFO] 🔁 وضع التشغيل المستمر نشط — دورة كل 90 دقيقة
[2026-09-12 20:37:40][INFO]   📅 مهام مُجدوَلة (9 مهمة):
     • research: {'times_per_day': 2} | آخر تشغيل: لم تُشغَّل بعد
     • tactics_hall: {'times_per_day': 2} | آخر تشغيل: لم تُشغَّل بعد
     • fountain: {'times_per_day': 2} | آخر تشغيل: لم تُشغَّل بعد
     • material_workshop: {'times_per_day': 2} | آخر تشغيل: لم تُشغَّل بعد
     • caravan: {'times_per_day': 2} | آخر تشغيل: لم تُشغَّل بعد
     • port_delegate: {'times_per_day': 3} | آخر تشغيل: لم تُشغَّل بعد
     • savings_bank: {'times_per_day': 1} | آخر تشغيل: لم تُشغَّل بعد
     • building: {'times_per_day': 1} | آخر تشغيل: لم تُشغَّل بعد
     • prestige: {'hours': [3]} | آخر تشغيل: لم تُشغَّل بعد
[2026-09-12 20:37:40][INFO] 🔄 دورة رقم #1 — بدأت 2026-09-12 20:37:40
[2026-09-12 20:37:40][INFO] 🔐 [تسجيل الدخول] بدء الاتصال بالحساب: johan2003@yopmail.com...
[2026-09-12 20:37:40][INFO]   ServerKey: B1lG5QamPu4=
[2026-09-12 20:37:40][INFO]   Secret: 50d5157eac1c6406
[2026-09-12 20:37:40][INFO]   HMAC sent: lxO0L3W/ovs=
[2026-09-12 20:37:40][INFO]   Auth resp: 406 Not Acceptable
[2026-09-12 20:37:40][ERROR] [Login] johan2003@yopmail.com: SDK token error - sessionId منتهي الصلاحية
[2026-09-12 20:37:40][ERROR] ❌ [تسجيل الدخول] فشل الاتصال بالحساب johan2003@yopmail.com!
[2026-09-12 20:37:40][INFO] 🔒 تم إغلاق اتصال الحساب johan2003@yopmail.com بأمان.
[2026-09-12 20:37:40][INFO] ✅ انتهت الدورة #1 في 1ث — الدورة القادمة الساعة: 22:07:39
[2026-09-12 20:37:40][INFO] 💤 انتظار 90.0 دقيقة...
[2026-09-12 20:37:40][INFO]   ServerKey: vEDPEkRM1J8=
able
[2026-09-12 20:37:40][INFO]   Secret: 950786cad9a3b0aa
[2026-09-12 20:37:40][ERROR] [Login] johan2003@yopmail.com: SDK token error - sessionId منتهي الصلاحية
[2026-09-12 20:37:40][ERROR] ❌ [تسجيل الدخول] فشل الاتصال بالحساب johan2003@yopmail.com!
[2026-09-12 20:37:40][INFO] 🔒 تم إغلاق اتصال الحساب johan2003@yopmail.com بأمان.
[2026-09-12 20:37:40][INFO] ✅ انتهت الدورة #1 في 1ث — الدورة القادمة الساعة: 22:07:39
[2026-09-12 20:37:40][INFO] 💤 انتظار 90.0 دقيقة...
[2026-09-12 20:37:40][ERROR] [Gate] Handshake failed: b'404 User Not Found'
[2026-09-12 20:37:40][ERROR] ❌ [تسجيل الدخول] فشل الاتصال بالحساب johan2003@yopmail.com!
[2026-09-12 20:37:40][INFO] 🔒 تم إغلاق اتصال الحساب johan2003@yopmail.com بأمان.
[2026-09-12 20:37:40][INFO] ✅ انتهت الدورة #1 في 1ث — الدورة القادمة الساعة: 22:07:39
[2026-09-12 20:37:40][INFO] 💤 انتظار 90.0 دقيقة...
[2026-09-12 20:37:40][INFO] 📋 تم تحميل 16 حساب من session_cache.json
[2026-09-12 20:37:40][INFO] ✅ تم تحميل إعدادات Firebase من: E:\osmanli\.bot_config_e4tWS8v10m2nDHyzad0M.json
[2026-09-12 20:37:40][INFO] 📋 تم تحميل 16 حساب من session_cache.json
[2026-09-12 20:37:40][INFO] 🔁 وضع التشغيل المستمر نشط — دورة كل 90 دقيقة
[2026-09-12 20:37:40][INFO] Login Server: 119.8.212.255:10000
[2026-09-12 20:37:40][INFO]   📅 مهام مُجدوَلة (9 مهمة):
     • research: {'times_per_day': 2} | آخر تشغيل: لم تُشغَّل بعد
     • tactics_hall: {'times_per_day': 2} | آخر تشغيل: لم تُشغَّل بعد
     • fountain: {'times_per_day': 2} | آخر تشغيل: لم تُشغَّل بعد
     • material_workshop: {'times_per_day': 2} | آخر تشغيل: لم تُشغَّل بعد
     • caravan: {'times_per_day': 2} | آخر تشغيل: لم تُشغَّل بعد
     • port_delegate: {'times_per_day': 3} | آخر تشغيل: لم تُشغَّل بعد
     • savings_bank: {'times_per_day': 1} | آخر تشغيل: لم تُشغَّل بعد
     • building: {'times_per_day': 1} | آخر تشغيل: لم تُشغَّل بعد
     • prestige: {'hours': [3]} | آخر تشغيل: لم تُشغَّل بعد
[2026-09-12 20:37:40][INFO] 🔄 دورة رقم #1 — بدأت 2026-09-12 20:37:40
[2026-09-12 20:37:40][INFO] 🔐 [تسجيل الدخول] بدء الاتصال بالحساب: johan2003@yopmail.com...
[2026-09-12 20:37:40][INFO]   Auth resp: 200 TWpVNUBhMjlvWDJkaGJXVmZNalk9QE1URTVMamd1TWpFekxqRXpNUT09QE5EQXdNQT09QE1qZ3hOakV6QE1UQTJNREEzTkRN
[2026-09-12 20:37:40][INFO]   Gate: 119.8.213.131:4000
[2026-09-12 20:37:40][INFO]   UID: 10600743 Server: koh_game_26
[2026-09-12 20:37:40][INFO] [Login] ✓ johan2003@yopmail.com → Gate 119.8.213.131:4000 uid=10600743
[2026-09-12 20:37:40][INFO]   Token sent
[2026-09-12 20:37:40][INFO] Login Server: 119.8.212.255:10000
[2026-09-12 20:37:40][INFO]   Handshake resp: 200 challenge success
[2026-09-12 20:37:40][INFO]   Token sent
[2026-09-12 20:37:40][INFO]   Handshake resp: 200 challenge success
[2026-09-12 20:37:40][INFO] DH Handshake...
[2026-09-12 20:37:40][INFO] ✅ [تسجيل الدخول] تم الاتصال والمصافحة بنجاح 100%!
[2026-09-12 20:37:40][INFO]   Token sent
[2026-09-12 20:37:40][INFO] 🔍 [الاستعلام الشامل] جلب كافة بيانات ومعلومات الحساب من السيرفر...
[2026-09-12 20:37:40][WARNING] ⚠️ تم رصد انقطاع الاتصال قبل بدء المهمة [🌾 حصد مزارع المدينة (City Harvest)] (السبب: دخول شخص آخر إلى الحساب (Other Device Login))
[2026-09-12 20:37:40][WARNING] ⚠️ [انقطاع الاتصال] تم رصد انقطاع الاتصال بالحساب (السبب: دخول شخص آخر إلى الحساب (Other Device Login))!
[2026-09-12 20:37:40][WARNING] ⏳ سيتوقف البوت مؤقتاً وينتظر 60 ثانية (دقيقة واحدة) لإفساح المجال ثم إعادة الدخول...
[2026-09-12 20:37:40][INFO] ⏳ [المحاولة 1/10] انتظار 60 ثانية (دقيقة واحدة)...
[2026-09-12 20:37:40][INFO] ⏳ متبقي على إعادة محاولة الدخول: 60 ثانية...
[2026-09-12 20:37:41][INFO]   Auth resp: 406 Not Acceptable
[2026-09-12 20:37:41][INFO] DH Handshake...
[2026-09-12 20:37:41][ERROR] [Login] johan2003@yopmail.com: SDK token error - sessionId منتهي الصلاحية
[2026-09-12 20:37:41][ERROR] ❌ [تسجيل الدخول] فشل الاتصال بالحساب johan2003@yopmail.com!
[2026-09-12 20:37:41][INFO] 🔒 تم إغلاق اتصال الحساب johan2003@yopmail.com بأمان.
[2026-09-12 20:37:41][INFO] ✅ انتهت الدورة #1 في 1ث — الدورة القادمة الساعة: 22:07:40
[2026-09-12 20:37:41][INFO] 💤 انتظار 90.0 دقيقة...
[2026-09-12 20:37:41][INFO]   Challenge: lcNPWNPv7mE=
[2026-09-12 20:37:41][INFO]   ClientKey sent: mX8RQEjqnp0=
[2026-09-12 20:37:41][ERROR] [Gate] Handshake failed: b'404 User Not Found'
[2026-09-12 20:37:41][ERROR] ❌ [تسجيل الدخول] فشل الاتصال بالحساب johan2003@yopmail.com!
[2026-09-12 20:37:41][INFO] 🔒 تم إغلاق اتصال الحساب johan2003@yopmail.com بأمان.
[2026-09-12 20:37:41][INFO] ✅ انتهت الدورة #1 في 1ث — الدورة القادمة الساعة: 22:07:39
[2026-09-12 20:37:41][INFO] 💤 انتظار 90.0 دقيقة...
[2026-09-12 20:37:41][INFO] 📋 تم تحميل 16 حساب من session_cache.json
[2026-09-12 20:37:41][INFO]   Auth resp: 200 TWpVNUBhMjlvWDJkaGJXVmZNalk9QE1URTVMamd1TWpFekxqRXpNUT09QE5EQXdNQT09QE1qZ3hOakUwQE1UQTJNREEzTkRN
[2026-09-12 20:37:41][INFO]   Gate: 119.8.213.131:4000
[2026-09-12 20:37:41][INFO]   UID: 10600743 Server: koh_game_26
[2026-09-12 20:37:41][INFO] [Login] ✓ johan2003@yopmail.com → Gate 119.8.213.131:4000 uid=10600743
[2026-09-12 20:37:41][INFO] ✅ تم تحميل إعدادات Firebase من: E:\osmanli\.bot_config_e4tWS8v10m2nDHyzad0M.json
[2026-09-12 20:37:41][INFO] 📋 تم تحميل 16 حساب من session_cache.json
[2026-09-12 20:37:41][INFO] 🔁 وضع التشغيل المستمر نشط — دورة كل 90 دقيقة
[2026-09-12 20:37:41][INFO]   📅 مهام مُجدوَلة (9 مهمة):
     • research: {'times_per_day': 2} | آخر تشغيل: لم تُشغَّل بعد
     • tactics_hall: {'times_per_day': 2} | آخر تشغيل: لم تُشغَّل بعد
     • fountain: {'times_per_day': 2} | آخر تشغيل: لم تُشغَّل بعد
     • material_workshop: {'times_per_day': 2} | آخر تشغيل: لم تُشغَّل بعد
     • caravan: {'times_per_day': 2} | آخر تشغيل: لم تُشغَّل بعد
     • port_delegate: {'times_per_day': 3} | آخر تشغيل: لم تُشغَّل بعد
     • savings_bank: {'times_per_day': 1} | آخر تشغيل: لم تُشغَّل بعد
     • building: {'times_per_day': 1} | آخر تشغيل: لم تُشغَّل بعد
     • prestige: {'hours': [3]} | آخر تشغيل: لم تُشغَّل بعد
[2026-09-12 20:37:41][INFO] 🔄 دورة رقم #1 — بدأت 2026-09-12 20:37:41
[2026-09-12 20:37:41][INFO] 🔐 [تسجيل الدخول] بدء الاتصال بالحساب: johan2003@yopmail.com...
[2026-09-12 20:37:41][INFO]   Challenge: w+YSsUeCjek=
[2026-09-12 20:37:41][INFO]   ClientKey sent: 2RQTlMivqg0=
[2026-09-12 20:37:41][INFO] 📋 تم تحميل 16 حساب من session_cache.json
[2026-09-12 20:37:41][INFO] ✅ تم تحميل إعدادات Firebase من: E:\osmanli\.bot_config_e4tWS8v10m2nDHyzad0M.json
[2026-09-12 20:37:41][INFO] 📋 تم تحميل 16 حساب من session_cache.json
[2026-09-12 20:37:41][INFO] 🔁 وضع التشغيل المستمر نشط — دورة كل 90 دقيقة
[2026-09-12 20:37:41][INFO]   📅 مهام مُجدوَلة (9 مهمة):
     • research: {'times_per_day': 2} | آخر تشغيل: لم تُشغَّل بعد
     • tactics_hall: {'times_per_day': 2} | آخر تشغيل: لم تُشغَّل بعد
     • fountain: {'times_per_day': 2} | آخر تشغيل: لم تُشغَّل بعد
     • material_workshop: {'times_per_day': 2} | آخر تشغيل: لم تُشغَّل بعد
     • caravan: {'times_per_day': 2} | آخر تشغيل: لم تُشغَّل بعد
     • port_delegate: {'times_per_day': 3} | آخر تشغيل: لم تُشغَّل بعد
     • savings_bank: {'times_per_day': 1} | آخر تشغيل: لم تُشغَّل بعد
     • building: {'times_per_day': 1} | آخر تشغيل: لم تُشغَّل بعد
     • prestige: {'hours': [3]} | آخر تشغيل: لم تُشغَّل بعد
[2026-09-12 20:37:41][INFO] 🔄 دورة رقم #1 — بدأت 2026-09-12 20:37:41
[2026-09-12 20:37:41][INFO] 🔐 [تسجيل الدخول] بدء الاتصال بالحساب: johan2003@yopmail.com...
[2026-09-12 20:37:41][INFO]   ServerKey: 2PCwM/NPx8s=
[2026-09-12 20:37:41][INFO]   Secret: d39c33985288367e
[2026-09-12 20:37:41][INFO]   HMAC sent: YIJ4RYeEh8E=
[2026-09-12 20:37:41][INFO] Login Server: 119.8.212.255:10000
[2026-09-12 20:37:41][INFO] 📋 تم تحميل 16 حساب من session_cache.json
[2026-09-12 20:37:41][INFO] 📋 تم تحميل 16 حساب من session_cache.json
[2026-09-12 20:37:41][INFO] 🔁 وضع التشغيل المستمر نشط — دورة كل 90 دقيقة
[2026-09-12 20:37:41][INFO]   📅 مهام مُجدوَلة (10 مهمة):
     • research: {'times_per_day': 2} | آخر تشغيل: لم تُشغَّل بعد
     • tactics_hall: {'times_per_day': 2} | آخر تشغيل: لم تُشغَّل بعد
     • fountain: {'times_per_day': 2} | آخر تشغيل: لم تُشغَّل بعد
     • material_workshop: {'times_per_day': 2} | آخر تشغيل: لم تُشغَّل بعد
     • caravan: {'times_per_day': 4, 'active_window': {'from': 7, 'to': 23}} | آخر تشغيل: لم تُشغَّل بعد
     • port_delegate: {'times_per_day': 3} | آخر تشغيل: لم تُشغَّل بعد
     • savings_bank: {'times_per_day': 1} | آخر تشغيل: لم تُشغَّل بعد
     • building: {'times_per_day': 1} | آخر تشغيل: لم تُشغَّل بعد
     • prestige: {'hours': [3]} | آخر تشغيل: لم تُشغَّل بعد
     • march_manager: {'times_per_day': 4} | آخر تشغيل: لم تُشغَّل بعد
[2026-09-12 20:37:41][INFO] 🔄 دورة رقم #1 — بدأت 2026-09-12 20:37:41
[2026-09-12 20:37:41][INFO] 🔐 [تسجيل الدخول] بدء الاتصال بالحساب: johan2003@yopmail.com...
[2026-09-12 20:37:41][INFO]   ServerKey: Hncboi+3s/8=
[2026-09-12 20:37:41][INFO]   Secret: 004e60cc02ac1b63
[2026-09-12 20:37:41][INFO]   HMAC sent: Rfk1Frb9DDs=
[2026-09-12 20:37:41][INFO] Login Server: 119.8.212.255:10000
[2026-09-12 20:37:41][INFO] Login Server: 119.8.212.255:10000
[2026-09-12 20:37:41][INFO]   Handshake resp: 200 challenge success
[2026-09-12 20:37:41][INFO] DH Handshake...
[2026-09-12 20:37:41][INFO]   Token sent
[2026-09-12 20:37:41][INFO]   Handshake resp: 200 challenge success
[2026-09-12 20:37:41][INFO]   Token sent
[2026-09-12 20:37:41][INFO] DH Handshake...
[2026-09-12 20:37:41][INFO] DH Handshake...
[2026-09-12 20:37:41][INFO]   Challenge: 6cei3u5IgfY=
[2026-09-12 20:37:41][INFO]   ClientKey sent: 14pUmhHtKe8=
[2026-09-12 20:37:41][INFO]   Auth resp: 200 TWpVNUBhMjlvWDJkaGJXVmZNalk9QE1URTVMamd1TWpFekxqRXpNUT09QE5EQXdNQT09QE1qZ3hOakUxQE1UQTJNREEzTkRN
[2026-09-12 20:37:41][INFO]   Gate: 119.8.213.131:4000
[2026-09-12 20:37:41][INFO]   UID: 10600743 Server: koh_game_26
[2026-09-12 20:37:41][INFO] [Login] ✓ johan2003@yopmail.com → Gate 119.8.213.131:4000 uid=10600743
[2026-09-12 20:37:41][INFO] 📋 تم تحميل 16 حساب من session_cache.json
[2026-09-12 20:37:41][INFO] 📋 تم تحميل 16 حساب من session_cache.json
[2026-09-12 20:37:41][INFO] ✅ تم تحميل إعدادات Firebase من: E:\osmanli\.bot_config_e4tWS8v10m2nDHyzad0M.json
[2026-09-12 20:37:41][INFO] 📋 تم تحميل 16 حساب من session_cache.json
[2026-09-12 20:37:41][INFO] ✅ تم تحميل إعدادات Firebase من: E:\osmanli\.bot_config_e4tWS8v10m2nDHyzad0M.json
[2026-09-12 20:37:41][INFO] 📋 تم تحميل 16 حساب من session_cache.json
[2026-09-12 20:37:41][INFO] 🔁 وضع التشغيل المستمر نشط — دورة كل 90 دقيقة
[2026-09-12 20:37:41][INFO]   📅 مهام مُجدوَلة (9 مهمة):
     • research: {'times_per_day': 2} | آخر تشغيل: لم تُشغَّل بعد
     • tactics_hall: {'times_per_day': 2} | آخر تشغيل: لم تُشغَّل بعد
     • fountain: {'times_per_day': 2} | آخر تشغيل: لم تُشغَّل بعد
     • material_workshop: {'times_per_day': 2} | آخر تشغيل: لم تُشغَّل بعد
     • caravan: {'times_per_day': 2} | آخر تشغيل: لم تُشغَّل بعد
     • port_delegate: {'times_per_day': 3} | آخر تشغيل: لم تُشغَّل بعد
     • savings_bank: {'times_per_day': 1} | آخر تشغيل: لم تُشغَّل بعد
     • building: {'times_per_day': 1} | آخر تشغيل: لم تُشغَّل بعد
     • prestige: {'hours': [3]} | آخر تشغيل: لم تُشغَّل بعد
[2026-09-12 20:37:41][INFO] 🔄 دورة رقم #1 — بدأت 2026-09-12 20:37:41
[2026-09-12 20:37:41][INFO] 🔐 [تسجيل الدخول] بدء الاتصال بالحساب: johan2003@yopmail.com...
[2026-09-12 20:37:41][INFO] 🔁 وضع التشغيل المستمر نشط — دورة كل 90 دقيقة
[2026-09-12 20:37:41][INFO]   📅 مهام مُجدوَلة (9 مهمة):
     • research: {'times_per_day': 2} | آخر تشغيل: لم تُشغَّل بعد
     • tactics_hall: {'times_per_day': 2} | آخر تشغيل: لم تُشغَّل بعد
     • fountain: {'times_per_day': 2} | آخر تشغيل: لم تُشغَّل بعد
     • material_workshop: {'times_per_day': 2} | آخر تشغيل: لم تُشغَّل بعد
     • caravan: {'times_per_day': 2} | آخر تشغيل: لم تُشغَّل بعد
     • port_delegate: {'times_per_day': 3} | آخر تشغيل: لم تُشغَّل بعد
     • savings_bank: {'times_per_day': 1} | آخر تشغيل: لم تُشغَّل بعد
     • building: {'times_per_day': 1} | آخر تشغيل: لم تُشغَّل بعد
     • prestige: {'hours': [3]} | آخر تشغيل: لم تُشغَّل بعد
[2026-09-12 20:37:41][INFO] 🔄 دورة رقم #1 — بدأت 2026-09-12 20:37:41
[2026-09-12 20:37:41][INFO] 🔐 [تسجيل الدخول] بدء الاتصال بالحساب: johan2003@yopmail.com...
[2026-09-12 20:37:41][INFO]   Challenge: gLsz9LiWAkU=
[2026-09-12 20:37:41][INFO]   ClientKey sent: 69CP0JZO8Ko=
[2026-09-12 20:37:41][INFO]   Challenge: rnHxXKfaI0k=
[2026-09-12 20:37:41][INFO]   Auth resp: 406 Not Acceptable
[2026-09-12 20:37:41][INFO]   ClientKey sent: +T18G80AdRE=
[2026-09-12 20:37:41][ERROR] [Login] johan2003@yopmail.com: SDK token error - sessionId منتهي الصلاحية
[2026-09-12 20:37:41][INFO]   ServerKey: HdcVPw9tQSY=
[2026-09-12 20:37:41][ERROR] ❌ [تسجيل الدخول] فشل الاتصال بالحساب johan2003@yopmail.com!
[2026-09-12 20:37:41][INFO] 🔒 تم إغلاق اتصال الحساب johan2003@yopmail.com بأمان.
[2026-09-12 20:37:41][INFO]   Secret: a1e5e87b0d4f56eb
[2026-09-12 20:37:41][INFO]   HMAC sent: 9+GtqbPJP7M=
[2026-09-12 20:37:41][INFO] ✅ انتهت الدورة #1 في 1ث — الدورة القادمة الساعة: 22:07:40
[2026-09-12 20:37:41][INFO] 💤 انتظار 90.0 دقيقة...
[2026-09-12 20:37:41][INFO] Login Server: 119.8.212.255:10000
[2026-09-12 20:37:41][INFO] ⏳ متبقي على إعادة محاولة الدخول: 45 ثانية...
[2026-09-12 20:37:41][INFO] Login Server: 119.8.212.255:10000
[2026-09-12 20:37:41][INFO]   Auth resp: 200 TWpVNUBhMjlvWDJkaGJXVmZNalk9QE1URTVMamd1TWpFekxqRXpNUT09QE5EQXdNQT09QE1qZ3hOakUyQE1UQTJNREEzTkRN
[2026-09-12 20:37:41][INFO]   Gate: 119.8.213.131:4000
[2026-09-12 20:37:41][INFO]   UID: 10600743 Server: koh_game_26
[2026-09-12 20:37:41][INFO] [Login] ✓ johan2003@yopmail.com → Gate 119.8.213.131:4000 uid=10600743
[2026-09-12 20:37:41][INFO]   Handshake resp: 200 challenge success
[2026-09-12 20:37:41][INFO] DH Handshake...
[2026-09-12 20:37:41][INFO]   ServerKey: ionJvtMx8H0=
[2026-09-12 20:37:41][INFO]   Secret: 32c30d47446dab0c
[2026-09-12 20:37:41][INFO]   HMAC sent: R+/54HMSH7k=
[2026-09-12 20:37:41][INFO]   ServerKey: /9O4vpIhMNE=
[2026-09-12 20:37:41][INFO]   Secret: 920f7fe3be4fe3ba
[2026-09-12 20:37:41][INFO]   HMAC sent: 5IN6kQKJpZA=
[2026-09-12 20:37:41][ERROR] [Gate] Handshake failed: b'404 User Not Found'
[2026-09-12 20:37:41][ERROR] ❌ [تسجيل الدخول] فشل الاتصال بالحساب johan2003@yopmail.com!
[2026-09-12 20:37:41][INFO] 🔒 تم إغلاق اتصال الحساب johan2003@yopmail.com بأمان.
[2026-09-12 20:37:41][INFO] ✅ انتهت الدورة #1 في 2ث — الدورة القادمة الساعة: 22:07:40
[2026-09-12 20:37:41][INFO] 💤 انتظار 90.0 دقيقة...
[2026-09-12 20:37:41][INFO] 📋 تم تحميل 16 حساب من session_cache.json
[2026-09-12 20:37:41][INFO] DH Handshake...
[2026-09-12 20:37:41][INFO] ✅ تم تحميل إعدادات Firebase من: E:\osmanli\.bot_config_e4tWS8v10m2nDHyzad0M.json
[2026-09-12 20:37:41][INFO] 📋 تم تحميل 16 حساب من session_cache.json
[2026-09-12 20:37:41][INFO] 🔁 وضع التشغيل المستمر نشط — دورة كل 90 دقيقة
[2026-09-12 20:37:41][INFO]   📅 مهام مُجدوَلة (9 مهمة):
     • research: {'times_per_day': 2} | آخر تشغيل: لم تُشغَّل بعد
     • tactics_hall: {'times_per_day': 2} | آخر تشغيل: لم تُشغَّل بعد
     • fountain: {'times_per_day': 2} | آخر تشغيل: لم تُشغَّل بعد
     • material_workshop: {'times_per_day': 2} | آخر تشغيل: لم تُشغَّل بعد
     • caravan: {'times_per_day': 2} | آخر تشغيل: لم تُشغَّل بعد
     • port_delegate: {'times_per_day': 3} | آخر تشغيل: لم تُشغَّل بعد
     • savings_bank: {'times_per_day': 1} | آخر تشغيل: لم تُشغَّل بعد
     • building: {'times_per_day': 1} | آخر تشغيل: لم تُشغَّل بعد
     • prestige: {'hours': [3]} | آخر تشغيل: لم تُشغَّل بعد
[2026-09-12 20:37:41][INFO] 🔄 دورة رقم #1 — بدأت 2026-09-12 20:37:41
[2026-09-12 20:37:41][INFO] 🔐 [تسجيل الدخول] بدء الاتصال بالحساب: johan2003@yopmail.com...
[2026-09-12 20:37:41][INFO]   Handshake resp: 200 challenge success
[2026-09-12 20:37:41][INFO] Login Server: 119.8.212.255:10000
[2026-09-12 20:37:41][INFO]   Challenge: NslHPjFXZ6g=
[2026-09-12 20:37:41][INFO]   ClientKey sent: vX6ocSbrKdA=
[2026-09-12 20:37:41][INFO]   Handshake resp: 200 challenge success
[2026-09-12 20:37:41][INFO]   Challenge: UmagCJmMdmM=
[2026-09-12 20:37:41][INFO]   ClientKey sent: aJII5dTjuM4=
[2026-09-12 20:37:41][INFO] 📋 تم تحميل 16 حساب من session_cache.json
[2026-09-12 20:37:41][INFO] ✅ تم تحميل إعدادات Firebase من: E:\osmanli\.bot_config_e4tWS8v10m2nDHyzad0M.json
[2026-09-12 20:37:41][INFO] 📋 تم تحميل 16 حساب من session_cache.json
[2026-09-12 20:37:41][INFO] [Gate] ✓ 119.8.213.131:4000 uid=10600743
[2026-09-12 20:37:41][INFO] ⏳ انتظار مزامنة الحزم الأولية من السيرفر...
[2026-09-12 20:37:41][INFO] 📋 تم تحميل 16 حساب من session_cache.json
[2026-09-12 20:37:41][INFO] ✅ تم تحميل إعدادات Firebase من: E:\osmanli\.bot_config_e4tWS8v10m2nDHyzad0M.json
[2026-09-12 20:37:41][INFO] 🔁 وضع التشغيل المستمر نشط — دورة كل 90 دقيقة
[2026-09-12 20:37:41][INFO]   📅 مهام مُجدوَلة (9 مهمة):
     • research: {'times_per_day': 2} | آخر تشغيل: لم تُشغَّل بعد
     • tactics_hall: {'times_per_day': 2} | آخر تشغيل: لم تُشغَّل بعد
     • fountain: {'times_per_day': 2} | آخر تشغيل: لم تُشغَّل بعد
     • material_workshop: {'times_per_day': 2} | آخر تشغيل: لم تُشغَّل بعد
     • caravan: {'times_per_day': 2} | آخر تشغيل: لم تُشغَّل بعد
     • port_delegate: {'times_per_day': 3} | آخر تشغيل: لم تُشغَّل بعد
     • savings_bank: {'times_per_day': 1} | آخر تشغيل: لم تُشغَّل بعد
     • building: {'times_per_day': 1} | آخر تشغيل: لم تُشغَّل بعد
     • prestige: {'hours': [3]} | آخر تشغيل: لم تُشغَّل بعد
[2026-09-12 20:37:41][INFO] 🔄 دورة رقم #1 — بدأت 2026-09-12 20:37:41
[2026-09-12 20:37:41][INFO] 🔐 [تسجيل الدخول] بدء الاتصال بالحساب: johan2003@yopmail.com...
[2026-09-12 20:37:41][INFO] 🔁 وضع التشغيل المستمر نشط — دورة كل 90 دقيقة
[2026-09-12 20:37:41][INFO]   📅 مهام مُجدوَلة (9 مهمة):
     • research: {'times_per_day': 2} | آخر تشغيل: لم تُشغَّل بعد
     • tactics_hall: {'times_per_day': 2} | آخر تشغيل: لم تُشغَّل بعد
     • fountain: {'times_per_day': 2} | آخر تشغيل: لم تُشغَّل بعد
     • material_workshop: {'times_per_day': 2} | آخر تشغيل: لم تُشغَّل بعد
     • caravan: {'times_per_day': 2} | آخر تشغيل: لم تُشغَّل بعد
     • port_delegate: {'times_per_day': 3} | آخر تشغيل: لم تُشغَّل بعد
     • savings_bank: {'times_per_day': 1} | آخر تشغيل: لم تُشغَّل بعد
     • building: {'times_per_day': 1} | آخر تشغيل: لم تُشغَّل بعد
     • prestige: {'hours': [3]} | آخر تشغيل: لم تُشغَّل بعد
[2026-09-12 20:37:41][INFO] 🔄 دورة رقم #1 — بدأت 2026-09-12 20:37:41
[2026-09-12 20:37:41][INFO] 🔐 [تسجيل الدخول] بدء الاتصال بالحساب: johan2003@yopmail.com...
[2026-09-12 20:37:41][INFO]   Token sent
[2026-09-12 20:37:41][INFO]   Token sent
[2026-09-12 20:37:41][INFO] Login Server: 119.8.212.255:10000
[2026-09-12 20:37:41][INFO]   ServerKey: dltoRYC3qIE=
[2026-09-12 20:37:41][INFO]   Secret: a0eaff35ea25e3bb
[2026-09-12 20:37:41][INFO] DH Handshake...
[2026-09-12 20:37:41][INFO]   HMAC sent: UEfIA+DRRlM=
[2026-09-12 20:37:41][INFO]   ServerKey: vx56zNwWN1M=
[2026-09-12 20:37:41][INFO]   Secret: b8d3269dcb2d2c95
[2026-09-12 20:37:41][INFO]   HMAC sent: 0/rNMEAKzTU=
[2026-09-12 20:37:41][INFO] Login Server: 119.8.212.255:10000
[2026-09-12 20:37:42][INFO]   Token sent
[2026-09-12 20:37:42][INFO]   Auth resp: 406 Not Acceptable
[2026-09-12 20:37:42][ERROR] [Login] johan2003@yopmail.com: SDK token error - sessionId منتهي الصلاحية
[2026-09-12 20:37:42][ERROR] ❌ [تسجيل الدخول] فشل الاتصال بالحساب johan2003@yopmail.com!
[2026-09-12 20:37:42][INFO] 🔒 تم إغلاق اتصال الحساب johan2003@yopmail.com بأمان.
[2026-09-12 20:37:42][INFO] ✅ انتهت الدورة #1 في 1ث — الدورة القادمة الساعة: 22:07:41
[2026-09-12 20:37:42][INFO] 💤 انتظار 90.0 دقيقة...
[2026-09-12 20:37:42][INFO] DH Handshake...
[2026-09-12 20:37:42][INFO]   Handshake resp: 200 challenge success
[2026-09-12 20:37:42][INFO]   Challenge: 0klbSKT2Xgg=
[2026-09-12 20:37:42][INFO]   ClientKey sent: AklsKGT53oU=
[2026-09-12 20:37:42][INFO]   Handshake resp: 200 challenge success
[2026-09-12 20:37:42][INFO] DH Handshake...
[2026-09-12 20:37:42][INFO] 📋 تم تحميل 16 حساب من session_cache.json
[2026-09-12 20:37:42][INFO] 📋 تم تحميل 16 حساب من session_cache.json
[2026-09-12 20:37:42][INFO] 🔁 وضع التشغيل المستمر نشط — دورة كل 90 دقيقة
[2026-09-12 20:37:42][INFO]   📅 مهام مُجدوَلة (10 مهمة):
     • research: {'times_per_day': 2} | آخر تشغيل: لم تُشغَّل بعد
     • tactics_hall: {'times_per_day': 2} | آخر تشغيل: لم تُشغَّل بعد
     • fountain: {'times_per_day': 2} | آخر تشغيل: لم تُشغَّل بعد
     • material_workshop: {'times_per_day': 2} | آخر تشغيل: لم تُشغَّل بعد
     • caravan: {'times_per_day': 4, 'active_window': {'from': 7, 'to': 23}} | آخر تشغيل: لم تُشغَّل بعد
     • port_delegate: {'times_per_day': 3} | آخر تشغيل: لم تُشغَّل بعد
     • savings_bank: {'times_per_day': 1} | آخر تشغيل: لم تُشغَّل بعد
     • building: {'times_per_day': 1} | آخر تشغيل: لم تُشغَّل بعد
     • prestige: {'hours': [3]} | آخر تشغيل: لم تُشغَّل بعد
     • march_manager: {'times_per_day': 4} | آخر تشغيل: لم تُشغَّل بعد
[2026-09-12 20:37:42][INFO] 🔄 دورة رقم #1 — بدأت 2026-09-12 20:37:42
[2026-09-12 20:37:42][INFO] 🔐 [تسجيل الدخول] بدء الاتصال بالحساب: johan2003@yopmail.com...
[2026-09-12 20:37:42][INFO] Login Server: 119.8.212.255:10000
[2026-09-12 20:37:42][WARNING] [Gate] ⚠️ انقطع الاتصال بالحساب (السبب: other_device)
[2026-09-12 20:37:42][WARNING] ⚠️ [تنبيه السيرفر] انقطع اتصال الحساب johan2003@yopmail.com (السبب: other_device)
[2026-09-12 20:37:42][INFO]   Auth resp: 406 Not Acceptable
[2026-09-12 20:37:42][ERROR] [Login] johan2003@yopmail.com: SDK token error - sessionId منتهي الصلاحية
[2026-09-12 20:37:42][ERROR] ❌ [تسجيل الدخول] فشل الاتصال بالحساب johan2003@yopmail.com!
[2026-09-12 20:37:42][INFO] 🔒 تم إغلاق اتصال الحساب johan2003@yopmail.com بأمان.
[2026-09-12 20:37:42][INFO]   Token sent
[2026-09-12 20:37:42][INFO] ✅ انتهت الدورة #1 في 1ث — الدورة القادمة الساعة: 22:07:41
[2026-09-12 20:37:42][INFO] 💤 انتظار 90.0 دقيقة...
[2026-09-12 20:37:42][INFO]   Token sent
[2026-09-12 20:37:42][INFO]   Challenge: 4cMd5CZRNK0=
[2026-09-12 20:37:42][INFO]   ClientKey sent: WnY5QYmwtr8=
[2026-09-12 20:37:42][INFO]   ServerKey: iKUt8isqXX0=
[2026-09-12 20:37:42][INFO]   Secret: 308d67215d7f59f3
[2026-09-12 20:37:42][INFO]   HMAC sent: YExadoQczsQ=
[2026-09-12 20:37:42][INFO]   Challenge: vWmcG3HHG1I=
[2026-09-12 20:37:42][INFO]   ClientKey sent: 55OnCft+19I=
[2026-09-12 20:37:42][INFO] DH Handshake...
[2026-09-12 20:37:42][INFO]   Auth resp: 406 Not Acceptable
[2026-09-12 20:37:42][ERROR] [Login] johan2003@yopmail.com: SDK token error - sessionId منتهي الصلاحية
[2026-09-12 20:37:42][ERROR] ❌ [تسجيل الدخول] فشل الاتصال بالحساب johan2003@yopmail.com!
[2026-09-12 20:37:42][INFO] 🔒 تم إغلاق اتصال الحساب johan2003@yopmail.com بأمان.
[2026-09-12 20:37:42][INFO] ✅ انتهت الدورة #1 في 1ث — الدورة القادمة الساعة: 22:07:41
[2026-09-12 20:37:42][INFO] 💤 انتظار 90.0 دقيقة...
[2026-09-12 20:37:42][INFO]   Auth resp: 406 Not Acceptable
[2026-09-12 20:37:42][ERROR] [Login] johan2003@yopmail.com: SDK token error - sessionId منتهي الصلاحية
[2026-09-12 20:37:42][ERROR] ❌ [تسجيل الدخول] فشل الاتصال بالحساب johan2003@yopmail.com!
[2026-09-12 20:37:42][INFO] 🔒 تم إغلاق اتصال الحساب johan2003@yopmail.com بأمان.
[2026-09-12 20:37:42][INFO] ✅ انتهت الدورة #1 في 1ث — الدورة القادمة الساعة: 22:07:41
[2026-09-12 20:37:42][INFO] 💤 انتظار 90.0 دقيقة...
[2026-09-12 20:37:42][INFO]   ServerKey: sUbComgTbkk=
[2026-09-12 20:37:42][INFO]   Secret: d941aafef8f78dd7
[2026-09-12 20:37:42][INFO]   HMAC sent: aiEYL91WSeg=
[2026-09-12 20:37:42][INFO]   ServerKey: aAEieEygMRc=
[2026-09-12 20:37:42][INFO]   Secret: a0d77edb6d0b19da
[2026-09-12 20:37:42][INFO]   HMAC sent: mU9Fpcyd7Ks=
[2026-09-12 20:37:42][INFO]   Auth resp: 200 TWpVNUBhMjlvWDJkaGJXVmZNalk9QE1URTVMamd1TWpFekxqRXpNUT09QE5EQXdNQT09QE1qZ3hOakUzQE1UQTJNREEzTkRN
[2026-09-12 20:37:42][INFO]   Gate: 119.8.213.131:4000
[2026-09-12 20:37:42][INFO]   UID: 10600743 Server: koh_game_26
[2026-09-12 20:37:42][INFO] [Login] ✓ johan2003@yopmail.com → Gate 119.8.213.131:4000 uid=10600743
[2026-09-12 20:37:42][INFO]   Handshake resp: 200 challenge success
[2026-09-12 20:37:42][INFO] 📋 تم تحميل 16 حساب من session_cache.json
[2026-09-12 20:37:42][INFO] ✅ تم تحميل إعدادات Firebase من: E:\osmanli\.bot_config_e4tWS8v10m2nDHyzad0M.json
[2026-09-12 20:37:42][INFO] 📋 تم تحميل 16 حساب من session_cache.json
[2026-09-12 20:37:42][INFO] 🔁 وضع التشغيل المستمر نشط — دورة كل 90 دقيقة
[2026-09-12 20:37:42][INFO]   📅 مهام مُجدوَلة (9 مهمة):
     • research: {'times_per_day': 2} | آخر تشغيل: لم تُشغَّل بعد
     • tactics_hall: {'times_per_day': 2} | آخر تشغيل: لم تُشغَّل بعد
     • fountain: {'times_per_day': 2} | آخر تشغيل: لم تُشغَّل بعد
     • material_workshop: {'times_per_day': 2} | آخر تشغيل: لم تُشغَّل بعد
     • caravan: {'times_per_day': 2} | آخر تشغيل: لم تُشغَّل بعد
     • port_delegate: {'times_per_day': 3} | آخر تشغيل: لم تُشغَّل بعد
     • savings_bank: {'times_per_day': 1} | آخر تشغيل: لم تُشغَّل بعد
     • building: {'times_per_day': 1} | آخر تشغيل: لم تُشغَّل بعد
     • prestige: {'hours': [3]} | آخر تشغيل: لم تُشغَّل بعد
[2026-09-12 20:37:42][INFO] 🔄 دورة رقم #1 — بدأت 2026-09-12 20:37:42
[2026-09-12 20:37:42][INFO] 🔐 [تسجيل الدخول] بدء الاتصال بالحساب: johan2003@yopmail.com...
[2026-09-12 20:37:42][INFO]   Token sent
[2026-09-12 20:37:42][INFO]   Challenge: 7xUErH6gx+8=
[2026-09-12 20:37:42][INFO]   ClientKey sent: Yjno5S8YSXo=
[2026-09-12 20:37:42][INFO] Login Server: 119.8.212.255:10000
[2026-09-12 20:37:42][INFO] DH Handshake...
[2026-09-12 20:37:42][INFO]   Handshake resp: 200 challenge success
[2026-09-12 20:37:42][INFO]   Handshake resp: 200 challenge success
[2026-09-12 20:37:42][INFO]   ServerKey: HP5Di6isy2M=
[2026-09-12 20:37:42][INFO]   Secret: 22a42367cc16b7a2
[2026-09-12 20:37:42][INFO]   HMAC sent: eMOUFfox74g=
[2026-09-12 20:37:42][INFO] 📋 تم تحميل 16 حساب من session_cache.json
[2026-09-12 20:37:42][INFO] ✅ تم تحميل إعدادات Firebase من: E:\osmanli\.bot_config_e4tWS8v10m2nDHyzad0M.json
[2026-09-12 20:37:42][INFO] 📋 تم تحميل 16 حساب من session_cache.json
[2026-09-12 20:37:42][INFO] 🔁 وضع التشغيل المستمر نشط — دورة كل 90 دقيقة
[2026-09-12 20:37:42][INFO]   📅 مهام مُجدوَلة (9 مهمة):
     • research: {'times_per_day': 2} | آخر تشغيل: لم تُشغَّل بعد
     • tactics_hall: {'times_per_day': 2} | آخر تشغيل: لم تُشغَّل بعد
     • fountain: {'times_per_day': 2} | آخر تشغيل: لم تُشغَّل بعد
     • material_workshop: {'times_per_day': 2} | آخر تشغيل: لم تُشغَّل بعد
     • caravan: {'times_per_day': 2} | آخر تشغيل: لم تُشغَّل بعد
     • port_delegate: {'times_per_day': 3} | آخر تشغيل: لم تُشغَّل بعد
     • savings_bank: {'times_per_day': 1} | آخر تشغيل: لم تُشغَّل بعد
     • building: {'times_per_day': 1} | آخر تشغيل: لم تُشغَّل بعد
     • prestige: {'hours': [3]} | آخر تشغيل: لم تُشغَّل بعد
[2026-09-12 20:37:42][INFO] 🔄 دورة رقم #1 — بدأت 2026-09-12 20:37:42
[2026-09-12 20:37:42][INFO]   Token sent
[2026-09-12 20:37:42][INFO] 🔐 [تسجيل الدخول] بدء الاتصال بالحساب: johan2003@yopmail.com...
[2026-09-12 20:37:42][INFO]   Token sent
[2026-09-12 20:37:42][INFO]   Challenge: URRC8tsyWr4=
enge success
[2026-09-12 20:37:42][INFO]   ClientKey sent: HzrBgrwpYDM=
[2026-09-12 20:37:42][ERROR] [Gate] Handshake failed: b'404 User Not Found'
[2026-09-12 20:37:42][ERROR] ❌ [تسجيل الدخول] فشل الاتصال بالحساب johan2003@yopmail.com!
[2026-09-12 20:37:42][INFO] 🔒 تم إغلاق اتصال الحساب johan2003@yopmail.com بأمان.
[2026-09-12 20:37:42][INFO] ✅ انتهت الدورة #1 في 1ث — الدورة القادمة الساعة: 22:07:41
[2026-09-12 20:37:42][INFO] 💤 انتظار 90.0 دقيقة...
[2026-09-12 20:37:42][INFO]   Token sent
[2026-09-12 20:37:42][INFO]   Auth resp: 406 Not Acceptable
[2026-09-12 20:37:42][INFO]   Auth resp: 406 Not Acceptable
[2026-09-12 20:37:42][ERROR] [Login] johan2003@yopmail.com: SDK token error - sessionId منتهي الصلاحية
[2026-09-12 20:37:42][ERROR] ❌ [تسجيل الدخول] فشل الاتصال بالحساب johan2003@yopmail.com!
[2026-09-12 20:37:42][INFO] 🔒 تم إغلاق اتصال الحساب johan2003@yopmail.com بأمان.
[2026-09-12 20:37:42][ERROR] [Login] johan2003@yopmail.com: SDK token error - sessionId منتهي الصلاحية
[2026-09-12 20:37:42][ERROR] ❌ [تسجيل الدخول] فشل الاتصال بالحساب johan2003@yopmail.com!
[2026-09-12 20:37:42][INFO] 🔒 تم إغلاق اتصال الحساب johan2003@yopmail.com بأمان.
[2026-09-12 20:37:42][INFO] ✅ انتهت الدورة #1 في 1ث — الدورة القادمة الساعة: 22:07:41
[2026-09-12 20:37:42][INFO] 💤 انتظار 90.0 دقيقة...
[2026-09-12 20:37:42][INFO] ✅ انتهت الدورة #1 في 1ث — الدورة القادمة الساعة: 22:07:41
[2026-09-12 20:37:42][INFO] 💤 انتظار 90.0 دقيقة...
[2026-09-12 20:37:42][INFO]   ServerKey: hZWFMKamAtw=
[2026-09-12 20:37:42][INFO]   Secret: 830a77ee2b42c3a1
[2026-09-12 20:37:42][INFO]   HMAC sent: aAY23To1q90=
[2026-09-12 20:37:42][INFO]   Auth resp: 200 TWpVNUBhMjlvWDJkaGJXVmZNalk9QE1URTVMamd1TWpFekxqRXpNUT09QE5EQXdNQT09QE1qZ3hOakU0QE1UQTJNREEzTkRN
[2026-09-12 20:37:42][INFO]   Gate: 119.8.213.131:4000
[2026-09-12 20:37:42][INFO]   UID: 10600743 Server: koh_game_26
[2026-09-12 20:37:42][INFO] [Login] ✓ johan2003@yopmail.com → Gate 119.8.213.131:4000 uid=10600743
[2026-09-12 20:37:42][INFO]   Handshake resp: 200 challenge success
[2026-09-12 20:37:42][INFO] Login Server: 119.8.212.255:10000
[2026-09-12 20:37:42][INFO]   Token sent
[2026-09-12 20:37:42][INFO] 📋 تم تحميل 16 حساب من session_cache.json
[2026-09-12 20:37:42][INFO] 📋 تم تحميل 16 حساب من session_cache.json
[2026-09-12 20:37:42][INFO] DH Handshake...
[2026-09-12 20:37:42][ERROR] [Gate] Handshake failed: b'404 User Not Found'
[2026-09-12 20:37:42][ERROR] ❌ [تسجيل الدخول] فشل الاتصال بالحساب johan2003@yopmail.com!
[2026-09-12 20:37:42][INFO] 🔒 تم إغلاق اتصال الحساب johan2003@yopmail.com بأمان.
[2026-09-12 20:37:42][INFO] ✅ انتهت الدورة #1 في 1ث — الدورة القادمة الساعة: 22:07:41
[2026-09-12 20:37:42][INFO] 💤 انتظار 90.0 دقيقة...
[2026-09-12 20:37:42][INFO]   Auth resp: 406 Not Acceptable
[2026-09-12 20:37:42][ERROR] [Login] johan2003@yopmail.com: SDK token error - sessionId منتهي الصلاحية
[2026-09-12 20:37:42][ERROR] ❌ [تسجيل الدخول] فشل الاتصال بالحساب johan2003@yopmail.com!
[2026-09-12 20:37:42][INFO] 🔒 تم إغلاق اتصال الحساب johan2003@yopmail.com بأمان.
[2026-09-12 20:37:42][INFO] ✅ انتهت الدورة #1 في 1ث — الدورة القادمة الساعة: 22:07:42
[2026-09-12 20:37:42][INFO] 💤 انتظار 90.0 دقيقة...
[2026-09-12 20:37:42][INFO]   Auth resp: 200 TWpVNUBhMjlvWDJkaGJXVmZNalk9QE1URTVMamd1TWpFekxqRXpNUT09QE5EQXdNQT09QE1qZ3hOakU1QE1UQTJNREEzTkRN
[2026-09-12 20:37:42][INFO]   Gate: 119.8.213.131:4000
[2026-09-12 20:37:42][INFO]   UID: 10600743 Server: koh_game_26
[2026-09-12 20:37:42][INFO] [Login] ✓ johan2003@yopmail.com → Gate 119.8.213.131:4000 uid=10600743
[2026-09-12 20:37:42][INFO] ✅ تم تحميل إعدادات Firebase من: E:\osmanli\.bot_config_e4tWS8v10m2nDHyzad0M.json
[2026-09-12 20:37:42][INFO] ✅ تم تحميل إعدادات Firebase من: E:\osmanli\.bot_config_e4tWS8v10m2nDHyzad0M.json
[2026-09-12 20:37:42][INFO] 📋 تم تحميل 16 حساب من session_cache.json
[2026-09-12 20:37:42][INFO] 📋 تم تحميل 16 حساب من session_cache.json
[2026-09-12 20:37:42][INFO] 🔁 وضع التشغيل المستمر نشط — دورة كل 90 دقيقة
[2026-09-12 20:37:42][INFO] 🔁 وضع التشغيل المستمر نشط — دورة كل 90 دقيقة
[2026-09-12 20:37:42][INFO]   📅 مهام مُجدوَلة (9 مهمة):
     • research: {'times_per_day': 2} | آخر تشغيل: لم تُشغَّل بعد
     • tactics_hall: {'times_per_day': 2} | آخر تشغيل: لم تُشغَّل بعد
     • fountain: {'times_per_day': 2} | آخر تشغيل: لم تُشغَّل بعد
     • material_workshop: {'times_per_day': 2} | آخر تشغيل: لم تُشغَّل بعد
     • caravan: {'times_per_day': 2} | آخر تشغيل: لم تُشغَّل بعد
     • port_delegate: {'times_per_day': 3} | آخر تشغيل: لم تُشغَّل بعد
     • savings_bank: {'times_per_day': 1} | آخر تشغيل: لم تُشغَّل بعد
     • building: {'times_per_day': 1} | آخر تشغيل: لم تُشغَّل بعد
     • prestige: {'hours': [3]} | آخر تشغيل: لم تُشغَّل بعد
[2026-09-12 20:37:42][INFO]   📅 مهام مُجدوَلة (9 مهمة):
     • research: {'times_per_day': 2} | آخر تشغيل: لم تُشغَّل بعد
     • tactics_hall: {'times_per_day': 2} | آخر تشغيل: لم تُشغَّل بعد
     • fountain: {'times_per_day': 2} | آخر تشغيل: لم تُشغَّل بعد
     • material_workshop: {'times_per_day': 2} | آخر تشغيل: لم تُشغَّل بعد
     • caravan: {'times_per_day': 2} | آخر تشغيل: لم تُشغَّل بعد
     • port_delegate: {'times_per_day': 3} | آخر تشغيل: لم تُشغَّل بعد
     • savings_bank: {'times_per_day': 1} | آخر تشغيل: لم تُشغَّل بعد
     • building: {'times_per_day': 1} | آخر تشغيل: لم تُشغَّل بعد
     • prestige: {'hours': [3]} | آخر تشغيل: لم تُشغَّل بعد
[2026-09-12 20:37:42][INFO] 🔄 دورة رقم #1 — بدأت 2026-09-12 20:37:42
[2026-09-12 20:37:42][INFO] 🔐 [تسجيل الدخول] بدء الاتصال بالحساب: johan2003@yopmail.com...
[2026-09-12 20:37:42][INFO] 🔄 دورة رقم #1 — بدأت 2026-09-12 20:37:42
[2026-09-12 20:37:42][INFO] 🔐 [تسجيل الدخول] بدء الاتصال بالحساب: johan2003@yopmail.com...
[2026-09-12 20:37:42][INFO] Login Server: 119.8.212.255:10000
[2026-09-12 20:37:43][INFO] Login Server: 119.8.212.255:10000
[2026-09-12 20:37:43][INFO]   Challenge: lEPWWiPsZ70=
[2026-09-12 20:37:43][INFO]   ClientKey sent: WF7EcGCWBl4=
[2026-09-12 20:37:43][INFO] DH Handshake...
[2026-09-12 20:37:43][INFO] DH Handshake...
[2026-09-12 20:37:43][INFO] [Gate] ✓ 119.8.213.131:4000 uid=10600743
[2026-09-12 20:37:43][INFO] ⏳ انتظار مزامنة الحزم الأولية من السيرفر...
[2026-09-12 20:37:43][INFO]   Challenge: nvKJFx7CNc4=
[2026-09-12 20:37:43][INFO]   ClientKey sent: fBhMx9uNmV8=
[2026-09-12 20:37:43][INFO]   ServerKey: RRGv4NH3188=
[2026-09-12 20:37:43][INFO]   Secret: 563788b0487f7088
[2026-09-12 20:37:43][INFO]   HMAC sent: 0zff7EI7G9k=
[2026-09-12 20:37:43][INFO]   Challenge: /AihpqmFJqQ=
[2026-09-12 20:37:43][INFO]   ClientKey sent: 96uf+j/3Ahg=
[2026-09-12 20:37:43][INFO] 📋 تم تحميل 16 حساب من session_cache.json
[2026-09-12 20:37:43][INFO]   ServerKey: lasTUwEL3Ns=
[2026-09-12 20:37:43][INFO]   Secret: d107f4533535f888
[2026-09-12 20:37:43][INFO]   HMAC sent: ou5hsvURRvA=
[2026-09-12 20:37:43][INFO]   Handshake resp: 200 challenge success
[2026-09-12 20:37:43][INFO]   ServerKey: RPL4QOJpn7g=
[2026-09-12 20:37:43][INFO]   Secret: dfc45abfd862a94e
[2026-09-12 20:37:43][INFO]   HMAC sent: 5fF+ULZpfTk=
[2026-09-12 20:37:43][INFO]   Token sent
[2026-09-12 20:37:43][INFO] ✅ تم تحميل إعدادات Firebase من: E:\osmanli\.bot_config_e4tWS8v10m2nDHyzad0M.json
[2026-09-12 20:37:43][INFO] 📋 تم تحميل 16 حساب من session_cache.json
[2026-09-12 20:37:43][INFO] 🔁 وضع التشغيل المستمر نشط — دورة كل 90 دقيقة
[2026-09-12 20:37:43][INFO]   📅 مهام مُجدوَلة (9 مهمة):
     • research: {'times_per_day': 2} | آخر تشغيل: لم تُشغَّل بعد
     • tactics_hall: {'times_per_day': 2} | آخر تشغيل: لم تُشغَّل بعد
     • fountain: {'times_per_day': 2} | آخر تشغيل: لم تُشغَّل بعد
     • material_workshop: {'times_per_day': 2} | آخر تشغيل: لم تُشغَّل بعد
     • caravan: {'times_per_day': 2} | آخر تشغيل: لم تُشغَّل بعد
     • port_delegate: {'times_per_day': 3} | آخر تشغيل: لم تُشغَّل بعد
     • savings_bank: {'times_per_day': 1} | آخر تشغيل: لم تُشغَّل بعد
     • building: {'times_per_day': 1} | آخر تشغيل: لم تُشغَّل بعد
     • prestige: {'hours': [3]} | آخر تشغيل: لم تُشغَّل بعد
[2026-09-12 20:37:43][INFO] 🔄 دورة رقم #1 — بدأت 2026-09-12 20:37:43
[2026-09-12 20:37:43][INFO] 🔐 [تسجيل الدخول] بدء الاتصال بالحساب: johan2003@yopmail.com...
[2026-09-12 20:37:43][INFO] Login Server: 119.8.212.255:10000
[2026-09-12 20:37:43][INFO]   Handshake resp: 200 challenge success
[2026-09-12 20:37:43][INFO]   Token sent
[2026-09-12 20:37:43][INFO]   Token sent
[2026-09-12 20:37:43][INFO] DH Handshake...
[2026-09-12 20:37:43][WARNING] [Gate] ⚠️ انقطع الاتصال بالحساب (السبب: other_device)
[2026-09-12 20:37:43][WARNING] ⚠️ [تنبيه السيرفر] انقطع اتصال الحساب johan2003@yopmail.com (السبب: other_device)
[2026-09-12 20:37:43][INFO]   Auth resp: 406 Not Acceptable
[2026-09-12 20:37:43][ERROR] [Login] johan2003@yopmail.com: SDK token error - sessionId منتهي الصلاحية
[2026-09-12 20:37:43][ERROR] ❌ [تسجيل الدخول] فشل الاتصال بالحساب johan2003@yopmail.com!
[2026-09-12 20:37:43][INFO] 🔒 تم إغلاق اتصال الحساب johan2003@yopmail.com بأمان.
[2026-09-12 20:37:43][INFO] ✅ انتهت الدورة #1 في 1ث — الدورة القادمة الساعة: 22:07:42
[2026-09-12 20:37:43][INFO] 💤 انتظار 90.0 دقيقة...
[2026-09-12 20:37:43][INFO]   Auth resp: 406 Not Acceptable
[2026-09-12 20:37:43][ERROR] [Login] johan2003@yopmail.com: SDK token error - sessionId منتهي الصلاحية
[2026-09-12 20:37:43][ERROR] ❌ [تسجيل الدخول] فشل الاتصال بالحساب johan2003@yopmail.com!
[2026-09-12 20:37:43][INFO] 🔒 تم إغلاق اتصال الحساب johan2003@yopmail.com بأمان.
[2026-09-12 20:37:43][INFO] ✅ انتهت الدورة #1 في 1ث — الدورة القادمة الساعة: 22:07:42
[2026-09-12 20:37:43][INFO] 💤 انتظار 90.0 دقيقة...
[2026-09-12 20:37:43][INFO]   Challenge: +nGiVzbK75U=
[2026-09-12 20:37:43][INFO]   ClientKey sent: kZ9+YnbAGEs=
[2026-09-12 20:37:43][INFO] 📋 تم تحميل 16 حساب من session_cache.json
[2026-09-12 20:37:43][INFO] ✅ تم تحميل إعدادات Firebase من: E:\osmanli\.bot_config_e4tWS8v10m2nDHyzad0M.json
[2026-09-12 20:37:43][INFO] 📋 تم تحميل 16 حساب من session_cache.json
[2026-09-12 20:37:43][INFO] 🔁 وضع التشغيل المستمر نشط — دورة كل 90 دقيقة
[2026-09-12 20:37:43][INFO]   📅 مهام مُجدوَلة (9 مهمة):
     • research: {'times_per_day': 2} | آخر تشغيل: لم تُشغَّل بعد
     • tactics_hall: {'times_per_day': 2} | آخر تشغيل: لم تُشغَّل بعد
     • fountain: {'times_per_day': 2} | آخر تشغيل: لم تُشغَّل بعد
     • material_workshop: {'times_per_day': 2} | آخر تشغيل: لم تُشغَّل بعد
     • caravan: {'times_per_day': 2} | آخر تشغيل: لم تُشغَّل بعد
     • port_delegate: {'times_per_day': 3} | آخر تشغيل: لم تُشغَّل بعد
     • savings_bank: {'times_per_day': 1} | آخر تشغيل: لم تُشغَّل بعد
     • building: {'times_per_day': 1} | آخر تشغيل: لم تُشغَّل بعد
     • prestige: {'hours': [3]} | آخر تشغيل: لم تُشغَّل بعد
[2026-09-12 20:37:43][INFO] 🔄 دورة رقم #1 — بدأت 2026-09-12 20:37:43
[2026-09-12 20:37:43][INFO] 🔐 [تسجيل الدخول] بدء الاتصال بالحساب: johan2003@yopmail.com...
[2026-09-12 20:37:43][INFO] Login Server: 119.8.212.255:10000
[2026-09-12 20:37:43][INFO]   Auth resp: 200 TWpVNUBhMjlvWDJkaGJXVmZNalk9QE1URTVMamd1TWpFekxqRXpNUT09QE5EQXdNQT09QE1qZ3hOakl3QE1UQTJNREEzTkRN
[2026-09-12 20:37:43][INFO]   Gate: 119.8.213.131:4000
[2026-09-12 20:37:43][INFO]   UID: 10600743 Server: koh_game_26
[2026-09-12 20:37:43][INFO] [Login] ✓ johan2003@yopmail.com → Gate 119.8.213.131:4000 uid=10600743
[2026-09-12 20:37:43][INFO]   ServerKey: 9hZj3kB6NMI=
[2026-09-12 20:37:43][INFO]   Secret: cd5af90bdcf3e139
[2026-09-12 20:37:43][INFO]   HMAC sent: ipknc2VuPMQ=
[2026-09-12 20:37:43][INFO] DH Handshake...
[2026-09-12 20:37:43][INFO]   Handshake resp: 200 challenge success
[2026-09-12 20:37:43][INFO] 📋 تم تحميل 16 حساب من session_cache.json
[2026-09-12 20:37:43][INFO]   Challenge: B7FVSZVJNE0=
[2026-09-12 20:37:43][INFO]   ClientKey sent: 6eyXHzuhdDk=
[2026-09-12 20:37:43][INFO]   Token sent
[2026-09-12 20:37:43][INFO] [Gate] ✓ 119.8.213.131:4000 uid=10600743
[2026-09-12 20:37:43][INFO] ⏳ انتظار مزامنة الحزم الأولية من السيرفر...
[2026-09-12 20:37:43][INFO] ✅ تم تحميل إعدادات Firebase من: E:\osmanli\.bot_config_e4tWS8v10m2nDHyzad0M.json
[2026-09-12 20:37:43][INFO] 📋 تم تحميل 16 حساب من session_cache.json
[2026-09-12 20:37:43][INFO] 🔁 وضع التشغيل المستمر نشط — دورة كل 90 دقيقة
[2026-09-12 20:37:43][INFO]   📅 مهام مُجدوَلة (9 مهمة):
     • research: {'times_per_day': 2} | آخر تشغيل: لم تُشغَّل بعد
     • tactics_hall: {'times_per_day': 2} | آخر تشغيل: لم تُشغَّل بعد
     • fountain: {'times_per_day': 2} | آخر تشغيل: لم تُشغَّل بعد
     • material_workshop: {'times_per_day': 2} | آخر تشغيل: لم تُشغَّل بعد
     • caravan: {'times_per_day': 2} | آخر تشغيل: لم تُشغَّل بعد
     • port_delegate: {'times_per_day': 3} | آخر تشغيل: لم تُشغَّل بعد
     • savings_bank: {'times_per_day': 1} | آخر تشغيل: لم تُشغَّل بعد
     • building: {'times_per_day': 1} | آخر تشغيل: لم تُشغَّل بعد
     • prestige: {'hours': [3]} | آخر تشغيل: لم تُشغَّل بعد
[2026-09-12 20:37:43][INFO] 🔄 دورة رقم #1 — بدأت 2026-09-12 20:37:43
[2026-09-12 20:37:43][INFO] 🔐 [تسجيل الدخول] بدء الاتصال بالحساب: johan2003@yopmail.com...
[2026-09-12 20:37:43][INFO] 📋 تم تحميل 16 حساب من session_cache.json
[2026-09-12 20:37:43][INFO] ✅ تم تحميل إعدادات Firebase من: E:\osmanli\.bot_config_e4tWS8v10m2nDHyzad0M.json
[2026-09-12 20:37:43][INFO] 📋 تم تحميل 16 حساب من session_cache.json
[2026-09-12 20:37:43][INFO] 🔁 وضع التشغيل المستمر نشط — دورة كل 90 دقيقة
[2026-09-12 20:37:43][INFO]   📅 مهام مُجدوَلة (9 مهمة):
     • research: {'times_per_day': 2} | آخر تشغيل: لم تُشغَّل بعد
     • tactics_hall: {'times_per_day': 2} | آخر تشغيل: لم تُشغَّل بعد
     • fountain: {'times_per_day': 2} | آخر تشغيل: لم تُشغَّل بعد
     • material_workshop: {'times_per_day': 2} | آخر تشغيل: لم تُشغَّل بعد
     • caravan: {'times_per_day': 2} | آخر تشغيل: لم تُشغَّل بعد
     • port_delegate: {'times_per_day': 3} | آخر تشغيل: لم تُشغَّل بعد
     • savings_bank: {'times_per_day': 1} | آخر تشغيل: لم تُشغَّل بعد
     • building: {'times_per_day': 1} | آخر تشغيل: لم تُشغَّل بعد
     • prestige: {'hours': [3]} | آخر تشغيل: لم تُشغَّل بعد
[2026-09-12 20:37:43][INFO] 🔄 دورة رقم #1 — بدأت 2026-09-12 20:37:43
[2026-09-12 20:37:43][INFO] 🔐 [تسجيل الدخول] بدء الاتصال بالحساب: johan2003@yopmail.com...
[2026-09-12 20:37:43][INFO]   ServerKey: qFRS8C/qVFY=
[2026-09-12 20:37:43][INFO]   Secret: 6720b72872d9b933
[2026-09-12 20:37:43][INFO]   HMAC sent: qM9u5cHvJfQ=
[2026-09-12 20:37:44][INFO] Login Server: 119.8.212.255:10000
[2026-09-12 20:37:44][INFO]   Handshake resp: 200 challenge success
[2026-09-12 20:37:44][WARNING] [Gate] ⚠️ انقطع الاتصال بالحساب (السبب: other_device)
[2026-09-12 20:37:44][WARNING] ⚠️ [تنبيه السيرفر] انقطع اتصال الحساب johan2003@yopmail.com (السبب: other_device)
[2026-09-12 20:37:44][INFO] 📋 تم تحميل 16 حساب من session_cache.json
[2026-09-12 20:37:44][INFO]   Token sent
[2026-09-12 20:37:44][INFO] Login Server: 119.8.212.255:10000
[2026-09-12 20:37:44][INFO] 📋 تم تحميل 16 حساب من session_cache.json
[2026-09-12 20:37:44][INFO] DH Handshake...
[2026-09-12 20:37:44][INFO] ✅ تم تحميل إعدادات Firebase من: E:\osmanli\.bot_config_e4tWS8v10m2nDHyzad0M.json
[2026-09-12 20:37:44][INFO] 📋 تم تحميل 16 حساب من session_cache.json
[2026-09-12 20:37:44][INFO] 📋 تم تحميل 16 حساب من session_cache.json
[2026-09-12 20:37:44][INFO] 🔁 وضع التشغيل المستمر نشط — دورة كل 90 دقيقة
[2026-09-12 20:37:44][INFO]   📅 مهام مُجدوَلة (9 مهمة):
     • research: {'times_per_day': 2} | آخر تشغيل: لم تُشغَّل بعد
     • tactics_hall: {'times_per_day': 2} | آخر تشغيل: لم تُشغَّل بعد
     • fountain: {'times_per_day': 2} | آخر تشغيل: لم تُشغَّل بعد
     • material_workshop: {'times_per_day': 2} | آخر تشغيل: لم تُشغَّل بعد
     • caravan: {'times_per_day': 2} | آخر تشغيل: لم تُشغَّل بعد
     • port_delegate: {'times_per_day': 3} | آخر تشغيل: لم تُشغَّل بعد
     • savings_bank: {'times_per_day': 1} | آخر تشغيل: لم تُشغَّل بعد
     • building: {'times_per_day': 1} | آخر تشغيل: لم تُشغَّل بعد
     • prestige: {'hours': [3]} | آخر تشغيل: لم تُشغَّل بعد
[2026-09-12 20:37:44][INFO] 🔄 دورة رقم #1 — بدأت 2026-09-12 20:37:44
[2026-09-12 20:37:44][INFO] 🔐 [تسجيل الدخول] بدء الاتصال بالحساب: johan2003@yopmail.com...
[2026-09-12 20:37:44][INFO] 🔁 وضع التشغيل المستمر نشط — دورة كل 90 دقيقة
[2026-09-12 20:37:44][INFO]   📅 مهام مُجدوَلة (9 مهمة):
     • research: {'times_per_day': 2} | آخر تشغيل: لم تُشغَّل بعد
     • tactics_hall: {'times_per_day': 2} | آخر تشغيل: لم تُشغَّل بعد
     • fountain: {'times_per_day': 2} | آخر تشغيل: لم تُشغَّل بعد
     • material_workshop: {'times_per_day': 2} | آخر تشغيل: لم تُشغَّل بعد
     • caravan: {'times_per_day': 2} | آخر تشغيل: لم تُشغَّل بعد
     • port_delegate: {'times_per_day': 3} | آخر تشغيل: لم تُشغَّل بعد
     • savings_bank: {'times_per_day': 1} | آخر تشغيل: لم تُشغَّل بعد
     • building: {'times_per_day': 1} | آخر تشغيل: لم تُشغَّل بعد
     • prestige: {'hours': [3]} | آخر تشغيل: لم تُشغَّل بعد
[2026-09-12 20:37:44][INFO] 🔄 دورة رقم #1 — بدأت 2026-09-12 20:37:44
[2026-09-12 20:37:44][INFO] 🔐 [تسجيل الدخول] بدء الاتصال بالحساب: johan2003@yopmail.com...
[2026-09-12 20:37:44][INFO] Login Server: 119.8.212.255:10000
[2026-09-12 20:37:44][INFO]   Auth resp: 406 Not Acceptable
[2026-09-12 20:37:44][ERROR] [Login] johan2003@yopmail.com: SDK token error - sessionId منتهي الصلاحية
[2026-09-12 20:37:44][ERROR] ❌ [تسجيل الدخول] فشل الاتصال بالحساب johan2003@yopmail.com!
[2026-09-12 20:37:44][INFO] DH Handshake...
�ق اتصال الحساب johan2003@yopmail.com بأمان.
[2026-09-12 20:37:44][INFO] ✅ انتهت الدورة #1 في 1ث — الدورة القادمة الساعة: 22:07:43
[2026-09-12 20:37:44][INFO] 💤 انتظار 90.0 دقيقة...
[2026-09-12 20:37:44][INFO]   Auth resp: 200 TWpVNUBhMjlvWDJkaGJXVmZNalk9QE1URTVMamd1TWpFekxqRXpNUT09QE5EQXdNQT09QE1qZ3hOakl4QE1UQTJNREEzTkRN
[2026-09-12 20:37:44][INFO]   Gate: 119.8.213.131:4000
[2026-09-12 20:37:44][INFO]   UID: 10600743 Server: koh_game_26
[2026-09-12 20:37:44][INFO] [Login] ✓ johan2003@yopmail.com → Gate 119.8.213.131:4000 uid=10600743
[2026-09-12 20:37:44][INFO]   Challenge: 33hZRRfF2gI=
[2026-09-12 20:37:44][INFO]   ClientKey sent: ZF/q0Op81sY=
[2026-09-12 20:37:44][INFO] DH Handshake...
[2026-09-12 20:37:44][INFO] Login Server: 119.8.212.255:10000
[2026-09-12 20:37:44][INFO] 📋 تم تحميل 16 حساب من session_cache.json
[2026-09-12 20:37:44][INFO]   Challenge: szoTeBQVh1U=
[2026-09-12 20:37:44][INFO]   ClientKey sent: OoQZAswmFXw=
[2026-09-12 20:37:44][INFO] 📋 تم تحميل 16 حساب من session_cache.json
[2026-09-12 20:37:44][INFO]   ServerKey: VGcflh6e/XY=
[2026-09-12 20:37:44][INFO]   Secret: 4ad0485ae0e191e0
[2026-09-12 20:37:44][INFO]   HMAC sent: 79MjXpiodRU=
[2026-09-12 20:37:44][INFO] 📋 تم تحميل 16 حساب من session_cache.json
[2026-09-12 20:37:44][INFO]   Challenge: UCrkijOlfp0=
[2026-09-12 20:37:44][INFO]   ClientKey sent: H9UyuM+sEDM=
[2026-09-12 20:37:44][INFO] ✅ تم تحميل إعدادات Firebase من: E:\osmanli\.bot_config_e4tWS8v10m2nDHyzad0M.json
[2026-09-12 20:37:44][INFO] ✅ تم تحميل إعدادات Firebase من: E:\osmanli\.bot_config_e4tWS8v10m2nDHyzad0M.json
[2026-09-12 20:37:44][INFO] 📋 تم تحميل 16 حساب من session_cache.json
[2026-09-12 20:37:44][INFO] 📋 تم تحميل 16 حساب من session_cache.json
[2026-09-12 20:37:44][INFO] 🔁 وضع التشغيل المستمر نشط — دورة كل 90 دقيقة
[2026-09-12 20:37:44][INFO]   📅 مهام مُجدوَلة (9 مهمة):
     • research: {'times_per_day': 2} | آخر تشغيل: لم تُشغَّل بعد
     • tactics_hall: {'times_per_day': 2} | آخر تشغيل: لم تُشغَّل بعد
     • fountain: {'times_per_day': 2} | آخر تشغيل: لم تُشغَّل بعد
     • material_workshop: {'times_per_day': 2} | آخر تشغيل: لم تُشغَّل بعد
     • caravan: {'times_per_day': 2} | آخر تشغيل: لم تُشغَّل بعد
     • port_delegate: {'times_per_day': 3} | آخر تشغيل: لم تُشغَّل بعد
     • savings_bank: {'times_per_day': 1} | آخر تشغيل: لم تُشغَّل بعد
     • building: {'times_per_day': 1} | آخر تشغيل: لم تُشغَّل بعد
     • prestige: {'hours': [3]} | آخر تشغيل: لم تُشغَّل بعد
[2026-09-12 20:37:44][INFO] 🔄 دورة رقم #1 — بدأت 2026-09-12 20:37:44
[2026-09-12 20:37:44][INFO] 🔐 [تسجيل الدخول] بدء الاتصال بالحساب: johan2003@yopmail.com...
[2026-09-12 20:37:44][INFO] 🔁 وضع التشغيل المستمر نشط — دورة كل 90 دقيقة
[2026-09-12 20:37:44][INFO] DH Handshake...
[2026-09-12 20:37:44][INFO]   📅 مهام مُجدوَلة (9 مهمة):
     • research: {'times_per_day': 2} | آخر تشغيل: لم تُشغَّل بعد
     • tactics_hall: {'times_per_day': 2} | آخر تشغيل: لم تُشغَّل بعد
     • fountain: {'times_per_day': 2} | آخر تشغيل: لم تُشغَّل بعد
     • material_workshop: {'times_per_day': 2} | آخر تشغيل: لم تُشغَّل بعد
     • caravan: {'times_per_day': 2} | آخر تشغيل: لم تُشغَّل بعد
     • port_delegate: {'times_per_day': 3} | آخر تشغيل: لم تُشغَّل بعد
     • savings_bank: {'times_per_day': 1} | آخر تشغيل: لم تُشغَّل بعد
     • building: {'times_per_day': 1} | آخر تشغيل: لم تُشغَّل بعد
     • prestige: {'hours': [3]} | آخر تشغيل: لم تُشغَّل بعد
[2026-09-12 20:37:44][INFO] 🔄 دورة رقم #1 — بدأت 2026-09-12 20:37:44
[2026-09-12 20:37:44][INFO] 🔐 [تسجيل الدخول] بدء الاتصال بالحساب: johan2003@yopmail.com...
[2026-09-12 20:37:44][INFO] ✅ تم تحميل إعدادات Firebase من: E:\osmanli\.bot_config_e4tWS8v10m2nDHyzad0M.json
[2026-09-12 20:37:44][INFO] 📋 تم تحميل 16 حساب من session_cache.json
[2026-09-12 20:37:44][INFO] 🔁 وضع التشغيل المستمر نشط — دورة كل 90 دقيقة
[2026-09-12 20:37:44][INFO]   📅 مهام مُجدوَلة (9 مهمة):
     • research: {'times_per_day': 2} | آخر تشغيل: لم تُشغَّل بعد
     • tactics_hall: {'times_per_day': 2} | آخر تشغيل: لم تُشغَّل بعد
     • fountain: {'times_per_day': 2} | آخر تشغيل: لم تُشغَّل بعد
     • material_workshop: {'times_per_day': 2} | آخر تشغيل: لم تُشغَّل بعد
     • caravan: {'times_per_day': 2} | آخر تشغيل: لم تُشغَّل بعد
     • port_delegate: {'times_per_day': 3} | آخر تشغيل: لم تُشغَّل بعد
     • savings_bank: {'times_per_day': 1} | آخر تشغيل: لم تُشغَّل بعد
     • building: {'times_per_day': 1} | آخر تشغيل: لم تُشغَّل بعد
     • prestige: {'hours': [3]} | آخر تشغيل: لم تُشغَّل بعد
[2026-09-12 20:37:44][INFO] 🔄 دورة رقم #1 — بدأت 2026-09-12 20:37:44
[2026-09-12 20:37:44][INFO] 🔐 [تسجيل الدخول] بدء الاتصال بالحساب: johan2003@yopmail.com...
[2026-09-12 20:37:44][INFO]   ServerKey: Wwxa1lr8XnY=
[2026-09-12 20:37:44][INFO]   Secret: c548d307174b42af
[2026-09-12 20:37:44][INFO]   HMAC sent: KEOyrFkSDmM=
[2026-09-12 20:37:44][INFO] Login Server: 119.8.212.255:10000
[2026-09-12 20:37:44][INFO] [Gate] ✓ 119.8.213.131:4000 uid=10600743
[2026-09-12 20:37:44][INFO] ⏳ انتظار مزامنة الحزم الأولية من السيرفر...
[2026-09-12 20:37:44][INFO]   Handshake resp: 200 challenge success
[2026-09-12 20:37:44][INFO]   ServerKey: /8ITnQx2TAY=
[2026-09-12 20:37:44][INFO]   Secret: ba34b099db5d82cc
[2026-09-12 20:37:44][INFO]   HMAC sent: TP30IyLlYhU=
[2026-09-12 20:37:44][INFO]   Challenge: f+Sj3+Ag5zA=
[2026-09-12 20:37:44][INFO]   ClientKey sent: 9czFBb1F2JU=
[2026-09-12 20:37:44][INFO] Login Server: 119.8.212.255:10000
[2026-09-12 20:37:44][INFO]   Token sent
[2026-09-12 20:37:44][INFO] Login Server: 119.8.212.255:10000
[2026-09-12 20:37:44][INFO] DH Handshake...
[2026-09-12 20:37:44][INFO]   Handshake resp: 200 challenge success
[2026-09-12 20:37:44][INFO]   ServerKey: ZG/Ka5zS4ZU=
[2026-09-12 20:37:44][INFO]   Secret: 9d69a7d7786a9454
[2026-09-12 20:37:44][INFO]   HMAC sent: /ZkAPQTnoao=
[2026-09-12 20:37:44][INFO]   Token sent
[2026-09-12 20:37:44][INFO]   Handshake resp: 200 challenge success
[2026-09-12 20:37:44][INFO] DH Handshake...
[2026-09-12 20:37:44][INFO]   Token sent
[2026-09-12 20:37:44][INFO] DH Handshake...
[2026-09-12 20:37:44][INFO]   Challenge: SW45g4mmPVc=
[2026-09-12 20:37:44][INFO]   ClientKey sent: bgZavKGCOZw=
[2026-09-12 20:37:44][INFO]   Handshake resp: 200 challenge success
[2026-09-12 20:37:44][INFO]   Auth resp: 406 Not Acceptable
[2026-09-12 20:37:44][ERROR] [Login] johan2003@yopmail.com: SDK token error - sessionId منتهي الصلاحية
[2026-09-12 20:37:44][ERROR] ❌ [تسجيل الدخول] فشل الاتصال بالحساب johan2003@yopmail.com!
[2026-09-12 20:37:44][INFO] 🔒 تم إغلاق اتصال الحساب johan2003@yopmail.com بأمان.
[2026-09-12 20:37:44][INFO] ✅ انتهت الدورة #1 في 1ث — الدورة القادمة الساعة: 22:07:43
[2026-09-12 20:37:44][INFO] 💤 انتظار 90.0 دقيقة...
[2026-09-12 20:37:44][WARNING] [Gate] ⚠️ انقطع الاتصال بالحساب (السبب: other_device)
[2026-09-12 20:37:44][WARNING] ⚠️ [تنبيه السيرفر] انقطع اتصال الحساب johan2003@yopmail.com (السبب: other_device)
[2026-09-12 20:37:44][INFO]   Token sent
[2026-09-12 20:37:44][INFO]   Auth resp: 406 Not Acceptable
[2026-09-12 20:37:44][ERROR] [Login] johan2003@yopmail.com: SDK token error - sessionId منتهي الصلاحية
[2026-09-12 20:37:44][ERROR] ❌ [تسجيل الدخول] فشل الاتصال بالحساب johan2003@yopmail.com!
[2026-09-12 20:37:44][INFO] 🔒 تم إغلاق اتصال الحساب johan2003@yopmail.com بأمان.
[2026-09-12 20:37:44][INFO]   Challenge: 08369iXvIHM=
[2026-09-12 20:37:44][INFO]   ClientKey sent: hU0Fr6f1qUU=
[2026-09-12 20:37:44][INFO] ✅ انتهت الدورة #1 في 1ث — الدورة القادمة الساعة: 22:07:44
[2026-09-12 20:37:44][INFO] 💤 انتظار 90.0 دقيقة...
[2026-09-12 20:37:44][INFO]   Challenge: DGsOifEk55c=
[2026-09-12 20:37:44][INFO]   ClientKey sent: K27uB5UWfjk=
[2026-09-12 20:37:44][INFO] 📋 تم تحميل 16 حساب من session_cache.json
[2026-09-12 20:37:44][INFO]   ServerKey: DIjvz016q/M=
[2026-09-12 20:37:44][INFO]   Secret: e3955fca2f0f3736
[2026-09-12 20:37:44][INFO]   HMAC sent: epo4I5xDL3U=
[2026-09-12 20:37:44][INFO] ✅ تم تحميل إعدادات Firebase من: E:\osmanli\.bot_config_e4tWS8v10m2nDHyzad0M.json
[2026-09-12 20:37:44][INFO] 📋 تم تحميل 16 حساب من session_cache.json
[2026-09-12 20:37:44][INFO] 🔁 وضع التشغيل المستمر نشط — دورة كل 90 دقيقة
[2026-09-12 20:37:44][INFO]   📅 مهام مُجدوَلة (9 مهمة):
     • research: {'times_per_day': 2} | آخر تشغيل: لم تُشغَّل بعد
     • tactics_hall: {'times_per_day': 2} | آخر تشغيل: لم تُشغَّل بعد
     • fountain: {'times_per_day': 2} | آخر تشغيل: لم تُشغَّل بعد
     • material_workshop: {'times_per_day': 2} | آخر تشغيل: لم تُشغَّل بعد
     • caravan: {'times_per_day': 2} | آخر تشغيل: لم تُشغَّل بعد
     • port_delegate: {'times_per_day': 3} | آخر تشغيل: لم تُشغَّل بعد
     • savings_bank: {'times_per_day': 1} | آخر تشغيل: لم تُشغَّل بعد
     • building: {'times_per_day': 1} | آخر تشغيل: لم تُشغَّل بعد
     • prestige: {'hours': [3]} | آخر تشغيل: لم تُشغَّل بعد
[2026-09-12 20:37:44][INFO] 🔄 دورة رقم #1 — بدأت 2026-09-12 20:37:44
[2026-09-12 20:37:44][INFO] 🔐 [تسجيل الدخول] بدء الاتصال بالحساب: johan2003@yopmail.com...
[2026-09-12 20:37:44][INFO]   Auth resp: 406 Not Acceptable
[2026-09-12 20:37:44][ERROR] [Login] johan2003@yopmail.com: SDK token error - sessionId منتهي الصلاحية
[2026-09-12 20:37:44][ERROR] ❌ [تسجيل الدخول] فشل الاتصال بالحساب johan2003@yopmail.com!
[2026-09-12 20:37:44][INFO] 🔒 تم إغلاق اتصال الحساب johan2003@yopmail.com بأمان.
[2026-09-12 20:37:44][INFO] ✅ انتهت الدورة #1 في 1ث — الدورة القادمة الساعة: 22:07:44
[2026-09-12 20:37:44][INFO] 💤 انتظار 90.0 دقيقة...
[2026-09-12 20:37:44][INFO]   ServerKey: x2LhJMfKj3U=
[2026-09-12 20:37:44][INFO]   Secret: d49989a9f531bd75
[2026-09-12 20:37:44][INFO]   Secret: 4dde53429257e6e2
[2026-09-12 20:37:44][INFO]   HMAC sent: YmJAM5MF66c=
[2026-09-12 20:37:44][INFO]   HMAC sent: tU86cR0T2k0=
[2026-09-12 20:37:44][INFO]   Handshake resp: 200 challenge success
[2026-09-12 20:37:44][INFO]   Token sent
[2026-09-12 20:37:44][INFO]   Auth resp: 200 TWpVNUBhMjlvWDJkaGJXVmZNalk9QE1URTVMamd1TWpFekxqRXpNUT09QE5EQXdNQT09QE1qZ3hOakl5QE1UQTJNREEzTkRN
[2026-09-12 20:37:44][INFO]   Gate: 119.8.213.131:4000
[2026-09-12 20:37:44][INFO]   UID: 10600743 Server: koh_game_26
[2026-09-12 20:37:44][INFO] [Login] ✓ johan2003@yopmail.com → Gate 119.8.213.131:4000 uid=10600743
[2026-09-12 20:37:44][INFO] Login Server: 119.8.212.255:10000
[2026-09-12 20:37:44][INFO]   Handshake resp: 200 challenge success
[2026-09-12 20:37:44][INFO]   Handshake resp: 200 challenge success
[2026-09-12 20:37:44][INFO] 📋 تم تحميل 16 حساب من session_cache.json
[2026-09-12 20:37:44][INFO]   Token sent
[2026-09-12 20:37:44][ERROR] ❌ خطأ في قراءة ملف إعدادات Firebase: Expecting value: line 1 column 1 (char 0)
[2026-09-12 20:37:44][INFO]   Token sent
[2026-09-12 20:37:44][INFO] DH Handshake...
[2026-09-12 20:37:44][INFO] 📋 تم تحميل 16 حساب من session_cache.json
[2026-09-12 20:37:45][INFO]   Auth resp: 406 Not Acceptable
[2026-09-12 20:37:45][ERROR] [Login] johan2003@yopmail.com: SDK token error - sessionId منتهي الصلاحية
[2026-09-12 20:37:45][ERROR] ❌ [تسجيل الدخول] فشل الاتصال بالحساب johan2003@yopmail.com!
[2026-09-12 20:37:45][INFO] 🔒 تم إغلاق اتصال الحساب johan2003@yopmail.com بأمان.
[2026-09-12 20:37:45][INFO] ✅ انتهت الدورة #1 في 1ث — الدورة القادمة الساعة: 22:07:44
[2026-09-12 20:37:45][INFO] 💤 انتظار 90.0 دقيقة...
[2026-09-12 20:37:45][ERROR] [Gate] Handshake failed: b'404 User Not Found'
[2026-09-12 20:37:45][ERROR] ❌ [تسجيل الدخول] فشل الاتصال بالحساب johan2003@yopmail.com!
[2026-09-12 20:37:45][INFO] 🔒 تم إغلاق اتصال الحساب johan2003@yopmail.com بأمان.
[2026-09-12 20:37:45][INFO] ✅ انتهت الدورة #1 في 1ث — الدورة القادمة الساعة: 22:07:43
[2026-09-12 20:37:45][INFO] 💤 انتظار 90.0 دقيقة...
[2026-09-12 20:37:45][INFO] 📋 تم تحميل 16 حساب من session_cache.json
[2026-09-12 20:37:45][INFO]   Auth resp: 406 Not Acceptable
[2026-09-12 20:37:45][ERROR] [Login] johan2003@yopmail.com: SDK token error - sessionId منتهي الصلاحية
[2026-09-12 20:37:45][ERROR] ❌ [تسجيل الدخول] فشل الاتصال بالحساب johan2003@yopmail.com!
[2026-09-12 20:37:45][INFO] 🔒 تم إغلاق اتصال الحساب johan2003@yopmail.com بأمان.
[2026-09-12 20:37:45][INFO] ✅ انتهت الدورة #1 في 1ث — الدورة القادمة الساعة: 22:07:44
[2026-09-12 20:37:45][INFO] 💤 انتظار 90.0 دقيقة...
[2026-09-12 20:37:45][INFO] ✅ تم تحميل إعدادات Firebase من: E:\osmanli\.bot_config_e4tWS8v10m2nDHyzad0M.json
[2026-09-12 20:37:45][INFO] 📋 تم تحميل 16 حساب من session_cache.json
[2026-09-12 20:37:45][INFO] 🔁 وضع التشغيل المستمر نشط — دورة كل 90 دقيقة
[2026-09-12 20:37:45][INFO]   📅 مهام مُجدوَلة (9 مهمة):
     • research: {'times_per_day': 2} | آخر تشغيل: لم تُشغَّل بعد
     • tactics_hall: {'times_per_day': 2} | آخر تشغيل: لم تُشغَّل بعد
     • fountain: {'times_per_day': 2} | آخر تشغيل: لم تُشغَّل بعد
     • material_workshop: {'times_per_day': 2} | آخر تشغيل: لم تُشغَّل بعد
     • caravan: {'times_per_day': 2} | آخر تشغيل: لم تُشغَّل بعد
     • port_delegate: {'times_per_day': 3} | آخر تشغيل: لم تُشغَّل بعد
     • savings_bank: {'times_per_day': 1} | آخر تشغيل: لم تُشغَّل بعد
     • building: {'times_per_day': 1} | آخر تشغيل: لم تُشغَّل بعد
     • prestige: {'hours': [3]} | آخر تشغيل: لم تُشغَّل بعد
[2026-09-12 20:37:45][INFO]   Challenge: 3QUroghjvFU=
[2026-09-12 20:37:45][INFO] 🔄 دورة رقم #1 — بدأت 2026-09-12 20:37:45
[2026-09-12 20:37:45][INFO] 🔐 [تسجيل الدخول] بدء الاتصال بالحساب: johan2003@yopmail.com...
[2026-09-12 20:37:45][INFO]   ClientKey sent: Mz7a0mYPhtk=
[2026-09-12 20:37:45][INFO] Login Server: 119.8.212.255:10000
[2026-09-12 20:37:45][INFO] ✅ تم تحميل إعدادات Firebase من: E:\osmanli\.bot_config_e4tWS8v10m2nDHyzad0M.json
[2026-09-12 20:37:45][INFO] 📋 تم تحميل 16 حساب من session_cache.json
[2026-09-12 20:37:45][INFO] 🔁 وضع التشغيل المستمر نشط — دورة كل 90 دقيقة
[2026-09-12 20:37:45][INFO]   📅 مهام مُجدوَلة (9 مهمة):
     • research: {'times_per_day': 2} | آخر تشغيل: لم تُشغَّل بعد
     • tactics_hall: {'times_per_day': 2} | آخر تشغيل: لم تُشغَّل بعد
     • fountain: {'times_per_day': 2} | آخر تشغيل: لم تُشغَّل بعد
     • material_workshop: {'times_per_day': 2} | آخر تشغيل: لم تُشغَّل بعد
     • caravan: {'times_per_day': 2} | آخر تشغيل: لم تُشغَّل بعد
     • port_delegate: {'times_per_day': 3} | آخر تشغيل: لم تُشغَّل بعد
     • savings_bank: {'times_per_day': 1} | آخر تشغيل: لم تُشغَّل بعد
     • building: {'times_per_day': 1} | آخر تشغيل: لم تُشغَّل بعد
     • prestige: {'hours': [3]} | آخر تشغيل: لم تُشغَّل بعد
[2026-09-12 20:37:45][INFO] 🔄 دورة رقم #1 — بدأت 2026-09-12 20:37:45
[2026-09-12 20:37:45][INFO] 🔐 [تسجيل الدخول] بدء الاتصال بالحساب: johan2003@yopmail.com...
[2026-09-12 20:37:45][INFO]   Auth resp: 200 TWpVNUBhMjlvWDJkaGJXVmZNalk9QE1URTVMamd1TWpFekxqRXpNUT09QE5EQXdNQT09QE1qZ3hOakl6QE1UQTJNREEzTkRN
[2026-09-12 20:37:45][INFO]   Gate: 119.8.213.131:4000
[2026-09-12 20:37:45][INFO]   UID: 10600743 Server: koh_game_26
[2026-09-12 20:37:45][INFO] [Login] ✓ johan2003@yopmail.com → Gate 119.8.213.131:4000 uid=10600743
[2026-09-12 20:37:45][INFO]   ServerKey: PfkZhJ0Ra4Q=
[2026-09-12 20:37:45][INFO]   Secret: 75713b8d46ab7e17
[2026-09-12 20:37:45][INFO]   HMAC sent: jiu4B8fgfzM=
[2026-09-12 20:37:45][INFO] DH Handshake...
[2026-09-12 20:37:45][INFO]   Handshake resp: 200 challenge success
[2026-09-12 20:37:45][INFO]   Challenge: L9j5oy2QgDM=
[2026-09-12 20:37:45][INFO]   ClientKey sent: oFbgmYH2Pjo=
[2026-09-12 20:37:45][INFO]   Token sent
[2026-09-12 20:37:45][INFO] Login Server: 119.8.212.255:10000
[2026-09-12 20:37:45][INFO] [Gate] ✓ 119.8.213.131:4000 uid=10600743
[2026-09-12 20:37:45][INFO] ⏳ انتظار مزامنة الحزم الأولية من السيرفر...
[2026-09-12 20:37:45][INFO]   ServerKey: NDEjrQ4QLYU=
[2026-09-12 20:37:45][INFO]   Secret: cf7c10a7e90a0faf
[2026-09-12 20:37:45][INFO]   HMAC sent: Z9a+HheV4GY=
[2026-09-12 20:37:45][INFO] DH Handshake...
[2026-09-12 20:37:45][WARNING] [Gate] ⚠️ انقطع الاتصال بالحساب (السبب: other_device)
[2026-09-12 20:37:45][WARNING] ⚠️ [تنبيه السيرفر] انقطع اتصال الحساب johan2003@yopmail.com (السبب: other_device)
[2026-09-12 20:37:45][INFO]   Handshake resp: 200 challenge success
[2026-09-12 20:37:45][INFO]   Token sent
[2026-09-12 20:37:45][INFO]   Challenge: J+BXqBMTy04=
[2026-09-12 20:37:45][INFO]   ClientKey sent: EW+MPVZueEo=
[2026-09-12 20:37:45][INFO]   Auth resp: 406 Not Acceptable
[2026-09-12 20:37:45][ERROR] [Login] johan2003@yopmail.com: SDK token error - sessionId منتهي الصلاحية
[2026-09-12 20:37:45][ERROR] ❌ [تسجيل الدخول] فشل الاتصال بالحساب johan2003@yopmail.com!
[2026-09-12 20:37:45][INFO] 🔒 تم إغلاق اتصال الحساب johan2003@yopmail.com بأمان.
[2026-09-12 20:37:45][INFO] ✅ انتهت الدورة #1 في 1ث — الدورة القادمة الساعة: 22:07:45
[2026-09-12 20:37:45][INFO] 💤 انتظار 90.0 دقيقة...
[2026-09-12 20:37:45][INFO]   Auth resp: 200 TWpVNUBhMjlvWDJkaGJXVmZNalk9QE1URTVMamd1TWpFekxqRXpNUT09QE5EQXdNQT09QE1qZ3hOakkwQE1UQTJNREEzTkRN
[2026-09-12 20:37:45][INFO]   Gate: 119.8.213.131:4000
[2026-09-12 20:37:45][INFO]   UID: 10600743 Server: koh_game_26
[2026-09-12 20:37:45][INFO] [Login] ✓ johan2003@yopmail.com → Gate 119.8.213.131:4000 uid=10600743
[2026-09-12 20:37:45][INFO]   ServerKey: EupUp1XqsOE=
[2026-09-12 20:37:45][INFO]   Secret: 444cd2e201f679c3
[2026-09-12 20:37:45][INFO]   HMAC sent: 2BrymkzA/vQ=
[2026-09-12 20:37:45][INFO]   Handshake resp: 200 challenge success
[2026-09-12 20:37:45][INFO]   Token sent
[2026-09-12 20:37:45][INFO] 📋 تم تحميل 16 حساب من session_cache.json
[2026-09-12 20:37:45][INFO] [Gate] ✓ 119.8.213.131:4000 uid=10600743
[2026-09-12 20:37:45][INFO] ⏳ انتظار مزامنة الحزم الأولية من السيرفر...
[2026-09-12 20:37:45][INFO] ✅ تم تحميل إعدادات Firebase من: E:\osmanli\.bot_config_e4tWS8v10m2nDHyzad0M.json
[2026-09-12 20:37:45][INFO] 📋 تم تحميل 16 حساب من session_cache.json
[2026-09-12 20:37:45][INFO] 🔁 وضع التشغيل المستمر نشط — دورة كل 90 دقيقة
[2026-09-12 20:37:45][INFO]   📅 مهام مُجدوَلة (9 مهمة):
     • research: {'times_per_day': 2} | آخر تشغيل: لم تُشغَّل بعد
     • tactics_hall: {'times_per_day': 2} | آخر تشغيل: لم تُشغَّل بعد
     • fountain: {'times_per_day': 2} | آخر تشغيل: لم تُشغَّل بعد
     • material_workshop: {'times_per_day': 2} | آخر تشغيل: لم تُشغَّل بعد
     • caravan: {'times_per_day': 2} | آخر تشغيل: لم تُشغَّل بعد
     • port_delegate: {'times_per_day': 3} | آخر تشغيل: لم تُشغَّل بعد
     • savings_bank: {'times_per_day': 1} | آخر تشغيل: لم تُشغَّل بعد
     • building: {'times_per_day': 1} | آخر تشغيل: لم تُشغَّل بعد
     • prestige: {'hours': [3]} | آخر تشغيل: لم تُشغَّل بعد
[2026-09-12 20:37:45][INFO] 🔄 دورة رقم #1 — بدأت 2026-09-12 20:37:45
[2026-09-12 20:37:45][INFO] 🔐 [تسجيل الدخول] بدء الاتصال بالحساب: johan2003@yopmail.com...
[2026-09-12 20:37:45][INFO] 📋 تم تحميل 16 حساب من session_cache.json
[2026-09-12 20:37:45][INFO] ✅ تم تحميل إعدادات Firebase من: E:\osmanli\.bot_config_e4tWS8v10m2nDHyzad0M.json
[2026-09-12 20:37:45][INFO] 📋 تم تحميل 16 حساب من session_cache.json
[2026-09-12 20:37:45][INFO] 🔁 وضع التشغيل المستمر نشط — دورة كل 90 دقيقة
[2026-09-12 20:37:45][INFO]   📅 مهام مُجدوَلة (9 مهمة):
     • research: {'times_per_day': 2} | آخر تشغيل: لم تُشغَّل بعد
     • tactics_hall: {'times_per_day': 2} | آخر تشغيل: لم تُشغَّل بعد
     • fountain: {'times_per_day': 2} | آخر تشغيل: لم تُشغَّل بعد
     • material_workshop: {'times_per_day': 2} | آخر تشغيل: لم تُشغَّل بعد
     • caravan: {'times_per_day': 2} | آخر تشغيل: لم تُشغَّل بعد
     • port_delegate: {'times_per_day': 3} | آخر تشغيل: لم تُشغَّل بعد
     • savings_bank: {'times_per_day': 1} | آخر تشغيل: لم تُشغَّل بعد
     • building: {'times_per_day': 1} | آخر تشغيل: لم تُشغَّل بعد
     • prestige: {'hours': [3]} | آخر تشغيل: لم تُشغَّل بعد
[2026-09-12 20:37:45][INFO] 🔄 دورة رقم #1 — بدأت 2026-09-12 20:37:45
[2026-09-12 20:37:45][INFO] 🔐 [تسجيل الدخول] بدء الاتصال بالحساب: johan2003@yopmail.com...
[2026-09-12 20:37:45][WARNING] [Gate] ⚠️ انقطع الاتصال بالحساب (السبب: other_device)
[2026-09-12 20:37:45][WARNING] ⚠️ [تنبيه السيرفر] انقطع اتصال الحساب johan2003@yopmail.com (السبب: other_device)
[2026-09-12 20:37:46][INFO] Login Server: 119.8.212.255:10000
[2026-09-12 20:37:46][INFO] Login Server: 119.8.212.255:10000
[2026-09-12 20:37:46][INFO]   Auth resp: 200 TWpVNUBhMjlvWDJkaGJXVmZNalk9QE1URTVMamd1TWpFekxqRXpNUT09QE5EQXdNQT09QE1qZ3hOakkxQE1UQTJNREEzTkRN
[2026-09-12 20:37:46][INFO]   Gate: 119.8.213.131:4000
[2026-09-12 20:37:46][INFO]   UID: 10600743 Server: koh_game_26
[2026-09-12 20:37:46][INFO] [Login] ✓ johan2003@yopmail.com → Gate 119.8.213.131:4000 uid=10600743
[2026-09-12 20:37:46][INFO] DH Handshake...
[2026-09-12 20:37:46][INFO] DH Handshake...
[2026-09-12 20:37:46][INFO] 📋 تم تحميل 16 حساب من session_cache.json
[2026-09-12 20:37:46][INFO]   Challenge: zeZh5+WsxmU=
[2026-09-12 20:37:46][INFO]   ClientKey sent: HOFY1KWbG1I=
[2026-09-12 20:37:46][INFO] ✅ تم تحميل إعدادات Firebase من: E:\osmanli\.bot_config_e4tWS8v10m2nDHyzad0M.json
[2026-09-12 20:37:46][INFO] 📋 تم تحميل 16 حساب من session_cache.json
[2026-09-12 20:37:46][INFO] 🔁 وضع التشغيل المستمر نشط — دورة كل 90 دقيقة
[2026-09-12 20:37:46][INFO]   📅 مهام مُجدوَلة (9 مهمة):
     • research: {'times_per_day': 2} | آخر تشغيل: لم تُشغَّل بعد
     • tactics_hall: {'times_per_day': 2} | آخر تشغيل: لم تُشغَّل بعد
     • fountain: {'times_per_day': 2} | آخر تشغيل: لم تُشغَّل بعد
     • material_workshop: {'times_per_day': 2} | آخر تشغيل: لم تُشغَّل بعد
     • caravan: {'times_per_day': 2} | آخر تشغيل: لم تُشغَّل بعد
     • port_delegate: {'times_per_day': 3} | آخر تشغيل: لم تُشغَّل بعد
     • savings_bank: {'times_per_day': 1} | آخر تشغيل: لم تُشغَّل بعد
     • building: {'times_per_day': 1} | آخر تشغيل: لم تُشغَّل بعد
     • prestige: {'hours': [3]} | آخر تشغيل: لم تُشغَّل بعد
[2026-09-12 20:37:46][INFO] 🔄 دورة رقم #1 — بدأت 2026-09-12 20:37:46
[2026-09-12 20:37:46][INFO] 🔐 [تسجيل الدخول] بدء الاتصال بالحساب: johan2003@yopmail.com...
[2026-09-12 20:37:46][INFO] Login Server: 119.8.212.255:10000
[2026-09-12 20:37:46][INFO]   Challenge: L2/0MyjszvU=
[2026-09-12 20:37:46][INFO]   ClientKey sent: zYxbdye23ug=
[2026-09-12 20:37:46][INFO] 📋 تم تحميل 16 حساب من session_cache.json
[2026-09-12 20:37:46][INFO] ✅ [تسجيل الدخول] تم الاتصال والمصافحة بنجاح 100%!
[2026-09-12 20:37:46][INFO] 🔍 [الاستعلام الشامل] جلب كافة بيانات ومعلومات الحساب من السيرفر...
[2026-09-12 20:37:46][WARNING] ⚠️ تم رصد انقطاع الاتصال قبل بدء المهمة [🌾 حصد مزارع المدينة (City Harvest)] (السبب: دخول شخص آخر إلى الحساب (Other Device Login))
[2026-09-12 20:37:46][WARNING] ⚠️ [انقطاع الاتصال] تم رصد انقطاع الاتصال بالحساب (السبب: دخول شخص آخر إلى الحساب (Other Device Login))!
[2026-09-12 20:37:46][WARNING] ⏳ سيتوقف البوت مؤقتاً وينتظر 60 ثانية (دقيقة واحدة) لإفساح المجال ثم إعادة الدخول...
[2026-09-12 20:37:46][INFO] ⏳ [المحاولة 1/10] انتظار 60 ثانية (دقيقة واحدة)...
[2026-09-12 20:37:46][INFO] ⏳ متبقي على إعادة محاولة الدخول: 60 ثانية...
[2026-09-12 20:37:46][INFO]   ServerKey: 0Fa+DP8b2mA=
[2026-09-12 20:37:46][INFO] [Gate] ✓ 119.8.213.131:4000 uid=10600743
[2026-09-12 20:37:46][INFO]   Secret: 2f2bdce4e84513e3
[2026-09-12 20:37:46][INFO] ⏳ انتظار مزامنة الحزم الأولية من السيرفر...
[2026-09-12 20:37:46][INFO]   HMAC sent: W4lHvSUo0IA=
[2026-09-12 20:37:46][INFO] ✅ تم تحميل إعدادات Firebase من: E:\osmanli\.bot_config_e4tWS8v10m2nDHyzad0M.json
[2026-09-12 20:37:46][INFO] 📋 تم تحميل 16 حساب من session_cache.json
[2026-09-12 20:37:46][INFO] 🔁 وضع التشغيل المستمر نشط — دورة كل 90 دقيقة
[2026-09-12 20:37:46][INFO]   📅 مهام مُجدوَلة (9 مهمة):
     • research: {'times_per_day': 2} | آخر تشغيل: لم تُشغَّل بعد
     • tactics_hall: {'times_per_day': 2} | آخر تشغيل: لم تُشغَّل بعد
     • fountain: {'times_per_day': 2} | آخر تشغيل: لم تُشغَّل بعد
     • material_workshop: {'times_per_day': 2} | آخر تشغيل: لم تُشغَّل بعد
     • caravan: {'times_per_day': 2} | آخر تشغيل: لم تُشغَّل بعد
     • port_delegate: {'times_per_day': 3} | آخر تشغيل: لم تُشغَّل بعد
     • savings_bank: {'times_per_day': 1} | آخر تشغيل: لم تُشغَّل بعد
     • building: {'times_per_day': 1} | آخر تشغيل: لم تُشغَّل بعد
     • prestige: {'hours': [3]} | آخر تشغيل: لم تُشغَّل بعد
[2026-09-12 20:37:46][INFO] 🔄 دورة رقم #1 — بدأت 2026-09-12 20:37:46
[2026-09-12 20:37:46][INFO] 🔐 [تسجيل الدخول] بدء الاتصال بالحساب: johan2003@yopmail.com...
[2026-09-12 20:37:46][INFO] DH Handshake...
[2026-09-12 20:37:46][INFO] 📋 تم تحميل 16 حساب من session_cache.json
[2026-09-12 20:37:46][INFO]   ServerKey: qN7YDPYL42Y=
[2026-09-12 20:37:46][INFO] ✅ تم تحميل إعدادات Firebase من: E:\osmanli\.bot_config_e4tWS8v10m2nDHyzad0M.json
[2026-09-12 20:37:46][INFO]   Secret: 8f4dd3599d4ef2a4
[2026-09-12 20:37:46][INFO]   HMAC sent: LVto74SSECY=
[2026-09-12 20:37:46][INFO] 📋 تم تحميل 16 حساب من session_cache.json
[2026-09-12 20:37:46][INFO] 🔁 وضع التشغيل المستمر نشط — دورة كل 90 دقيقة
[2026-09-12 20:37:46][INFO]   📅 مهام مُجدوَلة (9 مهمة):
     • research: {'times_per_day': 2} | آخر تشغيل: لم تُشغَّل بعد
     • tactics_hall: {'times_per_day': 2} | آخر تشغيل: لم تُشغَّل بعد
     • fountain: {'times_per_day': 2} | آخر تشغيل: لم تُشغَّل بعد
     • material_workshop: {'times_per_day': 2} | آخر تشغيل: لم تُشغَّل بعد
     • caravan: {'times_per_day': 2} | آخر تشغيل: لم تُشغَّل بعد
     • port_delegate: {'times_per_day': 3} | آخر تشغيل: لم تُشغَّل بعد
     • savings_bank: {'times_per_day': 1} | آخر تشغيل: لم تُشغَّل بعد
     • building: {'times_per_day': 1} | آخر تشغيل: لم تُشغَّل بعد
     • prestige: {'hours': [3]} | آخر تشغيل: لم تُشغَّل بعد
[2026-09-12 20:37:46][INFO] 🔄 دورة رقم #1 — بدأت 2026-09-12 20:37:46
[2026-09-12 20:37:46][INFO] 🔐 [تسجيل الدخول] بدء الاتصال بالحساب: johan2003@yopmail.com...
[2026-09-12 20:37:46][INFO]   Handshake resp: 200 challenge success
[2026-09-12 20:37:46][INFO]   Challenge: pb0FSNo0yJA=
[2026-09-12 20:37:46][INFO]   ClientKey sent: dZWRMPVeE68=
[2026-09-12 20:37:46][INFO] 📋 تم تحميل 16 حساب من session_cache.json
[2026-09-12 20:37:46][INFO] ✅ تم تحميل إعدادات Firebase من: E:\osmanli\.bot_config_e4tWS8v10m2nDHyzad0M.json
[2026-09-12 20:37:46][INFO] 📋 تم تحميل 16 حساب من session_cache.json
[2026-09-12 20:37:46][INFO]   Token sent
[2026-09-12 20:37:46][INFO] 🔁 وضع التشغيل المستمر نشط — دورة كل 90 دقيقة
[2026-09-12 20:37:46][INFO]   📅 مهام مُجدوَلة (9 مهمة):
     • research: {'times_per_day': 2} | آخر تشغيل: لم تُشغَّل بعد
     • tactics_hall: {'times_per_day': 2} | آخر تشغيل: لم تُشغَّل بعد
     • fountain: {'times_per_day': 2} | آخر تشغيل: لم تُشغَّل بعد
     • material_workshop: {'times_per_day': 2} | آخر تشغيل: لم تُشغَّل بعد
     • caravan: {'times_per_day': 2} | آخر تشغيل: لم تُشغَّل بعد
     • port_delegate: {'times_per_day': 3} | آخر تشغيل: لم تُشغَّل بعد
     • savings_bank: {'times_per_day': 1} | آخر تشغيل: لم تُشغَّل بعد
     • building: {'times_per_day': 1} | آخر تشغيل: لم تُشغَّل بعد
     • prestige: {'hours': [3]} | آخر تشغيل: لم تُشغَّل بعد
[2026-09-12 20:37:46][INFO] 🔄 دورة رقم #1 — بدأت 2026-09-12 20:37:46
[2026-09-12 20:37:46][INFO] 🔐 [تسجيل الدخول] بدء الاتصال بالحساب: johan2003@yopmail.com...
[2026-09-12 20:37:46][INFO] Login Server: 119.8.212.255:10000
[2026-09-12 20:37:46][INFO] Login Server: 119.8.212.255:10000
[2026-09-12 20:37:46][INFO] 📋 تم تحميل 16 حساب من session_cache.json
[2026-09-12 20:37:46][INFO] 📋 تم تحميل 16 حساب من session_cache.json
[2026-09-12 20:37:46][INFO]   Handshake resp: 200 challenge success
[2026-09-12 20:37:46][INFO] ✅ تم تحميل إعدادات Firebase من: E:\osmanli\.bot_config_e4tWS8v10m2nDHyzad0M.json
[2026-09-12 20:37:46][INFO] 📋 تم تحميل 16 حساب من session_cache.json
[2026-09-12 20:37:46][INFO] 🔁 وضع التشغيل المستمر نشط — دورة كل 90 دقيقة
[2026-09-12 20:37:46][INFO]   📅 مهام مُجدوَلة (9 مهمة):
     • research: {'times_per_day': 2} | آخر تشغيل: لم تُشغَّل بعد
     • tactics_hall: {'times_per_day': 2} | آخر تشغيل: لم تُشغَّل بعد
     • fountain: {'times_per_day': 2} | آخر تشغيل: لم تُشغَّل بعد
     • material_workshop: {'times_per_day': 2} | آخر تشغيل: لم تُشغَّل بعد
     • caravan: {'times_per_day': 2} | آخر تشغيل: لم تُشغَّل بعد
     • port_delegate: {'times_per_day': 3} | آخر تشغيل: لم تُشغَّل بعد
     • savings_bank: {'times_per_day': 1} | آخر تشغيل: لم تُشغَّل بعد
     • building: {'times_per_day': 1} | آخر تشغيل: لم تُشغَّل بعد
     • prestige: {'hours': [3]} | آخر تشغيل: لم تُشغَّل بعد
[2026-09-12 20:37:46][INFO] 🔄 دورة رقم #1 — بدأت 2026-09-12 20:37:46
[2026-09-12 20:37:46][INFO] 🔐 [تسجيل الدخول] بدء الاتصال بالحساب: johan2003@yopmail.com...
[2026-09-12 20:37:46][INFO] 📋 تم تحميل 16 حساب من session_cache.json
[2026-09-12 20:37:46][INFO] ✅ تم تحميل إعدادات Firebase من: E:\osmanli\.bot_config_e4tWS8v10m2nDHyzad0M.json
[2026-09-12 20:37:46][INFO] 📋 تم تحميل 16 حساب من session_cache.json
[2026-09-12 20:37:46][INFO] 🔁 وضع التشغيل المستمر نشط — دورة كل 90 دقيقة
[2026-09-12 20:37:46][INFO]   📅 مهام مُجدوَلة (9 مهمة):
     • research: {'times_per_day': 2} | آخر تشغيل: لم تُشغَّل بعد
     • tactics_hall: {'times_per_day': 2} | آخر تشغيل: لم تُشغَّل بعد
     • fountain: {'times_per_day': 2} | آخر تشغيل: لم تُشغَّل بعد
     • material_workshop: {'times_per_day': 2} | آخر تشغيل: لم تُشغَّل بعد
     • caravan: {'times_per_day': 2} | آخر تشغيل: لم تُشغَّل بعد
     • port_delegate: {'times_per_day': 3} | آخر تشغيل: لم تُشغَّل بعد
     • savings_bank: {'times_per_day': 1} | آخر تشغيل: لم تُشغَّل بعد
     • building: {'times_per_day': 1} | آخر تشغيل: لم تُشغَّل بعد
     • prestige: {'hours': [3]} | آخر تشغيل: لم تُشغَّل بعد
[2026-09-12 20:37:46][INFO] 🔄 دورة رقم #1 — بدأت 2026-09-12 20:37:46
[2026-09-12 20:37:46][INFO] 🔐 [تسجيل الدخول] بدء الاتصال بالحساب: johan2003@yopmail.com...
[2026-09-12 20:37:46][INFO]   Token sent
[2026-09-12 20:37:46][INFO] Login Server: 119.8.212.255:10000
[2026-09-12 20:37:46][INFO] ✅ تم تحميل إعدادات Firebase من: E:\osmanli\.bot_config_e4tWS8v10m2nDHyzad0M.json
[2026-09-12 20:37:46][INFO] 📋 تم تحميل 16 حساب من session_cache.json
[2026-09-12 20:37:46][INFO] 🔁 وضع التشغيل المستمر نشط — دورة كل 90 دقيقة
[2026-09-12 20:37:46][INFO]   📅 مهام مُجدوَلة (9 مهمة):
     • research: {'times_per_day': 2} | آخر تشغيل: لم تُشغَّل بعد
     • tactics_hall: {'times_per_day': 2} | آخر تشغيل: لم تُشغَّل بعد
     • fountain: {'times_per_day': 2} | آخر تشغيل: لم تُشغَّل بعد
     • material_workshop: {'times_per_day': 2} | آخر تشغيل: لم تُشغَّل بعد
     • caravan: {'times_per_day': 2} | آخر تشغيل: لم تُشغَّل بعد
     • port_delegate: {'times_per_day': 3} | آخر تشغيل: لم تُشغَّل بعد
     • savings_bank: {'times_per_day': 1} | آخر تشغيل: لم تُشغَّل بعد
     • building: {'times_per_day': 1} | آخر تشغيل: لم تُشغَّل بعد
     • prestige: {'hours': [3]} | آخر تشغيل: لم تُشغَّل بعد
[2026-09-12 20:37:46][INFO] 🔄 دورة رقم #1 — بدأت 2026-09-12 20:37:46
[2026-09-12 20:37:46][INFO] 🔐 [تسجيل الدخول] بدء الاتصال بالحساب: johan2003@yopmail.com...
[2026-09-12 20:37:46][INFO] Login Server: 119.8.212.255:10000
[2026-09-12 20:37:46][INFO] Login Server: 119.8.212.255:10000
[2026-09-12 20:37:46][INFO] DH Handshake...
[2026-09-12 20:37:46][INFO] DH Handshake...
[2026-09-12 20:37:46][INFO]   ServerKey: 81sq/tNr3ic=
[2026-09-12 20:37:46][INFO]   Secret: 5f0e7d08e8b86d28
[2026-09-12 20:37:46][INFO]   HMAC sent: VtltT92SlHQ=
[2026-09-12 20:37:46][WARNING] [Gate] ⚠️ انقطع الاتصال بالحساب (السبب: other_device)
[2026-09-12 20:37:46][WARNING] ⚠️ [تنبيه السيرفر] انقطع اتصال الحساب johan2003@yopmail.com (السبب: other_device)
[2026-09-12 20:37:46][INFO] DH Handshake...
[2026-09-12 20:37:46][INFO] DH Handshake...
[2026-09-12 20:37:46][INFO]   Auth resp: 406 Not Acceptable
[2026-09-12 20:37:46][ERROR] [Login] johan2003@yopmail.com: SDK token error - sessionId منتهي الصلاحية
[2026-09-12 20:37:46][ERROR] ❌ [تسجيل الدخول] فشل الاتصال بالحساب johan2003@yopmail.com!
[2026-09-12 20:37:46][INFO] DH Handshake...
[2026-09-12 20:37:46][INFO] 🔒 تم إغلاق اتصال الحساب johan2003@yopmail.com بأمان.
[2026-09-12 20:37:46][INFO] ✅ انتهت الدورة #1 في 1ث — الدورة القادمة الساعة: 22:07:45
[2026-09-12 20:37:46][INFO] 💤 انتظار 90.0 دقيقة...
[2026-09-12 20:37:46][INFO]   Challenge: BxOdrtwdJ9w=
[2026-09-12 20:37:46][INFO]   ClientKey sent: 1uF952THG+k=
[2026-09-12 20:37:46][INFO] Login Server: 119.8.212.255:10000
[2026-09-12 20:37:46][INFO] 📋 تم تحميل 16 حساب من session_cache.json
[2026-09-12 20:37:46][INFO]   Challenge: MningxpqfwI=
[2026-09-12 20:37:46][INFO]   ClientKey sent: /yafue+87SA=
[2026-09-12 20:37:46][INFO]   Handshake resp: 200 challenge success
[2026-09-12 20:37:46][INFO] 📋 تم تحميل 16 حساب من session_cache.json
[2026-09-12 20:37:46][INFO]   Token sent
[2026-09-12 20:37:46][INFO] ✅ تم تحميل إعدادات Firebase من: E:\osmanli\.bot_config_e4tWS8v10m2nDHyzad0M.json
[2026-09-12 20:37:46][INFO] 📋 تم تحميل 16 حساب من session_cache.json
[2026-09-12 20:37:46][INFO] 🔁 وضع التشغيل المستمر نشط — دورة كل 90 دقيقة
[2026-09-12 20:37:46][INFO]   📅 مهام مُجدوَلة (9 مهمة):
     • research: {'times_per_day': 2} | آخر تشغيل: لم تُشغَّل بعد
     • tactics_hall: {'times_per_day': 2} | آخر تشغيل: لم تُشغَّل بعد
     • fountain: {'times_per_day': 2} | آخر تشغيل: لم تُشغَّل بعد
     • material_workshop: {'times_per_day': 2} | آخر تشغيل: لم تُشغَّل بعد
     • caravan: {'times_per_day': 2} | آخر تشغيل: لم تُشغَّل بعد
     • port_delegate: {'times_per_day': 3} | آخر تشغيل: لم تُشغَّل بعد
     • savings_bank: {'times_per_day': 1} | آخر تشغيل: لم تُشغَّل بعد
     • building: {'times_per_day': 1} | آخر تشغيل: لم تُشغَّل بعد
     • prestige: {'hours': [3]} | آخر تشغيل: لم تُشغَّل بعد
[2026-09-12 20:37:46][INFO] 🔄 دورة رقم #1 — بدأت 2026-09-12 20:37:46
[2026-09-12 20:37:46][INFO] 🔐 [تسجيل الدخول] بدء الاتصال بالحساب: johan2003@yopmail.com...
[2026-09-12 20:37:46][INFO]   Challenge: GG6rz7r6FsI=
[2026-09-12 20:37:46][INFO]   ClientKey sent: RL88VJrg4iY=
[2026-09-12 20:37:46][INFO]   Challenge: D22FKdgEKzI=
[2026-09-12 20:37:46][INFO]   ServerKey: pKrPbyhxbe0=
[2026-09-12 20:37:46][INFO]   Challenge: Ukh1OYTMXpw=
[2026-09-12 20:37:46][INFO]   Secret: 95c8267588eb34a5
[2026-09-12 20:37:46][INFO]   ClientKey sent: A8I9zaZDRIk=
[2026-09-12 20:37:46][INFO]   ClientKey sent: t9SL5ipnH8g=
[2026-09-12 20:37:46][INFO]   HMAC sent: FtTmVvpNU2k=
[2026-09-12 20:37:46][INFO] Login Server: 119.8.212.255:10000
[2026-09-12 20:37:47][INFO] ✅ تم تحميل إعدادات Firebase من: E:\osmanli\.bot_config_e4tWS8v10m2nDHyzad0M.json
[2026-09-12 20:37:47][INFO] 📋 تم تحميل 16 حساب من session_cache.json
[2026-09-12 20:37:47][INFO] 🔁 وضع التشغيل المستمر نشط — دورة كل 90 دقيقة
[2026-09-12 20:37:47][INFO]   📅 مهام مُجدوَلة (9 مهمة):
     • research: {'times_per_day': 2} | آخر تشغيل: لم تُشغَّل بعد
     • tactics_hall: {'times_per_day': 2} | آخر تشغيل: لم تُشغَّل بعد
     • fountain: {'times_per_day': 2} | آخر تشغيل: لم تُشغَّل بعد
     • material_workshop: {'times_per_day': 2} | آخر تشغيل: لم تُشغَّل بعد
     • caravan: {'times_per_day': 2} | آخر تشغيل: لم تُشغَّل بعد
     • port_delegate: {'times_per_day': 3} | آخر تشغيل: لم تُشغَّل بعد
     • savings_bank: {'times_per_day': 1} | آخر تشغيل: لم تُشغَّل بعد
     • building: {'times_per_day': 1} | آخر تشغيل: لم تُشغَّل بعد
     • prestige: {'hours': [3]} | آخر تشغيل: لم تُشغَّل بعد
[2026-09-12 20:37:47][INFO] 🔄 دورة رقم #1 — بدأت 2026-09-12 20:37:47
[2026-09-12 20:37:47][INFO] 🔐 [تسجيل الدخول] بدء الاتصال بالحساب: johan2003@yopmail.com...
[2026-09-12 20:37:47][INFO] 📋 تم تحميل 16 حساب من session_cache.json
[2026-09-12 20:37:47][INFO] ✅ تم تحميل إعدادات Firebase من: E:\osmanli\.bot_config_e4tWS8v10m2nDHyzad0M.json
[2026-09-12 20:37:47][INFO] 📋 تم تحميل 16 حساب من session_cache.json
[2026-09-12 20:37:47][INFO] 🔁 وضع التشغيل المستمر نشط — دورة كل 90 دقيقة
[2026-09-12 20:37:47][INFO] DH Handshake...
[2026-09-12 20:37:47][INFO]   📅 مهام مُجدوَلة (9 مهمة):
     • research: {'times_per_day': 2} | آخر تشغيل: لم تُشغَّل بعد
     • tactics_hall: {'times_per_day': 2} | آخر تشغيل: لم تُشغَّل بعد
     • fountain: {'times_per_day': 2} | آخر تشغيل: لم تُشغَّل بعد
     • material_workshop: {'times_per_day': 2} | آخر تشغيل: لم تُشغَّل بعد
     • caravan: {'times_per_day': 2} | آخر تشغيل: لم تُشغَّل بعد
     • port_delegate: {'times_per_day': 3} | آخر تشغيل: لم تُشغَّل بعد
     • savings_bank: {'times_per_day': 1} | آخر تشغيل: لم تُشغَّل بعد
     • building: {'times_per_day': 1} | آخر تشغيل: لم تُشغَّل بعد
     • prestige: {'hours': [3]} | آخر تشغيل: لم تُشغَّل بعد
[2026-09-12 20:37:47][INFO] 🔄 دورة رقم #1 — بدأت 2026-09-12 20:37:47
[2026-09-12 20:37:47][INFO] 🔐 [تسجيل الدخول] بدء الاتصال بالحساب: johan2003@yopmail.com...
[2026-09-12 20:37:47][INFO]   Auth resp: 200 TWpVNUBhMjlvWDJkaGJXVmZNalk9QE1URTVMamd1TWpFekxqRXpNUT09QE5EQXdNQT09QE1qZ3hOakkyQE1UQTJNREEzTkRN
[2026-09-12 20:37:47][INFO]   Gate: 119.8.213.131:4000
[2026-09-12 20:37:47][INFO]   UID: 10600743 Server: koh_game_26
[2026-09-12 20:37:47][INFO] [Login] ✓ johan2003@yopmail.com → Gate 119.8.213.131:4000 uid=10600743
[2026-09-12 20:37:47][INFO]   ServerKey: C8TIlkeaE6k=
[2026-09-12 20:37:47][INFO]   Secret: 76cf0e8a5b9a39b4
[2026-09-12 20:37:47][INFO]   HMAC sent: tofkSZEDvs8=
[2026-09-12 20:37:47][INFO] Login Server: 119.8.212.255:10000
[2026-09-12 20:37:47][INFO] DH Handshake...
[2026-09-12 20:37:47][INFO]   ServerKey: OgYuY9x4ou8=
[2026-09-12 20:37:47][INFO]   ServerKey: MLACHl5hc9Y=
[2026-09-12 20:37:47][INFO]   Secret: c9b45b4f963d00be
[2026-09-12 20:37:47][INFO]   Secret: 1e9fec927c9f2fc7
[2026-09-12 20:37:47][INFO]   Secret: 67463b37ac1fd094
[2026-09-12 20:37:47][INFO]   HMAC sent: 7qrJmMnI98g=
[2026-09-12 20:37:47][INFO]   HMAC sent: lceu89QP7u4=
[2026-09-12 20:37:47][INFO]   HMAC sent: u4SwzL/18zQ=
[2026-09-12 20:37:47][INFO]   Handshake resp: 200 challenge success
[2026-09-12 20:37:47][INFO]   Challenge: 96uIeGKbrYk=
[2026-09-12 20:37:47][INFO]   ClientKey sent: Q/oxq0ymLsY=
[2026-09-12 20:37:47][INFO]   Token sent
[2026-09-12 20:37:47][INFO] 📋 تم تحميل 16 حساب من session_cache.json
[2026-09-12 20:37:47][INFO] ✅ تم تحميل إعدادات Firebase من: E:\osmanli\.bot_config_e4tWS8v10m2nDHyzad0M.json
[2026-09-12 20:37:47][INFO] 📋 تم تحميل 16 حساب من session_cache.json
[2026-09-12 20:37:47][INFO] 🔁 وضع التشغيل المستمر نشط — دورة كل 90 دقيقة
[2026-09-12 20:37:47][INFO]   📅 مهام مُجدوَلة (9 مهمة):
     • research: {'times_per_day': 2} | آخر تشغيل: لم تُشغَّل بعد
     • tactics_hall: {'times_per_day': 2} | آخر تشغيل: لم تُشغَّل بعد
     • fountain: {'times_per_day': 2} | آخر تشغيل: لم تُشغَّل بعد
     • material_workshop: {'times_per_day': 2} | آخر تشغيل: لم تُشغَّل بعد
     • caravan: {'times_per_day': 2} | آخر تشغيل: لم تُشغَّل بعد
     • port_delegate: {'times_per_day': 3} | آخر تشغيل: لم تُشغَّل بعد
     • savings_bank: {'times_per_day': 1} | آخر تشغيل: لم تُشغَّل بعد
     • building: {'times_per_day': 1} | آخر تشغيل: لم تُشغَّل بعد
     • prestige: {'hours': [3]} | آخر تشغيل: لم تُشغَّل بعد
[2026-09-12 20:37:47][INFO] 🔄 دورة رقم #1 — بدأت 2026-09-12 20:37:47
[2026-09-12 20:37:47][INFO] 🔐 [تسجيل الدخول] بدء الاتصال بالحساب: johan2003@yopmail.com...
[2026-09-12 20:37:47][INFO] ⏳ متبقي على إعادة محاولة الدخول: 30 ثانية...
[2026-09-12 20:37:47][INFO]   Handshake resp: 200 challenge success
[2026-09-12 20:37:47][INFO] DH Handshake...
[2026-09-12 20:37:47][INFO]   Challenge: DZPTMM61m34=
[2026-09-12 20:37:47][INFO]   ClientKey sent: qKjetXoA92w=
[2026-09-12 20:37:47][INFO]   Token sent
[2026-09-12 20:37:47][INFO]   Handshake resp: 200 challenge success
[2026-09-12 20:37:47][INFO]   Handshake resp: 200 challenge success
[2026-09-12 20:37:47][INFO]   Handshake resp: 200 challenge success
[2026-09-12 20:37:47][INFO]   Token sent
[2026-09-12 20:37:47][INFO]   Token sent
[2026-09-12 20:37:47][INFO]   ServerKey: /Hh1GOdVqPQ=
[2026-09-12 20:37:47][INFO]   Secret: 71a7fc501a520681
[2026-09-12 20:37:47][INFO]   HMAC sent: TjSxTmExNyQ=
[2026-09-12 20:37:47][INFO] Login Server: 119.8.212.255:10000
[2026-09-12 20:37:47][INFO]   Auth resp: 406 Not Acceptable
[2026-09-12 20:37:47][ERROR] [Login] johan2003@yopmail.com: SDK token error - sessionId منتهي الصلاحية
[2026-09-12 20:37:47][ERROR] ❌ [تسجيل الدخول] فشل الاتصال بالحساب johan2003@yopmail.com!
[2026-09-12 20:37:47][INFO] 🔒 تم إغلاق اتصال الحساب johan2003@yopmail.com بأمان.
[2026-09-12 20:37:47][INFO] ✅ انتهت الدورة #1 في 1ث — الدورة القادمة الساعة: 22:07:46
[2026-09-12 20:37:47][INFO] 💤 انتظار 90.0 دقيقة...
[2026-09-12 20:37:47][INFO] Login Server: 119.8.212.255:10000
[2026-09-12 20:37:47][INFO] 📋 تم تحميل 16 حساب من session_cache.json
[2026-09-12 20:37:47][INFO] ✅ تم تحميل إعدادات Firebase من: E:\osmanli\.bot_config_e4tWS8v10m2nDHyzad0M.json
[2026-09-12 20:37:47][INFO] 📋 تم تحميل 16 حساب من session_cache.json
[2026-09-12 20:37:47][INFO]   Challenge: suTQZ39OOAo=
[2026-09-12 20:37:47][INFO] 🔁 وضع التشغيل المستمر نشط — دورة كل 90 دقيقة
[2026-09-12 20:37:47][INFO]   ClientKey sent: UYGKFOKuzlA=
[2026-09-12 20:37:47][INFO]   📅 مهام مُجدوَلة (9 مهمة):
     • research: {'times_per_day': 2} | آخر تشغيل: لم تُشغَّل بعد
     • tactics_hall: {'times_per_day': 2} | آخر تشغيل: لم تُشغَّل بعد
     • fountain: {'times_per_day': 2} | آخر تشغيل: لم تُشغَّل بعد
     • material_workshop: {'times_per_day': 2} | آخر تشغيل: لم تُشغَّل بعد
     • caravan: {'times_per_day': 2} | آخر تشغيل: لم تُشغَّل بعد
     • port_delegate: {'times_per_day': 3} | آخر تشغيل: لم تُشغَّل بعد
     • savings_bank: {'times_per_day': 1} | آخر تشغيل: لم تُشغَّل بعد
     • building: {'times_per_day': 1} | آخر تشغيل: لم تُشغَّل بعد
     • prestige: {'hours': [3]} | آخر تشغيل: لم تُشغَّل بعد
[2026-09-12 20:37:47][INFO] 🔄 دورة رقم #1 — بدأت 2026-09-12 20:37:47
[2026-09-12 20:37:47][INFO]   ServerKey: FS2hL90LTn0=
ل] بدء الاتصال بالحساب: johan2003@yopmail.com...
[2026-09-12 20:37:47][INFO]   Auth resp: 406 Not Acceptable
[2026-09-12 20:37:47][INFO]   Secret: 2221be598786a864
[2026-09-12 20:37:47][INFO]   HMAC sent: Xiw3sNZnwU4=
[2026-09-12 20:37:47][ERROR] [Login] johan2003@yopmail.com: SDK token error - sessionId منتهي الصلاحية
[2026-09-12 20:37:47][ERROR] ❌ [تسجيل الدخول] فشل الاتصال بالحساب johan2003@yopmail.com!
[2026-09-12 20:37:47][INFO] 🔒 تم إغلاق اتصال الحساب johan2003@yopmail.com بأمان.
[2026-09-12 20:37:47][INFO] ✅ انتهت الدورة #1 في 1ث — الدورة القادمة الساعة: 22:07:46
[2026-09-12 20:37:47][INFO] 💤 انتظار 90.0 دقيقة...
[2026-09-12 20:37:47][ERROR] [Gate] Handshake failed: b'404 User Not Found'
[2026-09-12 20:37:47][ERROR] ❌ [تسجيل الدخول] فشل الاتصال بالحساب johan2003@yopmail.com!
[2026-09-12 20:37:47][INFO] 🔒 تم إغلاق اتصال الحساب johan2003@yopmail.com بأمان.
[2026-09-12 20:37:47][INFO] ✅ انتهت الدورة #1 في 1ث — الدورة القادمة الساعة: 22:07:45
[2026-09-12 20:37:47][INFO] 💤 انتظار 90.0 دقيقة...
[2026-09-12 20:37:47][INFO]   Handshake resp: 200 challenge success
[2026-09-12 20:37:47][INFO] DH Handshake...
[2026-09-12 20:37:47][INFO]   Auth resp: 406 Not Acceptable
[2026-09-12 20:37:47][ERROR] [Login] johan2003@yopmail.com: SDK token error - sessionId منتهي الصلاحية
[2026-09-12 20:37:47][ERROR] ❌ [تسجيل الدخول] فشل الاتصال بالحساب johan2003@yopmail.com!
[2026-09-12 20:37:47][INFO] 🔒 تم إغلاق اتصال الحساب johan2003@yopmail.com بأمان.
[2026-09-12 20:37:47][INFO] ✅ انتهت الدورة #1 في 1ث — الدورة القادمة الساعة: 22:07:46
[2026-09-12 20:37:47][INFO] 💤 انتظار 90.0 دقيقة...
[2026-09-12 20:37:47][INFO] 📋 تم تحميل 16 حساب من session_cache.json
[2026-09-12 20:37:47][INFO] ✅ تم تحميل إعدادات Firebase من: E:\osmanli\.bot_config_e4tWS8v10m2nDHyzad0M.json
[2026-09-12 20:37:47][INFO] 📋 تم تحميل 16 حساب من session_cache.json
[2026-09-12 20:37:47][INFO] 🔁 وضع التشغيل المستمر نشط — دورة كل 90 دقيقة
[2026-09-12 20:37:47][INFO]   📅 مهام مُجدوَلة (9 مهمة):
     • research: {'times_per_day': 2} | آخر تشغيل: لم تُشغَّل بعد
     • tactics_hall: {'times_per_day': 2} | آخر تشغيل: لم تُشغَّل بعد
     • fountain: {'times_per_day': 2} | آخر تشغيل: لم تُشغَّل بعد
     • material_workshop: {'times_per_day': 2} | آخر تشغيل: لم تُشغَّل بعد
     • caravan: {'times_per_day': 2} | آخر تشغيل: لم تُشغَّل بعد
     • port_delegate: {'times_per_day': 3} | آخر تشغيل: لم تُشغَّل بعد
     • savings_bank: {'times_per_day': 1} | آخر تشغيل: لم تُشغَّل بعد
     • building: {'times_per_day': 1} | آخر تشغيل: لم تُشغَّل بعد
     • prestige: {'hours': [3]} | آخر تشغيل: لم تُشغَّل بعد
[2026-09-12 20:37:47][INFO] 🔄 دورة رقم #1 — بدأت 2026-09-12 20:37:47
[2026-09-12 20:37:47][INFO] 🔐 [تسجيل الدخول] بدء الاتصال بالحساب: johan2003@yopmail.com...
[2026-09-12 20:37:47][INFO]   Auth resp: 200 TWpVNUBhMjlvWDJkaGJXVmZNalk9QE1URTVMamd1TWpFekxqRXpNUT09QE5EQXdNQT09QE1qZ3hOakkzQE1UQTJNREEzTkRN
[2026-09-12 20:37:47][INFO]   Gate: 119.8.213.131:4000
[2026-09-12 20:37:47][INFO]   UID: 10600743 Server: koh_game_26
[2026-09-12 20:37:47][INFO] [Login] ✓ johan2003@yopmail.com → Gate 119.8.213.131:4000 uid=10600743
[2026-09-12 20:37:47][INFO] DH Handshake...
[2026-09-12 20:37:47][ERROR] [Login] johan2003@yopmail.com: SDK token error - sessionId منتهي الصلاحية
[2026-09-12 20:37:47][ERROR] ❌ [تسجيل الدخول] فشل الاتصال بالحساب johan2003@yopmail.com!
[2026-09-12 20:37:47][INFO] 🔒 تم إغلاق اتصال الحساب johan2003@yopmail.com بأمان.
[2026-09-12 20:37:47][INFO] ✅ انتهت الدورة #1 في 1ث — الدورة القادمة الساعة: 22:07:46
[2026-09-12 20:37:47][INFO] 💤 انتظار 90.0 دقيقة...
[2026-09-12 20:37:47][INFO] Login Server: 119.8.212.255:10000
[2026-09-12 20:37:47][INFO] ⏳ متبقي على إعادة محاولة الدخول: 30 ثانية...
[2026-09-12 20:37:47][INFO]   Token sent
[2026-09-12 20:37:47][INFO]   Handshake resp: 200 challenge success
[2026-09-12 20:37:47][INFO]   ServerKey: iG6061UtD5g=
[2026-09-12 20:37:47][INFO]   Secret: 3838b24f295a13ae
[2026-09-12 20:37:47][INFO]   HMAC sent: PS0hzg0pmPU=
[2026-09-12 20:37:47][INFO]   Challenge: YInXxRpNCV8=
[2026-09-12 20:37:47][INFO]   ClientKey sent: qDJYH68BMmI=
[2026-09-12 20:37:47][INFO] Login Server: 119.8.212.255:10000
[2026-09-12 20:37:47][INFO]   Token sent
[2026-09-12 20:37:47][INFO]   Token sent
[2026-09-12 20:37:47][INFO] DH Handshake...
[2026-09-12 20:37:47][INFO]   Challenge: iA62Yni1kIo=
[2026-09-12 20:37:47][INFO]   ClientKey sent: bAxnuHXp90s=
[2026-09-12 20:37:47][INFO]   ServerKey: X0ijAynI08k=
[2026-09-12 20:37:47][INFO]   Secret: a1c68d71305fbb1c
[2026-09-12 20:37:47][INFO]   HMAC sent: 779vyn+pIwk=
[2026-09-12 20:37:47][INFO]   Handshake resp: 200 challenge success
[2026-09-12 20:37:47][INFO] DH Handshake...
[2026-09-12 20:37:47][INFO]   Token sent
[2026-09-12 20:37:47][INFO]   Auth resp: 406 Not Acceptable
[2026-09-12 20:37:47][INFO]   Challenge: yuFm0EBfrWM=
[2026-09-12 20:37:47][INFO]   ClientKey sent: IRsLRV895aI=
[2026-09-12 20:37:47][ERROR] [Login] johan2003@yopmail.com: SDK token error - sessionId منتهي الصلاحية
[2026-09-12 20:37:47][ERROR] ❌ [تسجيل الدخول] فشل الاتصال بالحساب johan2003@yopmail.com!
[2026-09-12 20:37:47][INFO] 🔒 تم إغلاق اتصال الحساب johan2003@yopmail.com بأمان.
[2026-09-12 20:37:47][INFO] [Gate] ✓ 119.8.213.131:4000 uid=10600743
[2026-09-12 20:37:47][INFO] ⏳ انتظار مزامنة الحزم الأولية من السيرفر...
[2026-09-12 20:37:47][INFO]   Auth resp: 406 Not Acceptable
[2026-09-12 20:37:47][INFO] ✅ انتهت الدورة #1 في 1ث — الدورة القادمة الساعة: 22:07:46
[2026-09-12 20:37:47][INFO] 💤 انتظار 90.0 دقيقة...
[2026-09-12 20:37:47][ERROR] [Login] johan2003@yopmail.com: SDK token error - sessionId منتهي الصلاحية
[2026-09-12 20:37:47][ERROR] ❌ [تسجيل الدخول] فشل الاتصال بالحساب johan2003@yopmail.com!
[2026-09-12 20:37:47][INFO] 🔒 تم إغلاق اتصال الحساب johan2003@yopmail.com بأمان.
[2026-09-12 20:37:47][INFO] ✅ انتهت الدورة #1 في 1ث — الدورة القادمة الساعة: 22:07:46
[2026-09-12 20:37:47][INFO] 💤 انتظار 90.0 دقيقة...
[2026-09-12 20:37:47][WARNING] [Gate] ⚠️ انقطع الاتصال بالحساب (السبب: other_device)
[2026-09-12 20:37:47][WARNING] ⚠️ [تنبيه السيرفر] انقطع اتصال الحساب johan2003@yopmail.com (السبب: other_device)
[2026-09-12 20:37:47][INFO]   ServerKey: MmkGVNiuGRw=
[2026-09-12 20:37:47][INFO]   Secret: 5ad77ee3d3738de6
[2026-09-12 20:37:47][INFO]   HMAC sent: IxmBr3ce86E=
[2026-09-12 20:37:47][INFO] ✅ [تسجيل الدخول] تم الاتصال والمصافحة بنجاح 100%!
[2026-09-12 20:37:47][INFO] 🔍 [الاستعلام الشامل] جلب كافة بيانات ومعلومات الحساب من السيرفر...
[2026-09-12 20:37:47][WARNING] ⚠️ تم رصد انقطاع الاتصال قبل بدء المهمة [🌾 حصد مزارع المدينة (City Harvest)] (السبب: دخول شخص آخر إلى الحساب (Other Device Login))
[2026-09-12 20:37:47][WARNING] ⚠️ [انقطاع الاتصال] تم رصد انقطاع الاتصال بالحساب (السبب: دخول شخص آخر إلى الحساب (Other Device Login))!
[2026-09-12 20:37:47][WARNING] ⏳ سيتوقف البوت مؤقتاً وينتظر 60 ثانية (دقيقة واحدة) لإفساح المجال ثم إعادة الدخول...
[2026-09-12 20:37:47][INFO] ⏳ [المحاولة 1/10] انتظار 60 ثانية (دقيقة واحدة)...
[2026-09-12 20:37:47][INFO] ⏳ متبقي على إعادة محاولة الدخول: 60 ثانية...
[2026-09-12 20:37:47][INFO]   Handshake resp: 200 challenge success
[2026-09-12 20:37:47][INFO]   Challenge: uJNkGEDHixg=
[2026-09-12 20:37:47][INFO]   ClientKey sent: vh9fiwHqaso=
[2026-09-12 20:37:47][INFO]   ServerKey: eC9mp/DCHX4=
[2026-09-12 20:37:47][INFO]   Secret: 79956b7356d1b1eb
[2026-09-12 20:37:47][INFO]   HMAC sent: QTECwFmMHuQ=
[2026-09-12 20:37:47][INFO]   Auth resp: 406 Not Acceptable
[2026-09-12 20:37:47][ERROR] [Login] johan2003@yopmail.com: SDK token error - sessionId منتهي الصلاحية
[2026-09-12 20:37:47][ERROR] ❌ [تسجيل الدخول] فشل الاتصال بالحساب johan2003@yopmail.com!
[2026-09-12 20:37:47][INFO] 🔒 تم إغلاق اتصال الحساب johan2003@yopmail.com بأمان.
[2026-09-12 20:37:47][INFO] ✅ انتهت الدورة #1 في 1ث — الدورة القادمة الساعة: 22:07:47
[2026-09-12 20:37:47][INFO] 💤 انتظار 90.0 دقيقة...
[2026-09-12 20:37:47][INFO]   Handshake resp: 200 challenge success
[2026-09-12 20:37:47][INFO]   Auth resp: 200 TWpVNUBhMjlvWDJkaGJXVmZNalk9QE1URTVMamd1TWpFekxqRXpNUT09QE5EQXdNQT09QE1qZ3hOakk0QE1UQTJNREEzTkRN
[2026-09-12 20:37:47][INFO]   Gate: 119.8.213.131:4000
[2026-09-12 20:37:47][INFO]   Token sent
3 Server: koh_game_26
[2026-09-12 20:37:47][INFO] [Login] ✓ johan2003@yopmail.com → Gate 119.8.213.131:4000 uid=10600743
[2026-09-12 20:37:47][INFO]   Token sent
[2026-09-12 20:37:47][INFO]   ServerKey: +g+t/jmkzRs=
[2026-09-12 20:37:47][INFO]   Secret: a040b272c2c2ff1a
[2026-09-12 20:37:47][INFO]   HMAC sent: BGqMoItJQNQ=
[2026-09-12 20:37:47][INFO]   Handshake resp: 200 challenge success
[2026-09-12 20:37:47][INFO]   Token sent
[2026-09-12 20:37:47][INFO]   Handshake resp: 200 challenge success
[2026-09-12 20:37:47][INFO]   Auth resp: 406 Not Acceptable
[2026-09-12 20:37:47][ERROR] [Login] johan2003@yopmail.com: SDK token error - sessionId منتهي الصلاحية
[2026-09-12 20:37:47][ERROR] ❌ [تسجيل الدخول] فشل الاتصال بالحساب johan2003@yopmail.com!
[2026-09-12 20:37:47][INFO] 🔒 تم إغلاق اتصال الحساب johan2003@yopmail.com بأمان.
[2026-09-12 20:37:47][INFO] ✅ انتهت الدورة #1 في 1ث — الدورة القادمة الساعة: 22:07:47
[2026-09-12 20:37:47][INFO] 💤 انتظار 90.0 دقيقة...
[2026-09-12 20:37:47][INFO]   Token sent
[2026-09-12 20:37:47][INFO]   Auth resp: 406 Not Acceptable
[2026-09-12 20:37:47][ERROR] [Login] johan2003@yopmail.com: SDK token error - sessionId منتهي الصلاحية
[2026-09-12 20:37:47][ERROR] ❌ [تسجيل الدخول] فشل الاتصال بالحساب johan2003@yopmail.com!
[2026-09-12 20:37:47][INFO] 🔒 تم إغلاق اتصال الحساب johan2003@yopmail.com بأمان.
[2026-09-12 20:37:47][INFO] ✅ انتهت الدورة #1 في 1ث — الدورة القادمة الساعة: 22:07:47
[2026-09-12 20:37:47][INFO] 💤 انتظار 90.0 دقيقة...
[2026-09-12 20:37:47][ERROR] [Gate] Handshake failed: b'404 User Not Found'
[2026-09-12 20:37:47][ERROR] ❌ [تسجيل الدخول] فشل الاتصال بالحساب johan2003@yopmail.com!
[2026-09-12 20:37:47][INFO] 🔒 تم إغلاق اتصال الحساب johan2003@yopmail.com بأمان.
[2026-09-12 20:37:47][INFO] ✅ انتهت الدورة #1 في 1ث — الدورة القادمة الساعة: 22:07:46
[2026-09-12 20:37:47][INFO] 💤 انتظار 90.0 دقيقة...
[2026-09-12 20:37:48][INFO]   Auth resp: 406 Not Acceptable
[2026-09-12 20:37:48][ERROR] [Login] johan2003@yopmail.com: SDK token error - sessionId منتهي الصلاحية
[2026-09-12 20:37:48][ERROR] ❌ [تسجيل الدخول] فشل الاتصال بالحساب johan2003@yopmail.com!
[2026-09-12 20:37:48][INFO] 🔒 تم إغلاق اتصال الحساب johan2003@yopmail.com بأمان.
[2026-09-12 20:37:48][INFO] ✅ انتهت الدورة #1 في 1ث — الدورة القادمة الساعة: 22:07:47
[2026-09-12 20:37:48][INFO] 💤 انتظار 90.0 دقيقة...
[2026-09-12 20:37:48][INFO] 📋 تم تحميل 16 حساب من session_cache.json
[2026-09-12 20:37:48][INFO]   Auth resp: 200 TWpVNUBhMjlvWDJkaGJXVmZNalk9QE1URTVMamd1TWpFekxqRXpNUT09QE5EQXdNQT09QE1qZ3hOakk1QE1UQTJNREEzTkRN
[2026-09-12 20:37:48][INFO]   Gate: 119.8.213.131:4000
[2026-09-12 20:37:48][INFO]   UID: 10600743 Server: koh_game_26
[2026-09-12 20:37:48][INFO] ✅ تم تحميل إعدادات Firebase من: E:\osmanli\.bot_config_e4tWS8v10m2nDHyzad0M.json
[2026-09-12 20:37:48][INFO] [Login] ✓ johan2003@yopmail.com → Gate 119.8.213.131:4000 uid=10600743
[2026-09-12 20:37:48][INFO] 📋 تم تحميل 16 حساب من session_cache.json
[2026-09-12 20:37:48][INFO] 🔁 وضع التشغيل المستمر نشط — دورة كل 90 دقيقة
[2026-09-12 20:37:48][INFO]   📅 مهام مُجدوَلة (9 مهمة):
     • research: {'times_per_day': 2} | آخر تشغيل: لم تُشغَّل بعد
     • tactics_hall: {'times_per_day': 2} | آخر تشغيل: لم تُشغَّل بعد
     • fountain: {'times_per_day': 2} | آخر تشغيل: لم تُشغَّل بعد
     • material_workshop: {'times_per_day': 2} | آخر تشغيل: لم تُشغَّل بعد
     • caravan: {'times_per_day': 2} | آخر تشغيل: لم تُشغَّل بعد
     • port_delegate: {'times_per_day': 3} | آخر تشغيل: لم تُشغَّل بعد
     • savings_bank: {'times_per_day': 1} | آخر تشغيل: لم تُشغَّل بعد
     • building: {'times_per_day': 1} | آخر تشغيل: لم تُشغَّل بعد
     • prestige: {'hours': [3]} | آخر تشغيل: لم تُشغَّل بعد
[2026-09-12 20:37:48][INFO] 🔄 دورة رقم #1 — بدأت 2026-09-12 20:37:48
[2026-09-12 20:37:48][INFO] 🔐 [تسجيل الدخول] بدء الاتصال بالحساب: johan2003@yopmail.com...
[2026-09-12 20:37:48][INFO] Login Server: 119.8.212.255:10000
[2026-09-12 20:37:48][INFO] 📋 تم تحميل 16 حساب من session_cache.json
[2026-09-12 20:37:48][INFO] 📋 تم تحميل 16 حساب من session_cache.json
[2026-09-12 20:37:48][INFO] ✅ تم تحميل إعدادات Firebase من: E:\osmanli\.bot_config_e4tWS8v10m2nDHyzad0M.json
[2026-09-12 20:37:48][INFO] ✅ تم تحميل إعدادات Firebase من: E:\osmanli\.bot_config_e4tWS8v10m2nDHyzad0M.json
[2026-09-12 20:37:48][INFO] 📋 تم تحميل 16 حساب من session_cache.json
[2026-09-12 20:37:48][INFO] 📋 تم تحميل 16 حساب من session_cache.json
[2026-09-12 20:37:48][INFO] 🔁 وضع التشغيل المستمر نشط — دورة كل 90 دقيقة
[2026-09-12 20:37:48][INFO] 🔁 وضع التشغيل المستمر نشط — دورة كل 90 دقيقة
[2026-09-12 20:37:48][INFO]   📅 مهام مُجدوَلة (9 مهمة):
     • research: {'times_per_day': 2} | آخر تشغيل: لم تُشغَّل بعد
     • tactics_hall: {'times_per_day': 2} | آخر تشغيل: لم تُشغَّل بعد
     • fountain: {'times_per_day': 2} | آخر تشغيل: لم تُشغَّل بعد
     • material_workshop: {'times_per_day': 2} | آخر تشغيل: لم تُشغَّل بعد
     • caravan: {'times_per_day': 2} | آخر تشغيل: لم تُشغَّل بعد
     • port_delegate: {'times_per_day': 3} | آخر تشغيل: لم تُشغَّل بعد
     • savings_bank: {'times_per_day': 1} | آخر تشغيل: لم تُشغَّل بعد
     • building: {'times_per_day': 1} | آخر تشغيل: لم تُشغَّل بعد
     • prestige: {'hours': [3]} | آخر تشغيل: لم تُشغَّل بعد
[2026-09-12 20:37:48][INFO] 🔄 دورة رقم #1 — بدأت 2026-09-12 20:37:48
esearch: {'times_per_day': 2} | آخر تشغيل: لم تُشغَّل بعد
     • tactics_hall: {'times_per_day': 2} | آخر تشغيل: لم تُشغَّل بعد
     • fountain: {'times_per_day': 2} | آخر تشغيل: لم تُشغَّل بعد
     • material_workshop: {'times_per_day': 2} | آخر تشغيل: لم تُشغَّل بعد
     • caravan: {'times_per_day': 2} | آخر تشغيل: لم تُشغَّل بعد
     • port_delegate: {'times_per_day': 3} | آخر تشغيل: لم تُشغَّل بعد
     • savings_bank: {'times_per_day': 1} | آخر تشغيل: لم تُشغَّل بعد
     • building: {'times_per_day': 1} | آخر تشغيل: لم تُشغَّل بعد
     • prestige: {'hours': [3]} | آخر تشغيل: لم تُشغَّل بعد
[2026-09-12 20:37:48][INFO] 🔐 [تسجيل الدخول] بدء الاتصال بالحساب: johan2003@yopmail.com...
[2026-09-12 20:37:48][INFO] 🔐 [تسجيل الدخول] بدء الاتصال بالحساب: johan2003@yopmail.com...
[2026-09-12 20:37:48][INFO] DH Handshake...
[2026-09-12 20:37:48][INFO] 📋 تم تحميل 16 حساب من session_cache.json
[2026-09-12 20:37:48][INFO] ✅ تم تحميل إعدادات Firebase من: E:\osmanli\.bot_config_e4tWS8v10m2nDHyzad0M.json
[2026-09-12 20:37:48][INFO] 📋 تم تحميل 16 حساب من session_cache.json
[2026-09-12 20:37:48][INFO] 🔁 وضع التشغيل المستمر نشط — دورة كل 90 دقيقة
[2026-09-12 20:37:48][INFO]   📅 مهام مُجدوَلة (9 مهمة):
     • research: {'times_per_day': 2} | آخر تشغيل: لم تُشغَّل بعد
     • tactics_hall: {'times_per_day': 2} | آخر تشغيل: لم تُشغَّل بعد
     • fountain: {'times_per_day': 2} | آخر تشغيل: لم تُشغَّل بعد
     • material_workshop: {'times_per_day': 2} | آخر تشغيل: لم تُشغَّل بعد
     • caravan: {'times_per_day': 2} | آخر تشغيل: لم تُشغَّل بعد
     • port_delegate: {'times_per_day': 3} | آخر تشغيل: لم تُشغَّل بعد
     • savings_bank: {'times_per_day': 1} | آخر تشغيل: لم تُشغَّل بعد
     • building: {'times_per_day': 1} | آخر تشغيل: لم تُشغَّل بعد
     • prestige: {'hours': [3]} | آخر تشغيل: لم تُشغَّل بعد
[2026-09-12 20:37:48][INFO] 🔄 دورة رقم #1 — بدأت 2026-09-12 20:37:48
[2026-09-12 20:37:48][INFO] 🔐 [تسجيل الدخول] بدء الاتصال بالحساب: johan2003@yopmail.com...
[2026-09-12 20:37:48][INFO] Login Server: 119.8.212.255:10000
[2026-09-12 20:37:48][INFO] Login Server: 119.8.212.255:10000
[2026-09-12 20:37:48][INFO] [Gate] ✓ 119.8.213.131:4000 uid=10600743
[2026-09-12 20:37:48][INFO] ⏳ انتظار مزامنة الحزم الأولية من السيرفر...
[2026-09-12 20:37:48][INFO] 📋 تم تحميل 16 حساب من session_cache.json
[2026-09-12 20:37:48][INFO] ✅ تم تحميل إعدادات Firebase من: E:\osmanli\.bot_config_e4tWS8v10m2nDHyzad0M.json
[2026-09-12 20:37:48][INFO] 📋 تم تحميل 16 حساب من session_cache.json
[2026-09-12 20:37:48][INFO] 🔁 وضع التشغيل المستمر نشط — دورة كل 90 دقيقة
[2026-09-12 20:37:48][INFO]   📅 مهام مُجدوَلة (9 مهمة):
     • research: {'times_per_day': 2} | آخر تشغيل: لم تُشغَّل بعد
     • tactics_hall: {'times_per_day': 2} | آخر تشغيل: لم تُشغَّل بعد
     • fountain: {'times_per_day': 2} | آخر تشغيل: لم تُشغَّل بعد
     • material_workshop: {'times_per_day': 2} | آخر تشغيل: لم تُشغَّل بعد
     • caravan: {'times_per_day': 2} | آخر تشغيل: لم تُشغَّل بعد
     • port_delegate: {'times_per_day': 3} | آخر تشغيل: لم تُشغَّل بعد
     • savings_bank: {'times_per_day': 1} | آخر تشغيل: لم تُشغَّل بعد
     • building: {'times_per_day': 1} | آخر تشغيل: لم تُشغَّل بعد
     • prestige: {'hours': [3]} | آخر تشغيل: لم تُشغَّل بعد
[2026-09-12 20:37:48][INFO] 🔄 دورة رقم #1 — بدأت 2026-09-12 20:37:48
[2026-09-12 20:37:48][INFO] 🔐 [تسجيل الدخول] بدء الاتصال بالحساب: johan2003@yopmail.com...
[2026-09-12 20:37:48][INFO]   Challenge: rKnoLeIccd8=
[2026-09-12 20:37:48][INFO]   ClientKey sent: IVJGtAEU8JQ=
[2026-09-12 20:37:48][INFO] DH Handshake...
[2026-09-12 20:37:48][INFO] 📋 تم تحميل 16 حساب من session_cache.json
[2026-09-12 20:37:48][INFO] ✅ [تسجيل الدخول] تم الاتصال والمصافحة بنجاح 100%!
[2026-09-12 20:37:48][INFO] 🔍 [الاستعلام الشامل] جلب كافة بيانات ومعلومات الحساب من السيرفر...
[2026-09-12 20:37:48][WARNING] ⚠️ تم رصد انقطاع الاتصال قبل بدء المهمة [🌾 حصد مزارع المدينة (City Harvest)] (السبب: دخول شخص آخر إلى الحساب (Other Device Login))
[2026-09-12 20:37:48][WARNING] ⚠️ [انقطاع الاتصال] تم رصد انقطاع الاتصال بالحساب (السبب: دخول شخص آخر إلى الحساب (Other Device Login))!
[2026-09-12 20:37:48][WARNING] ⏳ سيتوقف البوت مؤقتاً وينتظر 60 ثانية (دقيقة واحدة) لإفساح المجال ثم إعادة الدخول...
[2026-09-12 20:37:48][INFO] ⏳ [المحاولة 1/10] انتظار 60 ثانية (دقيقة واحدة)...
[2026-09-12 20:37:48][INFO] ⏳ متبقي على إعادة محاولة الدخول: 60 ثانية...
[2026-09-12 20:37:48][INFO] DH Handshake...
[2026-09-12 20:37:48][INFO] Login Server: 119.8.212.255:10000
[2026-09-12 20:37:48][INFO] ✅ تم تحميل إعدادات Firebase من: E:\osmanli\.bot_config_e4tWS8v10m2nDHyzad0M.json
[2026-09-12 20:37:48][INFO] 📋 تم تحميل 16 حساب من session_cache.json
[2026-09-12 20:37:48][INFO] 🔁 وضع التشغيل المستمر نشط — دورة كل 90 دقيقة
[2026-09-12 20:37:48][INFO]   📅 مهام مُجدوَلة (9 مهمة):
     • research: {'times_per_day': 2} | آخر تشغيل: لم تُشغَّل بعد
     • tactics_hall: {'times_per_day': 2} | آخر تشغيل: لم تُشغَّل بعد
     • fountain: {'times_per_day': 2} | آخر تشغيل: لم تُشغَّل بعد
     • material_workshop: {'times_per_day': 2} | آخر تشغيل: لم تُشغَّل بعد
     • caravan: {'times_per_day': 2} | آخر تشغيل: لم تُشغَّل بعد
     • port_delegate: {'times_per_day': 3} | آخر تشغيل: لم تُشغَّل بعد
     • savings_bank: {'times_per_day': 1} | آخر تشغيل: لم تُشغَّل بعد
     • building: {'times_per_day': 1} | آخر تشغيل: لم تُشغَّل بعد
     • prestige: {'hours': [3]} | آخر تشغيل: لم تُشغَّل بعد
[2026-09-12 20:37:48][INFO] 🔄 دورة رقم #1 — بدأت 2026-09-12 20:37:48
[2026-09-12 20:37:48][INFO] 🔐 [تسجيل الدخول] بدء الاتصال بالحساب: johan2003@yopmail.com...
[2026-09-12 20:37:48][INFO]   Challenge: +/ex3iRdiAw=
[2026-09-12 20:37:48][INFO]   ServerKey: FKITRX3w1+I=
[2026-09-12 20:37:48][INFO]   Secret: fa9db5e15ec34497
[2026-09-12 20:37:48][INFO]   ClientKey sent: I/nPM3OTqk0=
[2026-09-12 20:37:48][INFO]   HMAC sent: DGro1WhclJI=
[2026-09-12 20:37:48][INFO]   Challenge: imoo+0mc0ko=
[2026-09-12 20:37:48][INFO]   ClientKey sent: pDLWdj6TSlk=
[2026-09-12 20:37:48][INFO] 📋 تم تحميل 16 حساب من session_cache.json
[2026-09-12 20:37:48][INFO] ✅ تم تحميل إعدادات Firebase من: E:\osmanli\.bot_config_e4tWS8v10m2nDHyzad0M.json
[2026-09-12 20:37:48][INFO] 📋 تم تحميل 16 حساب من session_cache.json
[2026-09-12 20:37:48][INFO] 🔁 وضع التشغيل المستمر نشط — دورة كل 90 دقيقة
[2026-09-12 20:37:48][INFO]   📅 مهام مُجدوَلة (9 مهمة):
     • research: {'times_per_day': 2} | آخر تشغيل: لم تُشغَّل بعد
     • tactics_hall: {'times_per_day': 2} | آخر تشغيل: لم تُشغَّل بعد
     • fountain: {'times_per_day': 2} | آخر تشغيل: لم تُشغَّل بعد
     • material_workshop: {'times_per_day': 2} | آخر تشغيل: لم تُشغَّل بعد
     • caravan: {'times_per_day': 2} | آخر تشغيل: لم تُشغَّل بعد
     • port_delegate: {'times_per_day': 3} | آخر تشغيل: لم تُشغَّل بعد
     • savings_bank: {'times_per_day': 1} | آخر تشغيل: لم تُشغَّل بعد
     • building: {'times_per_day': 1} | آخر تشغيل: لم تُشغَّل بعد
     • prestige: {'hours': [3]} | آخر تشغيل: لم تُشغَّل بعد
[2026-09-12 20:37:48][INFO] 🔄 دورة رقم #1 — بدأت 2026-09-12 20:37:48
[2026-09-12 20:37:48][INFO] 🔐 [تسجيل الدخول] بدء الاتصال بالحساب: johan2003@yopmail.com...
[2026-09-12 20:37:48][INFO] Login Server: 119.8.212.255:10000
[2026-09-12 20:37:48][INFO] DH Handshake...
[2026-09-12 20:37:48][INFO] 📋 تم تحميل 16 حساب من session_cache.json
[2026-09-12 20:37:48][INFO]   Handshake resp: 200 challenge success
[2026-09-12 20:37:48][INFO]   ServerKey: K5xMv30a+Rc=
[2026-09-12 20:37:48][INFO]   Secret: 9efcf46d64cd4109
[2026-09-12 20:37:48][INFO]   HMAC sent: q7klqWjndlk=
[2026-09-12 20:37:48][INFO]   ServerKey: vOAyNKf7Y24=
[2026-09-12 20:37:48][INFO]   Secret: 0caef245e43631e2
[2026-09-12 20:37:48][INFO]   HMAC sent: LsVZGePxmmA=
[2026-09-12 20:37:48][INFO] ✅ تم تحميل إعدادات Firebase من: E:\osmanli\.bot_config_e4tWS8v10m2nDHyzad0M.json
[2026-09-12 20:37:48][INFO] 📋 تم تحميل 16 حساب من session_cache.json
[2026-09-12 20:37:48][INFO] 🔁 وضع التشغيل المستمر نشط — دورة كل 90 دقيقة
[2026-09-12 20:37:48][INFO]   📅 مهام مُجدوَلة (9 مهمة):
     • research: {'times_per_day': 2} | آخر تشغيل: لم تُشغَّل بعد
     • tactics_hall: {'times_per_day': 2} | آخر تشغيل: لم تُشغَّل بعد
     • fountain: {'times_per_day': 2} | آخر تشغيل: لم تُشغَّل بعد
     • material_workshop: {'times_per_day': 2} | آخر تشغيل: لم تُشغَّل بعد
     • caravan: {'times_per_day': 2} | آخر تشغيل: لم تُشغَّل بعد
     • port_delegate: {'times_per_day': 3} | آخر تشغيل: لم تُشغَّل بعد
     • savings_bank: {'times_per_day': 1} | آخر تشغيل: لم تُشغَّل بعد
     • building: {'times_per_day': 1} | آخر تشغيل: لم تُشغَّل بعد
     • prestige: {'hours': [3]} | آخر تشغيل: لم تُشغَّل بعد
[2026-09-12 20:37:48][INFO] 🔄 دورة رقم #1 — بدأت 2026-09-12 20:37:48
[2026-09-12 20:37:48][INFO] 🔐 [تسجيل الدخول] بدء الاتصال بالحساب: johan2003@yopmail.com...
[2026-09-12 20:37:48][INFO]   Token sent
[2026-09-12 20:37:48][INFO] DH Handshake...
[2026-09-12 20:37:48][INFO] Login Server: 119.8.212.255:10000
[2026-09-12 20:37:48][INFO]   Challenge: xJOtHbsUbZQ=
[2026-09-12 20:37:48][INFO]   ClientKey sent: ZUd9ZcfmINg=
[2026-09-12 20:37:48][INFO]   Handshake resp: 200 challenge success
[2026-09-12 20:37:48][INFO]   Handshake resp: 200 challenge success
[2026-09-12 20:37:48][INFO]   Challenge: WeLKJ2OKXgw=
[2026-09-12 20:37:48][INFO]   ClientKey sent: iVMFvwwBLbo=
[2026-09-12 20:37:48][INFO]   Token sent
[2026-09-12 20:37:48][INFO]   Token sent
[2026-09-12 20:37:48][INFO] DH Handshake...
[2026-09-12 20:37:48][INFO] Login Server: 119.8.212.255:10000
[2026-09-12 20:37:48][INFO]   ServerKey: uSC8SW7IN0Q=
[2026-09-12 20:37:48][INFO]   Secret: e2dda8906e6d2687
[2026-09-12 20:37:48][INFO]   HMAC sent: AXC9Eer3lbY=
[2026-09-12 20:37:48][WARNING] [Gate] ⚠️ انقطع الاتصال بالحساب (السبب: other_device)
[2026-09-12 20:37:48][WARNING] ⚠️ [تنبيه السيرفر] انقطع اتصال الحساب johan2003@yopmail.com (السبب: other_device)
[2026-09-12 20:37:48][INFO]   ServerKey: IEpIOZu7Bbc=
[2026-09-12 20:37:48][INFO]   Secret: 1fb97bb9b8a23416
[2026-09-12 20:37:48][INFO]   HMAC sent: VggtyDBVV3A=
[2026-09-12 20:37:48][INFO]   Auth resp: 406 Not Acceptable
[2026-09-12 20:37:48][ERROR] [Login] johan2003@yopmail.com: SDK token error - sessionId منتهي الصلاحية
[2026-09-12 20:37:48][ERROR] ❌ [تسجيل الدخول] فشل الاتصال بالحساب johan2003@yopmail.com!
[2026-09-12 20:37:48][INFO] 🔒 تم إغلاق اتصال الحساب johan2003@yopmail.com بأمان.
[2026-09-12 20:37:48][INFO] ✅ انتهت الدورة #1 في 1ث — الدورة القادمة الساعة: 22:07:48
[2026-09-12 20:37:48][INFO] 💤 انتظار 90.0 دقيقة...
[2026-09-12 20:37:48][INFO]   Auth resp: 406 Not Acceptable
[2026-09-12 20:37:48][ERROR] [Login] johan2003@yopmail.com: SDK token error - sessionId منتهي الصلاحية
[2026-09-12 20:37:48][ERROR] ❌ [تسجيل الدخول] فشل الاتصال بالحساب johan2003@yopmail.com!
[2026-09-12 20:37:48][INFO] 🔒 تم إغلاق اتصال الحساب johan2003@yopmail.com بأمان.
[2026-09-12 20:37:48][INFO] ✅ انتهت الدورة #1 في 1ث — الدورة القادمة الساعة: 22:07:48
[2026-09-12 20:37:48][INFO] 💤 انتظار 90.0 دقيقة...
[2026-09-12 20:37:48][INFO]   Challenge: UAdhu0070rA=
[2026-09-12 20:37:48][INFO]   ClientKey sent: ngRUz+lt4Wc=
[2026-09-12 20:37:48][INFO] Login Server: 119.8.212.255:10000
[2026-09-12 20:37:48][INFO]   Handshake resp: 200 challenge success
[2026-09-12 20:37:48][INFO] DH Handshake...
[2026-09-12 20:37:48][INFO]   Token sent
[2026-09-12 20:37:48][INFO]   Handshake resp: 200 challenge success
[2026-09-12 20:37:48][INFO] ✅ [تسجيل الدخول] تم الاتصال والمصافحة بنجاح 100%!
[2026-09-12 20:37:48][INFO] 🔍 [الاستعلام الشامل] جلب كافة بيانات ومعلومات الحساب من السيرفر...
[2026-09-12 20:37:48][WARNING] ⚠️ تم رصد انقطاع الاتصال قبل بدء المهمة [🌾 حصد مزارع المدينة (City Harvest)] (السبب: دخول شخص آخر إلى الحساب (Other Device Login))
[2026-09-12 20:37:48][WARNING] ⚠️ [انقطاع الاتصال] تم رصد انقطاع الاتصال بالحساب (السبب: دخول شخص آخر إلى الحساب (Other Device Login))!
[2026-09-12 20:37:48][WARNING] ⏳ سيتوقف البوت مؤقتاً وينتظر 60 ثانية (دقيقة واحدة) لإفساح المجال ثم إعادة الدخول...
[2026-09-12 20:37:48][INFO] ⏳ [المحاولة 1/10] انتظار 60 ثانية (دقيقة واحدة)...
[2026-09-12 20:37:48][INFO] ⏳ متبقي على إعادة محاولة الدخول: 60 ثانية...
[2026-09-12 20:37:48][INFO]   Token sent
[2026-09-12 20:37:48][INFO]   ServerKey: jrEszPcWMfU=
[2026-09-12 20:37:48][INFO]   Auth resp: 200 TWpVNUBhMjlvWDJkaGJXVmZNalk9QE1URTVMamd1TWpFekxqRXpNUT09QE5EQXdNQT09QE1qZ3hOak13QE1UQTJNREEzTkRN
[2026-09-12 20:37:48][INFO]   Gate: 119.8.213.131:4000
[2026-09-12 20:37:48][INFO]   Secret: 17d86b3454fe8053
[2026-09-12 20:37:48][INFO]   UID: 10600743 Server: koh_game_26
[2026-09-12 20:37:48][INFO]   HMAC sent: ejBJWFhJd9g=
[2026-09-12 20:37:48][INFO] [Login] ✓ johan2003@yopmail.com → Gate 119.8.213.131:4000 uid=10600743
[2026-09-12 20:37:48][INFO]   Challenge: bDlqMCPeyrY=
[2026-09-12 20:37:48][INFO]   ClientKey sent: PZUUL3oTc34=
[2026-09-12 20:37:48][INFO] DH Handshake...
[2026-09-12 20:37:48][INFO] 📋 تم تحميل 16 حساب من session_cache.json
[2026-09-12 20:37:49][INFO] ✅ تم تحميل إعدادات Firebase من: E:\osmanli\.bot_config_e4tWS8v10m2nDHyzad0M.json
[2026-09-12 20:37:49][INFO] 📋 تم تحميل 16 حساب من session_cache.json
[2026-09-12 20:37:49][INFO] 🔁 وضع التشغيل المستمر نشط — دورة كل 90 دقيقة
[2026-09-12 20:37:49][INFO]   📅 مهام مُجدوَلة (9 مهمة):
     • research: {'times_per_day': 2} | آخر تشغيل: لم تُشغَّل بعد
     • tactics_hall: {'times_per_day': 2} | آخر تشغيل: لم تُشغَّل بعد
     • fountain: {'times_per_day': 2} | آخر تشغيل: لم تُشغَّل بعد
     • material_workshop: {'times_per_day': 2} | آخر تشغيل: لم تُشغَّل بعد
     • caravan: {'times_per_day': 2} | آخر تشغيل: لم تُشغَّل بعد
     • port_delegate: {'times_per_day': 3} | آخر تشغيل: لم تُشغَّل بعد
     • savings_bank: {'times_per_day': 1} | آخر تشغيل: لم تُشغَّل بعد
     • building: {'times_per_day': 1} | آخر تشغيل: لم تُشغَّل بعد
     • prestige: {'hours': [3]} | آخر تشغيل: لم تُشغَّل بعد
[2026-09-12 20:37:49][INFO] 🔄 دورة رقم #1 — بدأت 2026-09-12 20:37:49
[2026-09-12 20:37:49][INFO] 🔐 [تسجيل الدخول] بدء الاتصال بالحساب: johan2003@yopmail.com...
[2026-09-12 20:37:49][INFO]   Auth resp: 406 Not Acceptable
[2026-09-12 20:37:49][ERROR] [Login] johan2003@yopmail.com: SDK token error - sessionId منتهي الصلاحية
[2026-09-12 20:37:49][ERROR] ❌ [تسجيل الدخول] فشل الاتصال بالحساب johan2003@yopmail.com!
[2026-09-12 20:37:49][INFO] 🔒 تم إغلاق اتصال الحساب johan2003@yopmail.com بأمان.
[2026-09-12 20:37:49][INFO] ✅ انتهت الدورة #1 في 1ث — الدورة القادمة الساعة: 22:07:48
[2026-09-12 20:37:49][INFO] 💤 انتظار 90.0 دقيقة...
[2026-09-12 20:37:49][INFO] Login Server: 119.8.212.255:10000
[2026-09-12 20:37:49][INFO]   Handshake resp: 200 challenge success
[2026-09-12 20:37:49][INFO]   ServerKey: hNoVmeetdp8=
[2026-09-12 20:37:49][INFO]   Secret: eb5dab0ed2ef5251
[2026-09-12 20:37:49][INFO]   HMAC sent: ReZUtLfP+QI=
[2026-09-12 20:37:49][INFO]   Challenge: g5axVJQxTxc=
[2026-09-12 20:37:49][INFO]   ClientKey sent: TWcTc3VPico=
[2026-09-12 20:37:49][INFO]   Token sent
[2026-09-12 20:37:49][INFO] 📋 تم تحميل 16 حساب من session_cache.json
[2026-09-12 20:37:49][INFO] DH Handshake...
[2026-09-12 20:37:49][ERROR] [Gate] Handshake failed: b'404 User Not Found'
[2026-09-12 20:37:49][ERROR] ❌ [تسجيل الدخول] فشل الاتصال بالحساب johan2003@yopmail.com!
[2026-09-12 20:37:49][INFO] 🔒 تم إغلاق اتصال الحساب johan2003@yopmail.com بأمان.
[2026-09-12 20:37:49][INFO] ✅ انتهت الدورة #1 في 1ث — الدورة القادمة الساعة: 22:07:48
[2026-09-12 20:37:49][INFO] 💤 انتظار 90.0 دقيقة...
[2026-09-12 20:37:49][INFO]   Handshake resp: 200 challenge success
[2026-09-12 20:37:49][INFO]   ServerKey: yMLJ/cVNQHs=
[2026-09-12 20:37:49][INFO]   Secret: 245da40760f2b232
[2026-09-12 20:37:49][INFO]   HMAC sent: TGCgZKGCWTE=
[2026-09-12 20:37:49][INFO] 📋 تم تحميل 16 حساب من session_cache.json
[2026-09-12 20:37:49][INFO] ✅ تم تحميل إعدادات Firebase من: E:\osmanli\.bot_config_e4tWS8v10m2nDHyzad0M.json
[2026-09-12 20:37:49][INFO] 📋 تم تحميل 16 حساب من session_cache.json
[2026-09-12 20:37:49][INFO] 🔁 وضع التشغيل المستمر نشط — دورة كل 90 دقيقة
[2026-09-12 20:37:49][INFO]   📅 مهام مُجدوَلة (9 مهمة):
     • research: {'times_per_day': 2} | آخر تشغيل: لم تُشغَّل بعد
     • tactics_hall: {'times_per_day': 2} | آخر تشغيل: لم تُشغَّل بعد
     • fountain: {'times_per_day': 2} | آخر تشغيل: لم تُشغَّل بعد
     • material_workshop: {'times_per_day': 2} | آخر تشغيل: لم تُشغَّل بعد
     • caravan: {'times_per_day': 2} | آخر تشغيل: لم تُشغَّل بعد
     • port_delegate: {'times_per_day': 3} | آخر تشغيل: لم تُشغَّل بعد
     • savings_bank: {'times_per_day': 1} | آخر تشغيل: لم تُشغَّل بعد
     • building: {'times_per_day': 1} | آخر تشغيل: لم تُشغَّل بعد
     • prestige: {'hours': [3]} | آخر تشغيل: لم تُشغَّل بعد
[2026-09-12 20:37:49][INFO] 🔄 دورة رقم #1 — بدأت 2026-09-12 20:37:49
[2026-09-12 20:37:49][INFO] 🔐 [تسجيل الدخول] بدء الاتصال بالحساب: johan2003@yopmail.com...
[2026-09-12 20:37:49][INFO]   Token sent
[2026-09-12 20:37:49][INFO]   Auth resp: 406 Not Acceptable
[2026-09-12 20:37:49][ERROR] [Login] johan2003@yopmail.com: SDK token error - sessionId منتهي الصلاحية
[2026-09-12 20:37:49][ERROR] ❌ [تسجيل الدخول] فشل الاتصال بالحساب johan2003@yopmail.com!
[2026-09-12 20:37:49][INFO] 🔒 تم إغلاق اتصال الحساب johan2003@yopmail.com بأمان.
[2026-09-12 20:37:49][INFO] ✅ انتهت الدورة #1 في 1ث — الدورة القادمة الساعة: 22:07:48
[2026-09-12 20:37:49][INFO] 💤 انتظار 90.0 دقيقة...
[2026-09-12 20:37:49][INFO]   Auth resp: 200 TWpVNUBhMjlvWDJkaGJXVmZNalk9QE1URTVMamd1TWpFekxqRXpNUT09QE5EQXdNQT09QE1qZ3hOak14QE1UQTJNREEzTkRN
[2026-09-12 20:37:49][INFO]   Gate: 119.8.213.131:4000
[2026-09-12 20:37:49][INFO]   UID: 10600743 Server: koh_game_26
[2026-09-12 20:37:49][INFO] [Login] ✓ johan2003@yopmail.com → Gate 119.8.213.131:4000 uid=10600743
[2026-09-12 20:37:49][INFO]   Challenge: SCpVDCvZo9w=
[2026-09-12 20:37:49][INFO]   ClientKey sent: az+Uehnd2gw=
[2026-09-12 20:37:49][INFO] ✅ تم تحميل إعدادات Firebase من: E:\osmanli\.bot_config_e4tWS8v10m2nDHyzad0M.json
[2026-09-12 20:37:49][INFO] 📋 تم تحميل 16 حساب من session_cache.json
[2026-09-12 20:37:49][INFO] 🔁 وضع التشغيل المستمر نشط — دورة كل 90 دقيقة
[2026-09-12 20:37:49][INFO]   📅 مهام مُجدوَلة (9 مهمة):
     • research: {'times_per_day': 2} | آخر تشغيل: لم تُشغَّل بعد
     • tactics_hall: {'times_per_day': 2} | آخر تشغيل: لم تُشغَّل بعد
     • fountain: {'times_per_day': 2} | آخر تشغيل: لم تُشغَّل بعد
     • material_workshop: {'times_per_day': 2} | آخر تشغيل: لم تُشغَّل بعد
     • caravan: {'times_per_day': 2} | آخر تشغيل: لم تُشغَّل بعد
     • port_delegate: {'times_per_day': 3} | آخر تشغيل: لم تُشغَّل بعد
     • savings_bank: {'times_per_day': 1} | آخر تشغيل: لم تُشغَّل بعد
     • building: {'times_per_day': 1} | آخر تشغيل: لم تُشغَّل بعد
     • prestige: {'hours': [3]} | آخر تشغيل: لم تُشغَّل بعد
[2026-09-12 20:37:49][INFO] 🔄 دورة رقم #1 — بدأت 2026-09-12 20:37:49
[2026-09-12 20:37:49][INFO] 🔐 [تسجيل الدخول] بدء الاتصال بالحساب: johan2003@yopmail.com...
[2026-09-12 20:37:49][INFO] Login Server: 119.8.212.255:10000
[2026-09-12 20:37:49][INFO]   Handshake resp: 200 challenge success
[2026-09-12 20:37:49][INFO] Login Server: 119.8.212.255:10000
[2026-09-12 20:37:49][INFO]   Token sent
[2026-09-12 20:37:49][INFO]   ServerKey: N9B7hi2wvFE=
[2026-09-12 20:37:49][INFO]   Secret: a0f39ea968ffe284
[2026-09-12 20:37:49][INFO]   HMAC sent: SQlyfJ7NARE=
[2026-09-12 20:37:49][INFO] DH Handshake...
[2026-09-12 20:37:49][INFO] DH Handshake...
[2026-09-12 20:37:49][ERROR] [Gate] Handshake failed: b'404 User Not Found'
[2026-09-12 20:37:49][ERROR] ❌ [تسجيل الدخول] فشل الاتصال بالحساب johan2003@yopmail.com!
[2026-09-12 20:37:49][INFO] 🔒 تم إغلاق اتصال الحساب johan2003@yopmail.com بأمان.
[2026-09-12 20:37:49][INFO] ✅ انتهت الدورة #1 في 1ث — الدورة القادمة الساعة: 22:07:48
[2026-09-12 20:37:49][INFO] 💤 انتظار 90.0 دقيقة...
[2026-09-12 20:37:49][INFO]   Auth resp: 406 Not Acceptable
[2026-09-12 20:37:49][ERROR] [Login] johan2003@yopmail.com: SDK token error - sessionId منتهي الصلاحية
[2026-09-12 20:37:49][ERROR] ❌ [تسجيل الدخول] فشل الاتصال بالحساب johan2003@yopmail.com!
[2026-09-12 20:37:49][INFO] 🔒 تم إغلاق اتصال الحساب johan2003@yopmail.com بأمان.
[2026-09-12 20:37:49][INFO] ✅ انتهت الدورة #1 في 1ث — الدورة القادمة الساعة: 22:07:48
[2026-09-12 20:37:49][INFO] 💤 انتظار 90.0 دقيقة...
[2026-09-12 20:37:49][INFO]   Handshake resp: 200 challenge success
[2026-09-12 20:37:49][INFO]   Challenge: XR5xz9cH7jo=
[2026-09-12 20:37:49][INFO]   ClientKey sent: iFSCH7tXhpY=
[2026-09-12 20:37:49][INFO]   Token sent
[2026-09-12 20:37:49][INFO] 📋 تم تحميل 16 حساب من session_cache.json
[2026-09-12 20:37:49][INFO] 📋 تم تحميل 16 حساب من session_cache.json
[2026-09-12 20:37:49][ERROR] ❌ خطأ في قراءة ملف إعدادات Firebase: Expecting value: line 1 column 1 (char 0)
[2026-09-12 20:37:49][INFO]   Challenge: HCV21VFV5gU=
[2026-09-12 20:37:49][INFO]   ClientKey sent: 011uLpp5KWo=
[2026-09-12 20:37:49][INFO] 📋 تم تحميل 16 حساب من session_cache.json
[2026-09-12 20:37:49][INFO]   Auth resp: 200 TWpVNUBhMjlvWDJkaGJXVmZNalk9QE1URTVMamd1TWpFekxqRXpNUT09QE5EQXdNQT09QE1qZ3hOak15QE1UQTJNREEzTkRN
[2026-09-12 20:37:49][INFO]   Gate: 119.8.213.131:4000
[2026-09-12 20:37:49][INFO]   UID: 10600743 Server: koh_game_26
[2026-09-12 20:37:49][INFO] [Login] ✓ johan2003@yopmail.com → Gate 119.8.213.131:4000 uid=10600743
[2026-09-12 20:37:49][INFO]   ServerKey: /Buct7slWxc=
[2026-09-12 20:37:49][INFO]   Secret: 7bb6f6ec9be9756f
[2026-09-12 20:37:49][INFO]   HMAC sent: B4Gv9NIY8II=
[2026-09-12 20:37:49][INFO] ✅ تم تحميل إعدادات Firebase من: E:\osmanli\.bot_config_e4tWS8v10m2nDHyzad0M.json
[2026-09-12 20:37:49][INFO] 📋 تم تحميل 16 حساب من session_cache.json
[2026-09-12 20:37:49][INFO] 🔁 وضع التشغيل المستمر نشط — دورة كل 90 دقيقة
[2026-09-12 20:37:49][INFO]   📅 مهام مُجدوَلة (9 مهمة):
     • research: {'times_per_day': 2} | آخر تشغيل: لم تُشغَّل بعد
     • tactics_hall: {'times_per_day': 2} | آخر تشغيل: لم تُشغَّل بعد
     • fountain: {'times_per_day': 2} | آخر تشغيل: لم تُشغَّل بعد
     • material_workshop: {'times_per_day': 2} | آخر تشغيل: لم تُشغَّل بعد
     • caravan: {'times_per_day': 2} | آخر تشغيل: لم تُشغَّل بعد
     • port_delegate: {'times_per_day': 3} | آخر تشغيل: لم تُشغَّل بعد
     • savings_bank: {'times_per_day': 1} | آخر تشغيل: لم تُشغَّل بعد
     • building: {'times_per_day': 1} | آخر تشغيل: لم تُشغَّل بعد
     • prestige: {'hours': [3]} | آخر تشغيل: لم تُشغَّل بعد
[2026-09-12 20:37:49][INFO] 🔄 دورة رقم #1 — بدأت 2026-09-12 20:37:49
[2026-09-12 20:37:49][INFO] 🔐 [تسجيل الدخول] بدء الاتصال بالحساب: johan2003@yopmail.com...
[2026-09-12 20:37:49][INFO] ✅ تم تحميل إعدادات Firebase من: E:\osmanli\.bot_config_e4tWS8v10m2nDHyzad0M.json
[2026-09-12 20:37:49][INFO]   ServerKey: jZdY+Ewwqzw=
[2026-09-12 20:37:49][INFO]   Secret: 62a3dd199e1df25f
[2026-09-12 20:37:49][INFO] 📋 تم تحميل 16 حساب من session_cache.json
[2026-09-12 20:37:49][INFO]   HMAC sent: oKapCLRdokQ=
[2026-09-12 20:37:49][INFO] 🔁 وضع التشغيل المستمر نشط — دورة كل 90 دقيقة
[2026-09-12 20:37:49][INFO]   📅 مهام مُجدوَلة (9 مهمة):
     • research: {'times_per_day': 2} | آخر تشغيل: لم تُشغَّل بعد
     • tactics_hall: {'times_per_day': 2} | آخر تشغيل: لم تُشغَّل بعد
     • fountain: {'times_per_day': 2} | آخر تشغيل: لم تُشغَّل بعد
     • material_workshop: {'times_per_day': 2} | آخر تشغيل: لم تُشغَّل بعد
     • caravan: {'times_per_day': 2} | آخر تشغيل: لم تُشغَّل بعد
     • port_delegate: {'times_per_day': 3} | آخر تشغيل: لم تُشغَّل بعد
     • savings_bank: {'times_per_day': 1} | آخر تشغيل: لم تُشغَّل بعد
     • building: {'times_per_day': 1} | آخر تشغيل: لم تُشغَّل بعد
     • prestige: {'hours': [3]} | آخر تشغيل: لم تُشغَّل بعد
[2026-09-12 20:37:49][INFO] 🔄 دورة رقم #1 — بدأت 2026-09-12 20:37:49
[2026-09-12 20:37:49][INFO] 🔐 [تسجيل الدخول] بدء الاتصال بالحساب: johan2003@yopmail.com...
[2026-09-12 20:37:49][INFO] 📋 تم تحميل 16 حساب من session_cache.json
[2026-09-12 20:37:49][INFO] ✅ تم تحميل إعدادات Firebase من: E:\osmanli\.bot_config_e4tWS8v10m2nDHyzad0M.json
[2026-09-12 20:37:49][INFO] 📋 تم تحميل 16 حساب من session_cache.json
[2026-09-12 20:37:49][INFO] 🔁 وضع التشغيل المستمر نشط — دورة كل 90 دقيقة
[2026-09-12 20:37:49][INFO]   📅 مهام مُجدوَلة (9 مهمة):
     • research: {'times_per_day': 2} | آخر تشغيل: لم تُشغَّل بعد
     • tactics_hall: {'times_per_day': 2} | آخر تشغيل: لم تُشغَّل بعد
     • fountain: {'times_per_day': 2} | آخر تشغيل: لم تُشغَّل بعد
     • material_workshop: {'times_per_day': 2} | آخر تشغيل: لم تُشغَّل بعد
     • caravan: {'times_per_day': 2} | آخر تشغيل: لم تُشغَّل بعد
     • port_delegate: {'times_per_day': 3} | آخر تشغيل: لم تُشغَّل بعد
     • savings_bank: {'times_per_day': 1} | آخر تشغيل: لم تُشغَّل بعد
     • building: {'times_per_day': 1} | آخر تشغيل: لم تُشغَّل بعد
     • prestige: {'hours': [3]} | آخر تشغيل: لم تُشغَّل بعد
[2026-09-12 20:37:49][INFO] 🔄 دورة رقم #1 — بدأت 2026-09-12 20:37:49
[2026-09-12 20:37:49][INFO] 🔐 [تسجيل الدخول] بدء الاتصال بالحساب: johan2003@yopmail.com...
[2026-09-12 20:37:49][INFO]   Handshake resp: 200 challenge success
[2026-09-12 20:37:49][INFO]   Handshake resp: 200 challenge success
[2026-09-12 20:37:49][INFO]   Token sent
[2026-09-12 20:37:49][INFO]   Token sent
[2026-09-12 20:37:49][ERROR] [Gate] Handshake failed: b'404 User Not Found'
[2026-09-12 20:37:49][ERROR] ❌ [تسجيل الدخول] فشل الاتصال بالحساب johan2003@yopmail.com!
[2026-09-12 20:37:49][INFO] 🔒 تم إغلاق اتصال الحساب johan2003@yopmail.com بأمان.
[2026-09-12 20:37:49][INFO] ✅ انتهت الدورة #1 في 1ث — الدورة القادمة الساعة: 22:07:48
[2026-09-12 20:37:49][INFO] 💤 انتظار 90.0 دقيقة...
[2026-09-12 20:37:49][INFO]   Auth resp: 200 TWpVNUBhMjlvWDJkaGJXVmZNalk9QE1URTVMamd1TWpFekxqRXpNUT09QE5EQXdNQT09QE1qZ3hOak16QE1UQTJNREEzTkRN
[2026-09-12 20:37:49][INFO]   Gate: 119.8.213.131:4000
[2026-09-12 20:37:49][INFO]   UID: 10600743 Server: koh_game_26
[2026-09-12 20:37:49][INFO] [Login] ✓ johan2003@yopmail.com → Gate 119.8.213.131:4000 uid=10600743
[2026-09-12 20:37:49][INFO] Login Server: 119.8.212.255:10000
[2026-09-12 20:37:49][INFO] ⏳ متبقي على إعادة محاولة الدخول: 45 ثانية...
[2026-09-12 20:37:49][INFO]   Auth resp: 406 Not Acceptable
[2026-09-12 20:37:49][ERROR] [Login] johan2003@yopmail.com: SDK token error - sessionId منتهي الصلاحية
[2026-09-12 20:37:49][ERROR] ❌ [تسجيل الدخول] فشل الاتصال بالحساب johan2003@yopmail.com!
[2026-09-12 20:37:49][INFO] 🔒 تم إغلاق اتصال الحساب johan2003@yopmail.com بأمان.
[2026-09-12 20:37:49][INFO] ✅ انتهت الدورة #1 في 1ث — الدورة القادمة الساعة: 22:07:49
[2026-09-12 20:37:49][INFO] 💤 انتظار 90.0 دقيقة...
[2026-09-12 20:37:49][INFO] 📋 تم تحميل 16 حساب من session_cache.json
[2026-09-12 20:37:49][INFO] ✅ [تسجيل الدخول] تم الاتصال والمصافحة بنجاح 100%!
[2026-09-12 20:37:49][INFO] 🔍 [الاستعلام الشامل] جلب كافة بيانات ومعلومات الحساب من السيرفر...
[2026-09-12 20:37:49][WARNING] ⚠️ تم رصد انقطاع الاتصال قبل بدء المهمة [🌾 حصد مزارع المدينة (City Harvest)] (السبب: دخول شخص آخر إلى الحساب (Other Device Login))
[2026-09-12 20:37:49][WARNING] ⚠️ [انقطاع الاتصال] تم رصد انقطاع الاتصال بالحساب (السبب: دخول شخص آخر إلى الحساب (Other Device Login))!
[2026-09-12 20:37:49][WARNING] ⏳ سيتوقف البوت مؤقتاً وينتظر 60 ثانية (دقيقة واحدة) لإفساح المجال ثم إعادة الدخول...
[2026-09-12 20:37:49][INFO] ⏳ [المحاولة 1/10] انتظار 60 ثانية (دقيقة واحدة)...
[2026-09-12 20:37:49][INFO] ⏳ متبقي على إعادة محاولة الدخول: 60 ثانية...
[2026-09-12 20:37:49][INFO] DH Handshake...
[2026-09-12 20:37:49][INFO] ✅ تم تحميل إعدادات Firebase من: E:\osmanli\.bot_config_e4tWS8v10m2nDHyzad0M.json
[2026-09-12 20:37:49][INFO] 📋 تم تحميل 16 حساب من session_cache.json
[2026-09-12 20:37:49][INFO] 🔁 وضع التشغيل المستمر نشط — دورة كل 90 دقيقة
[2026-09-12 20:37:49][INFO]   📅 مهام مُجدوَلة (9 مهمة):
     • research: {'times_per_day': 2} | آخر تشغيل: لم تُشغَّل بعد
     • tactics_hall: {'times_per_day': 2} | آخر تشغيل: لم تُشغَّل بعد
     • fountain: {'times_per_day': 2} | آخر تشغيل: لم تُشغَّل بعد
     • material_workshop: {'times_per_day': 2} | آخر تشغيل: لم تُشغَّل بعد
     • caravan: {'times_per_day': 2} | آخر تشغيل: لم تُشغَّل بعد
     • port_delegate: {'times_per_day': 3} | آخر تشغيل: لم تُشغَّل بعد
     • savings_bank: {'times_per_day': 1} | آخر تشغيل: لم تُشغَّل بعد
     • building: {'times_per_day': 1} | آخر تشغيل: لم تُشغَّل بعد
     • prestige: {'hours': [3]} | آخر تشغيل: لم تُشغَّل بعد
[2026-09-12 20:37:49][INFO] 🔄 دورة رقم #1 — بدأت 2026-09-12 20:37:49
[2026-09-12 20:37:49][INFO] 🔐 [تسجيل الدخول] بدء الاتصال بالحساب: johan2003@yopmail.com...
[2026-09-12 20:37:49][INFO] Login Server: 119.8.212.255:10000
[2026-09-12 20:37:49][INFO] 📋 تم تحميل 16 حساب من session_cache.json
[2026-09-12 20:37:49][INFO] ✅ تم تحميل إعدادات Firebase من: E:\osmanli\.bot_config_e4tWS8v10m2nDHyzad0M.json
[2026-09-12 20:37:49][INFO] 📋 تم تحميل 16 حساب من session_cache.json
[2026-09-12 20:37:49][INFO] 🔁 وضع التشغيل المستمر نشط — دورة كل 90 دقيقة
[2026-09-12 20:37:49][INFO]   📅 مهام مُجدوَلة (9 مهمة):
     • research: {'times_per_day': 2} | آخر تشغيل: لم تُشغَّل بعد
     • tactics_hall: {'times_per_day': 2} | آخر تشغيل: لم تُشغَّل بعد
     • fountain: {'times_per_day': 2} | آخر تشغيل: لم تُشغَّل بعد
     • material_workshop: {'times_per_day': 2} | آخر تشغيل: لم تُشغَّل بعد
     • caravan: {'times_per_day': 2} | آخر تشغيل: لم تُشغَّل بعد
     • port_delegate: {'times_per_day': 3} | آخر تشغيل: لم تُشغَّل بعد
     • savings_bank: {'times_per_day': 1} | آخر تشغيل: لم تُشغَّل بعد
     • building: {'times_per_day': 1} | آخر تشغيل: لم تُشغَّل بعد
     • prestige: {'hours': [3]} | آخر تشغيل: لم تُشغَّل بعد
[2026-09-12 20:37:49][INFO] 🔄 دورة رقم #1 — بدأت 2026-09-12 20:37:49
[2026-09-12 20:37:49][INFO] 🔐 [تسجيل الدخول] بدء الاتصال بالحساب: johan2003@yopmail.com...
[2026-09-12 20:37:49][INFO] Login Server: 119.8.212.255:10000
[2026-09-12 20:37:50][INFO]   Challenge: UnYfVLxjcic=
[2026-09-12 20:37:50][INFO]   ClientKey sent: imoUGH1GUIg=
[2026-09-12 20:37:50][ERROR] [Gate] Handshake failed: b'404 User Not Found'
[2026-09-12 20:37:50][ERROR] ❌ [تسجيل الدخول] فشل الاتصال بالحساب johan2003@yopmail.com!
[2026-09-12 20:37:50][INFO] 🔒 تم إغلاق اتصال الحساب johan2003@yopmail.com بأمان.
[2026-09-12 20:37:50][INFO] ✅ انتهت الدورة #1 في 1ث — الدورة القادمة الساعة: 22:07:49
[2026-09-12 20:37:50][INFO] 💤 انتظار 90.0 دقيقة...
[2026-09-12 20:37:50][INFO] DH Handshake...
[2026-09-12 20:37:50][INFO]   Auth resp: 200 TWpVNUBhMjlvWDJkaGJXVmZNalk9QE1URTVMamd1TWpFekxqRXpNUT09QE5EQXdNQT09QE1qZ3hOak0wQE1UQTJNREEzTkRN
[2026-09-12 20:37:50][INFO]   Gate: 119.8.213.131:4000
[2026-09-12 20:37:50][INFO]   UID: 10600743 Server: koh_game_26
[2026-09-12 20:37:50][INFO] [Login] ✓ johan2003@yopmail.com → Gate 119.8.213.131:4000 uid=10600743
[2026-09-12 20:37:50][INFO] Login Server: 119.8.212.255:10000
[2026-09-12 20:37:50][INFO] DH Handshake...
[2026-09-12 20:37:50][INFO]   ServerKey: C1auVmZZ07Y=
[2026-09-12 20:37:50][INFO]   Secret: b2774c8bcf278c7b
[2026-09-12 20:37:50][INFO]   HMAC sent: I+sEjlcT/es=
[2026-09-12 20:37:50][INFO] 📋 تم تحميل 16 حساب من session_cache.json
[2026-09-12 20:37:50][INFO]   Challenge: gk019HVSWVk=
[2026-09-12 20:37:50][INFO]   ClientKey sent: teoKmRWSFWE=
[2026-09-12 20:37:50][INFO] ✅ تم تحميل إعدادات Firebase من: E:\osmanli\.bot_config_e4tWS8v10m2nDHyzad0M.json
[2026-09-12 20:37:50][INFO] 📋 تم تحميل 16 حساب من session_cache.json
[2026-09-12 20:37:50][INFO] 🔁 وضع التشغيل المستمر نشط — دورة كل 90 دقيقة
[2026-09-12 20:37:50][INFO]   📅 مهام مُجدوَلة (9 مهمة):
     • research: {'times_per_day': 2} | آخر تشغيل: لم تُشغَّل بعد
     • tactics_hall: {'times_per_day': 2} | آخر تشغيل: لم تُشغَّل بعد
     • fountain: {'times_per_day': 2} | آخر تشغيل: لم تُشغَّل بعد
     • material_workshop: {'times_per_day': 2} | آخر تشغيل: لم تُشغَّل بعد
     • caravan: {'times_per_day': 2} | آخر تشغيل: لم تُشغَّل بعد
     • port_delegate: {'times_per_day': 3} | آخر تشغيل: لم تُشغَّل بعد
     • savings_bank: {'times_per_day': 1} | آخر تشغيل: لم تُشغَّل بعد
     • building: {'times_per_day': 1} | آخر تشغيل: لم تُشغَّل بعد
     • prestige: {'hours': [3]} | آخر تشغيل: لم تُشغَّل بعد
[2026-09-12 20:37:50][INFO] 🔄 دورة رقم #1 — بدأت 2026-09-12 20:37:50
[2026-09-12 20:37:50][INFO] 🔐 [تسجيل الدخول] بدء الاتصال بالحساب: johan2003@yopmail.com...
[2026-09-12 20:37:50][INFO] Login Server: 119.8.212.255:10000
[2026-09-12 20:37:50][INFO] DH Handshake...
[2026-09-12 20:37:50][INFO]   Challenge: qRdOXnsJ4Xc=
[2026-09-12 20:37:50][INFO]   ClientKey sent: Gve4LcwZNKk=
[2026-09-12 20:37:50][INFO]   Handshake resp: 200 challenge success
[2026-09-12 20:37:50][INFO] Login Server: 119.8.212.255:10000
[2026-09-12 20:37:50][INFO]   ServerKey: 4jqjNxSyaJU=
[2026-09-12 20:37:50][INFO]   Secret: aef340a445b34a96
[2026-09-12 20:37:50][INFO]   HMAC sent: 6qumVgrOmkc=
[2026-09-12 20:37:50][INFO] [Gate] ✓ 119.8.213.131:4000 uid=10600743
[2026-09-12 20:37:50][INFO] ⏳ انتظار مزامنة الحزم الأولية من السيرفر...
[2026-09-12 20:37:50][INFO]   Challenge: POsfmgqAQyE=
[2026-09-12 20:37:50][INFO]   ServerKey: 9G1NhDqMwew=
[2026-09-12 20:37:50][INFO]   Secret: e3841001f1d33101
[2026-09-12 20:37:50][INFO]   ClientKey sent: sI6yq4CE3p8=
[2026-09-12 20:37:50][INFO]   HMAC sent: EX0TuFv2zmc=
[2026-09-12 20:37:50][INFO] DH Handshake...
[2026-09-12 20:37:50][INFO] DH Handshake...
[2026-09-12 20:37:50][INFO]   Handshake resp: 200 challenge success
[2026-09-12 20:37:50][INFO] 📋 تم تحميل 16 حساب من session_cache.json
[2026-09-12 20:37:50][INFO] ✅ [تسجيل الدخول] تم الاتصال والمصافحة بنجاح 100%!
[2026-09-12 20:37:50][INFO] 🔍 [الاستعلام الشامل] جلب كافة بيانات ومعلومات الحساب من السيرفر...
[2026-09-12 20:37:50][WARNING] ⚠️ تم رصد انقطاع الاتصال قبل بدء المهمة [🌾 حصد مزارع المدينة (City Harvest)] (السبب: دخول شخص آخر إلى الحساب (Other Device Login))
[2026-09-12 20:37:50][WARNING] ⚠️ [انقطاع الاتصال] تم رصد انقطاع الاتصال بالحساب (السبب: دخول شخص آخر إلى الحساب (Other Device Login))!
[2026-09-12 20:37:50][WARNING] ⏳ سيتوقف البوت مؤقتاً وينتظر 60 ثانية (دقيقة واحدة) لإفساح المجال ثم إعادة الدخول...
[2026-09-12 20:37:50][INFO] ⏳ [المحاولة 1/10] انتظار 60 ثانية (دقيقة واحدة)...
[2026-09-12 20:37:50][INFO] ⏳ متبقي على إعادة محاولة الدخول: 60 ثانية...
[2026-09-12 20:37:50][INFO]   ServerKey: LoYlNx+T7sg=
[2026-09-12 20:37:50][INFO]   Secret: 2d2698b573afc84d
[2026-09-12 20:37:50][INFO]   HMAC sent: 857S7GLBgKM=
[2026-09-12 20:37:50][INFO]   Handshake resp: 200 challenge success
[2026-09-12 20:37:50][INFO]   Challenge: Fv9JmRPI2bg=
[2026-09-12 20:37:50][INFO]   ClientKey sent: bVnX402M0/g=
[2026-09-12 20:37:50][INFO]   Challenge: ogR/qJy3D5U=
[2026-09-12 20:37:50][INFO]   ClientKey sent: pZjnMzUa8SI=
[2026-09-12 20:37:50][INFO] ✅ تم تحميل إعدادات Firebase من: E:\osmanli\.bot_config_e4tWS8v10m2nDHyzad0M.json
[2026-09-12 20:37:50][INFO] 📋 تم تحميل 16 حساب من session_cache.json
[2026-09-12 20:37:50][INFO] 🔁 وضع التشغيل المستمر نشط — دورة كل 90 دقيقة
[2026-09-12 20:37:50][INFO]   📅 مهام مُجدوَلة (9 مهمة):
     • research: {'times_per_day': 2} | آخر تشغيل: لم تُشغَّل بعد
     • tactics_hall: {'times_per_day': 2} | آخر تشغيل: لم تُشغَّل بعد
     • fountain: {'times_per_day': 2} | آخر تشغيل: لم تُشغَّل بعد
     • material_workshop: {'times_per_day': 2} | آخر تشغيل: لم تُشغَّل بعد
     • caravan: {'times_per_day': 2} | آخر تشغيل: لم تُشغَّل بعد
     • port_delegate: {'times_per_day': 3} | آخر تشغيل: لم تُشغَّل بعد
     • savings_bank: {'times_per_day': 1} | آخر تشغيل: لم تُشغَّل بعد
     • building: {'times_per_day': 1} | آخر تشغيل: لم تُشغَّل بعد
     • prestige: {'hours': [3]} | آخر تشغيل: لم تُشغَّل بعد
[2026-09-12 20:37:50][INFO] 🔄 دورة رقم #1 — بدأت 2026-09-12 20:37:50
[2026-09-12 20:37:50][INFO]   Token sent
[2026-09-12 20:37:50][INFO] 🔐 [تسجيل الدخول] بدء الاتصال بالحساب: johan2003@yopmail.com...
[2026-09-12 20:37:50][INFO] 📋 تم تحميل 16 حساب من session_cache.json
[2026-09-12 20:37:50][INFO]   Token sent
[2026-09-12 20:37:50][INFO] Login Server: 119.8.212.255:10000
[2026-09-12 20:37:50][INFO] ✅ تم تحميل إعدادات Firebase من: E:\osmanli\.bot_config_e4tWS8v10m2nDHyzad0M.json
[2026-09-12 20:37:50][INFO] 📋 تم تحميل 16 حساب من session_cache.json
[2026-09-12 20:37:50][INFO] 🔁 وضع التشغيل المستمر نشط — دورة كل 90 دقيقة
[2026-09-12 20:37:50][INFO]   📅 مهام مُجدوَلة (9 مهمة):
     • research: {'times_per_day': 2} | آخر تشغيل: لم تُشغَّل بعد
     • tactics_hall: {'times_per_day': 2} | آخر تشغيل: لم تُشغَّل بعد
     • fountain: {'times_per_day': 2} | آخر تشغيل: لم تُشغَّل بعد
     • material_workshop: {'times_per_day': 2} | آخر تشغيل: لم تُشغَّل بعد
     • caravan: {'times_per_day': 2} | آخر تشغيل: لم تُشغَّل بعد
     • port_delegate: {'times_per_day': 3} | آخر تشغيل: لم تُشغَّل بعد
     • savings_bank: {'times_per_day': 1} | آخر تشغيل: لم تُشغَّل بعد
     • building: {'times_per_day': 1} | آخر تشغيل: لم تُشغَّل بعد
     • prestige: {'hours': [3]} | آخر تشغيل: لم تُشغَّل بعد
[2026-09-12 20:37:50][INFO] 🔄 دورة رقم #1 — بدأت 2026-09-12 20:37:50
[2026-09-12 20:37:50][INFO] 🔐 [تسجيل الدخول] بدء الاتصال بالحساب: johan2003@yopmail.com...
[2026-09-12 20:37:50][INFO]   Token sent
[2026-09-12 20:37:50][INFO]   Handshake resp: 200 challenge success
[2026-09-12 20:37:50][INFO]   ServerKey: 0IDkkdJcsAk=
[2026-09-12 20:37:50][INFO]   Secret: 26ebf41cc25d666e
[2026-09-12 20:37:50][INFO]   HMAC sent: lBr/o0YWYN8=
[2026-09-12 20:37:50][INFO]   ServerKey: +u03xbiXa44=
[2026-09-12 20:37:50][INFO]   Secret: 22bdd1aed9e8ac46
[2026-09-12 20:37:50][INFO]   HMAC sent: g5vV+Fm/Oy4=
[2026-09-12 20:37:50][INFO] 📋 تم تحميل 16 حساب من session_cache.json
[2026-09-12 20:37:50][INFO] ✅ تم تحميل إعدادات Firebase من: E:\osmanli\.bot_config_e4tWS8v10m2nDHyzad0M.json
[2026-09-12 20:37:50][INFO] 📋 تم تحميل 16 حساب من session_cache.json
[2026-09-12 20:37:50][INFO] 🔁 وضع التشغيل المستمر نشط — دورة كل 90 دقيقة
[2026-09-12 20:37:50][INFO]   📅 مهام مُجدوَلة (9 مهمة):
     • research: {'times_per_day': 2} | آخر تشغيل: لم تُشغَّل بعد
     • tactics_hall: {'times_per_day': 2} | آخر تشغيل: لم تُشغَّل بعد
     • fountain: {'times_per_day': 2} | آخر تشغيل: لم تُشغَّل بعد
     • material_workshop: {'times_per_day': 2} | آخر تشغيل: لم تُشغَّل بعد
     • caravan: {'times_per_day': 2} | آخر تشغيل: لم تُشغَّل بعد
     • port_delegate: {'times_per_day': 3} | آخر تشغيل: لم تُشغَّل بعد
     • savings_bank: {'times_per_day': 1} | آخر تشغيل: لم تُشغَّل بعد
     • building: {'times_per_day': 1} | آخر تشغيل: لم تُشغَّل بعد
     • prestige: {'hours': [3]} | آخر تشغيل: لم تُشغَّل بعد
[2026-09-12 20:37:50][INFO] 🔄 دورة رقم #1 — بدأت 2026-09-12 20:37:50
[2026-09-12 20:37:50][INFO] 🔐 [تسجيل الدخول] بدء الاتصال بالحساب: johan2003@yopmail.com...
[2026-09-12 20:37:50][INFO]   Auth resp: 406 Not Acceptable
[2026-09-12 20:37:50][ERROR] [Login] johan2003@yopmail.com: SDK token error - sessionId منتهي الصلاحية
[2026-09-12 20:37:50][ERROR] ❌ [تسجيل الدخول] فشل الاتصال بالحساب johan2003@yopmail.com!
[2026-09-12 20:37:50][INFO] 🔒 تم إغلاق اتصال الحساب johan2003@yopmail.com بأمان.
[2026-09-12 20:37:50][INFO] ✅ انتهت الدورة #1 في 1ث — الدورة القادمة الساعة: 22:07:49
[2026-09-12 20:37:50][INFO] 💤 انتظار 90.0 دقيقة...
[2026-09-12 20:37:50][INFO]   Token sent
[2026-09-12 20:37:50][INFO] DH Handshake...
[2026-09-12 20:37:50][INFO]   Auth resp: 406 Not Acceptable
[2026-09-12 20:37:50][ERROR] [Login] johan2003@yopmail.com: SDK token error - sessionId منتهي الصلاحية
[2026-09-12 20:37:50][ERROR] ❌ [تسجيل الدخول] فشل الاتصال بالحساب johan2003@yopmail.com!
[2026-09-12 20:37:50][INFO] 🔒 تم إغلاق اتصال الحساب johan2003@yopmail.com بأمان.
[2026-09-12 20:37:50][INFO] ✅ انتهت الدورة #1 في 1ث — الدورة القادمة الساعة: 22:07:49
[2026-09-12 20:37:50][INFO] 💤 انتظار 90.0 دقيقة...
[2026-09-12 20:37:50][INFO]   Handshake resp: 200 challenge success
[2026-09-12 20:37:50][INFO]   Handshake resp: 200 challenge success
[2026-09-12 20:37:50][WARNING] [Gate] ⚠️ انقطع الاتصال بالحساب (السبب: other_device)
[2026-09-12 20:37:50][WARNING] ⚠️ [تنبيه السيرفر] انقطع اتصال الحساب johan2003@yopmail.com (السبب: other_device)
[2026-09-12 20:37:50][INFO]   Token sent
[2026-09-12 20:37:50][INFO]   Token sent
[2026-09-12 20:37:50][INFO]   Challenge: lLwcQywSNUE=
[2026-09-12 20:37:50][INFO]   Auth resp: 406 Not Acceptable
[2026-09-12 20:37:50][INFO]   ClientKey sent: qDW5jCxT5Xs=
[2026-09-12 20:37:50][ERROR] [Login] johan2003@yopmail.com: SDK token error - sessionId منتهي الصلاحية
[2026-09-12 20:37:50][ERROR] ❌ [تسجيل الدخول] فشل الاتصال بالحساب johan2003@yopmail.com!
[2026-09-12 20:37:50][INFO] 🔒 تم إغلاق اتصال الحساب johan2003@yopmail.com بأمان.
[2026-09-12 20:37:50][INFO] ✅ انتهت الدورة #1 في 1ث — الدورة القادمة الساعة: 22:07:49
[2026-09-12 20:37:50][INFO] 💤 انتظار 90.0 دقيقة...
[2026-09-12 20:37:50][INFO] Login Server: 119.8.212.255:10000
[2026-09-12 20:37:50][INFO] Login Server: 119.8.212.255:10000
[2026-09-12 20:37:50][INFO]   Auth resp: 406 Not Acceptable
[2026-09-12 20:37:50][INFO]   ServerKey: 3IT/5msgtg0=
[2026-09-12 20:37:50][INFO]   Secret: 2c51c3d7c105b1be
[2026-09-12 20:37:50][ERROR] [Login] johan2003@yopmail.com: SDK token error - sessionId منتهي الصلاحية
[2026-09-12 20:37:50][INFO]   HMAC sent: joKhHVMMsj8=
[2026-09-12 20:37:50][ERROR] ❌ [تسجيل الدخول] فشل الاتصال بالحساب johan2003@yopmail.com!
[2026-09-12 20:37:50][INFO] 🔒 تم إغلاق اتصال الحساب johan2003@yopmail.com بأمان.
[2026-09-12 20:37:50][INFO]   Auth resp: 406 Not Acceptable
ي 1ث — الدورة القادمة الساعة: 22:07:50
[2026-09-12 20:37:50][INFO] 💤 انتظار 90.0 دقيقة...
[2026-09-12 20:37:50][ERROR] [Login] johan2003@yopmail.com: SDK token error - sessionId منتهي الصلاحية
[2026-09-12 20:37:50][ERROR] ❌ [تسجيل الدخول] فشل الاتصال بالحساب johan2003@yopmail.com!
[2026-09-12 20:37:50][INFO] 🔒 تم إغلاق اتصال الحساب johan2003@yopmail.com بأمان.
[2026-09-12 20:37:50][INFO] DH Handshake...
[2026-09-12 20:37:50][INFO] ✅ انتهت الدورة #1 في 1ث — الدورة القادمة الساعة: 22:07:49
[2026-09-12 20:37:50][INFO] 💤 انتظار 90.0 دقيقة...
[2026-09-12 20:37:50][INFO] 📋 تم تحميل 16 حساب من session_cache.json
[2026-09-12 20:37:50][INFO] DH Handshake...
[2026-09-12 20:37:50][INFO]   Auth resp: 200 TWpVNUBhMjlvWDJkaGJXVmZNalk9QE1URTVMamd1TWpFekxqRXpNUT09QE5EQXdNQT09QE1qZ3hOak0xQE1UQTJNREEzTkRN
[2026-09-12 20:37:50][INFO]   Gate: 119.8.213.131:4000
[2026-09-12 20:37:50][INFO]   UID: 10600743 Server: koh_game_26
[2026-09-12 20:37:50][INFO] [Login] ✓ johan2003@yopmail.com → Gate 119.8.213.131:4000 uid=10600743
[2026-09-12 20:37:50][INFO] ✅ تم تحميل إعدادات Firebase من: E:\osmanli\.bot_config_e4tWS8v10m2nDHyzad0M.json
[2026-09-12 20:37:50][INFO] 📋 تم تحميل 16 حساب من session_cache.json
[2026-09-12 20:37:50][INFO] 🔁 وضع التشغيل المستمر نشط — دورة كل 90 دقيقة
[2026-09-12 20:37:50][INFO]   📅 مهام مُجدوَلة (9 مهمة):
     • research: {'times_per_day': 2} | آخر تشغيل: لم تُشغَّل بعد
     • tactics_hall: {'times_per_day': 2} | آخر تشغيل: لم تُشغَّل بعد
     • fountain: {'times_per_day': 2} | آخر تشغيل: لم تُشغَّل بعد
     • material_workshop: {'times_per_day': 2} | آخر تشغيل: لم تُشغَّل بعد
     • caravan: {'times_per_day': 2} | آخر تشغيل: لم تُشغَّل بعد
     • port_delegate: {'times_per_day': 3} | آخر تشغيل: لم تُشغَّل بعد
     • savings_bank: {'times_per_day': 1} | آخر تشغيل: لم تُشغَّل بعد
     • building: {'times_per_day': 1} | آخر تشغيل: لم تُشغَّل بعد
     • prestige: {'hours': [3]} | آخر تشغيل: لم تُشغَّل بعد
[2026-09-12 20:37:50][INFO] 🔄 دورة رقم #1 — بدأت 2026-09-12 20:37:50
[2026-09-12 20:37:50][INFO] 🔐 [تسجيل الدخول] بدء الاتصال بالحساب: johan2003@yopmail.com...
[2026-09-12 20:37:50][INFO]   Challenge: /wJNklc/uYA=
[2026-09-12 20:37:50][INFO]   ClientKey sent: gn21wJPZ4xA=
[2026-09-12 20:37:50][INFO]   Handshake resp: 200 challenge success
[2026-09-12 20:37:50][INFO]   Challenge: WynX7+XzMxE=
[2026-09-12 20:37:50][INFO]   ClientKey sent: OD+XvqX7WrM=
[2026-09-12 20:37:50][INFO]   Token sent
[2026-09-12 20:37:50][INFO] Login Server: 119.8.212.255:10000
[2026-09-12 20:37:50][INFO]   ServerKey: o/L2GIYE8yk=
[2026-09-12 20:37:50][INFO]   Secret: a986868ff489d68b
[2026-09-12 20:37:50][INFO]   HMAC sent: A2VtqlVvKJM=
[2026-09-12 20:37:50][INFO] ✅ [تسجيل الدخول] تم الاتصال والمصافحة بنجاح 100%!
[2026-09-12 20:37:50][INFO] 🔍 [الاستعلام الشامل] جلب كافة بيانات ومعلومات الحساب من السيرفر...
[2026-09-12 20:37:50][WARNING] ⚠️ تم رصد انقطاع الاتصال قبل بدء المهمة [🌾 حصد مزارع المدينة (City Harvest)] (السبب: دخول شخص آخر إلى الحساب (Other Device Login))
[2026-09-12 20:37:50][WARNING] ⚠️ [انقطاع الاتصال] تم رصد انقطاع الاتصال بالحساب (السبب: دخول شخص آخر إلى الحساب (Other Device Login))!
[2026-09-12 20:37:50][WARNING] ⏳ سيتوقف البوت مؤقتاً وينتظر 60 ثانية (دقيقة واحدة) لإفساح المجال ثم إعادة الدخول...
[2026-09-12 20:37:50][INFO] ⏳ [المحاولة 1/10] انتظار 60 ثانية (دقيقة واحدة)...
[2026-09-12 20:37:50][INFO] ⏳ متبقي على إعادة محاولة الدخول: 60 ثانية...
[2026-09-12 20:37:50][INFO]   ServerKey: 7/aufAuaJZ0=
[2026-09-12 20:37:50][INFO]   Secret: e85a3c075113ca28
[2026-09-12 20:37:50][INFO]   HMAC sent: Sly/Z7VgRT8=
[2026-09-12 20:37:50][INFO] 📋 تم تحميل 16 حساب من session_cache.json
[2026-09-12 20:37:50][INFO] 📋 تم تحميل 16 حساب من session_cache.json
[2026-09-12 20:37:50][INFO] DH Handshake...
[2026-09-12 20:37:50][INFO] ✅ تم تحميل إعدادات Firebase من: E:\osmanli\.bot_config_e4tWS8v10m2nDHyzad0M.json
[2026-09-12 20:37:50][INFO] ✅ تم تحميل إعدادات Firebase من: E:\osmanli\.bot_config_e4tWS8v10m2nDHyzad0M.json
[2026-09-12 20:37:50][INFO] 📋 تم تحميل 16 حساب من session_cache.json
[2026-09-12 20:37:50][INFO] 📋 تم تحميل 16 حساب من session_cache.json
[2026-09-12 20:37:50][INFO] 🔁 وضع التشغيل المستمر نشط — دورة كل 90 دقيقة
[2026-09-12 20:37:50][INFO] 🔁 وضع التشغيل المستمر نشط — دورة كل 90 دقيقة
[2026-09-12 20:37:50][INFO] [Gate] ✓ 119.8.213.131:4000 uid=10600743
[2026-09-12 20:37:50][INFO]   📅 مهام مُجدوَلة (9 مهمة):
     • research: {'times_per_day': 2} | آخر تشغيل: لم تُشغَّل بعد
     • tactics_hall: {'times_per_day': 2} | آخر تشغيل: لم تُشغَّل بعد
     • fountain: {'times_per_day': 2} | آخر تشغيل: لم تُشغَّل بعد
     • material_workshop: {'times_per_day': 2} | آخر تشغيل: لم تُشغَّل بعد
     • caravan: {'times_per_day': 2} | آخر تشغيل: لم تُشغَّل بعد
     • port_delegate: {'times_per_day': 3} | آخر تشغيل: لم تُشغَّل بعد
     • savings_bank: {'times_per_day': 1} | آخر تشغيل: لم تُشغَّل بعد
     • building: {'times_per_day': 1} | آخر تشغيل: لم تُشغَّل بعد
     • prestige: {'hours': [3]} | آخر تشغيل: لم تُشغَّل بعد
[2026-09-12 20:37:50][INFO]   📅 مهام مُجدوَلة (9 مهمة):
     • research: {'times_per_day': 2} | آخر تشغيل: لم تُشغَّل بعد
     • tactics_hall: {'times_per_day': 2} | آخر تشغيل: لم تُشغَّل بعد
     • fountain: {'times_per_day': 2} | آخر تشغيل: لم تُشغَّل بعد
     • material_workshop: {'times_per_day': 2} | آخر تشغيل: لم تُشغَّل بعد
     • caravan: {'times_per_day': 2} | آخر تشغيل: لم تُشغَّل بعد
     • port_delegate: {'times_per_day': 3} | آخر تشغيل: لم تُشغَّل بعد
     • savings_bank: {'times_per_day': 1} | آخر تشغيل: لم تُشغَّل بعد
     • building: {'times_per_day': 1} | آخر تشغيل: لم تُشغَّل بعد
     • prestige: {'hours': [3]} | آخر تشغيل: لم تُشغَّل بعد
[2026-09-12 20:37:50][INFO] 🔄 دورة رقم #1 — بدأت 2026-09-12 20:37:50
[2026-09-12 20:37:50][INFO] ⏳ انتظار مزامنة الحزم الأولية من السيرفر...
[2026-09-12 20:37:50][INFO] 🔄 دورة رقم #1 — بدأت 2026-09-12 20:37:50
[2026-09-12 20:37:50][INFO] 🔐 [تسجيل الدخول] بدء الاتصال بالحساب: johan2003@yopmail.com...
[2026-09-12 20:37:50][INFO] 🔐 [تسجيل الدخول] بدء الاتصال بالحساب: johan2003@yopmail.com...
[2026-09-12 20:37:50][INFO] Login Server: 119.8.212.255:10000
[2026-09-12 20:37:50][INFO]   Handshake resp: 200 challenge success
[2026-09-12 20:37:51][WARNING] [Gate] ⚠️ انقطع الاتصال بالحساب (السبب: other_device)
[2026-09-12 20:37:51][WARNING] ⚠️ [تنبيه السيرفر] انقطع اتصال الحساب johan2003@yopmail.com (السبب: other_device)
[2026-09-12 20:37:51][INFO] Login Server: 119.8.212.255:10000
[2026-09-12 20:37:51][INFO]   Handshake resp: 200 challenge success
[2026-09-12 20:37:51][INFO]   Challenge: o691In4nuJI=
[2026-09-12 20:37:51][INFO]   ClientKey sent: XEHlkmMcxOA=
[2026-09-12 20:37:51][INFO] DH Handshake...
[2026-09-12 20:37:51][INFO] DH Handshake...
[2026-09-12 20:37:51][INFO]   Token sent
[2026-09-12 20:37:51][INFO]   Token sent
[2026-09-12 20:37:51][INFO]   Auth resp: 200 TWpVNUBhMjlvWDJkaGJXVmZNalk9QE1URTVMamd1TWpFekxqRXpNUT09QE5EQXdNQT09QE1qZ3hOak0yQE1UQTJNREEzTkRN
[2026-09-12 20:37:51][INFO]   Gate: 119.8.213.131:4000
[2026-09-12 20:37:51][INFO]   UID: 10600743 Server: koh_game_26
[2026-09-12 20:37:51][INFO] [Login] ✓ johan2003@yopmail.com → Gate 119.8.213.131:4000 uid=10600743
[2026-09-12 20:37:51][INFO]   ServerKey: z3FLSO4eAn0=
[2026-09-12 20:37:51][INFO]   Secret: e412f9cf2a81cb14
[2026-09-12 20:37:51][INFO]   HMAC sent: 09G+ykpW+JM=
[2026-09-12 20:37:51][INFO]   Challenge: z14Zh/Ah3vk=
[2026-09-12 20:37:51][INFO]   ClientKey sent: +BXMFvje+Xg=
[2026-09-12 20:37:51][INFO]   Challenge: cSIlPT49JbA=
[2026-09-12 20:37:51][INFO]   ClientKey sent: 6HTI2TNMlU4=
[2026-09-12 20:37:51][INFO]   Auth resp: 406 Not Acceptable
[2026-09-12 20:37:51][ERROR] [Login] johan2003@yopmail.com: SDK token error - sessionId منتهي الصلاحية
[2026-09-12 20:37:51][ERROR] ❌ [تسجيل الدخول] فشل الاتصال بالحساب johan2003@yopmail.com!
[2026-09-12 20:37:51][INFO] 🔒 تم إغلاق اتصال الحساب johan2003@yopmail.com بأمان.
[2026-09-12 20:37:51][INFO] ✅ انتهت الدورة #1 في 1ث — الدورة القادمة الساعة: 22:07:50
[2026-09-12 20:37:51][INFO] 💤 انتظار 90.0 دقيقة...
[2026-09-12 20:37:51][INFO]   Handshake resp: 200 challenge success
[2026-09-12 20:37:51][INFO]   ServerKey: cQo6y/5qQLc=
[2026-09-12 20:37:51][INFO]   Secret: 456946823973131c
[2026-09-12 20:37:51][INFO]   HMAC sent: T4z01tila70=
[2026-09-12 20:37:51][INFO]   ServerKey: 0zPOXw8/EbQ=
[2026-09-12 20:37:51][INFO]   Secret: ec320fd9c342d2fb
[2026-09-12 20:37:51][INFO]   HMAC sent: lAmL3KEEvOE=
[2026-09-12 20:37:51][ERROR] [Gate] Handshake failed: b'404 User Not Found'
[2026-09-12 20:37:51][ERROR] ❌ [تسجيل الدخول] فشل الاتصال بالحساب johan2003@yopmail.com!
[2026-09-12 20:37:51][INFO] 🔒 تم إغلاق اتصال الحساب johan2003@yopmail.com بأمان.
[2026-09-12 20:37:51][INFO] ✅ انتهت الدورة #1 في 1ث — الدورة القادمة الساعة: 22:07:50
[2026-09-12 20:37:51][INFO] 💤 انتظار 90.0 دقيقة...
[2026-09-12 20:37:51][INFO]   Handshake resp: 200 challenge success
[2026-09-12 20:37:51][INFO]   Handshake resp: 200 challenge success
[2026-09-12 20:37:51][INFO]   Token sent
[2026-09-12 20:37:51][INFO]   Token sent
[2026-09-12 20:37:51][INFO]   Token sent
[2026-09-12 20:37:51][INFO]   Auth resp: 200 TWpVNUBhMjlvWDJkaGJXVmZNalk9QE1URTVMamd1TWpFekxqRXpNUT09QE5EQXdNQT09QE1qZ3hOak0zQE1UQTJNREEzTkRN
[2026-09-12 20:37:51][INFO]   Gate: 119.8.213.131:4000
[2026-09-12 20:37:51][INFO]   UID: 10600743 Server: koh_game_26
[2026-09-12 20:37:51][INFO] [Login] ✓ johan2003@yopmail.com → Gate 119.8.213.131:4000 uid=10600743
[2026-09-12 20:37:51][INFO]   Auth resp: 406 Not Acceptable
[2026-09-12 20:37:51][INFO]   Auth resp: 406 Not Acceptable
[2026-09-12 20:37:51][ERROR] [Login] johan2003@yopmail.com: SDK token error - sessionId منتهي الصلاحية
[2026-09-12 20:37:51][ERROR] [Login] johan2003@yopmail.com: SDK token error - sessionId منتهي الصلاحية
[2026-09-12 20:37:51][ERROR] ❌ [تسجيل الدخول] فشل الاتصال بالحساب johan2003@yopmail.com!
[2026-09-12 20:37:51][INFO] 🔒 تم إغلاق اتصال الحساب johan2003@yopmail.com بأمان.
[2026-09-12 20:37:51][INFO] 🔒 تم إغلاق اتصال الحساب johan2003@yopmail.com بأمان.
[2026-09-12 20:37:51][INFO] ✅ انتهت الدورة #1 في 1ث — الدورة القادمة الساعة: 22:07:50
[2026-09-12 20:37:51][INFO] ✅ انتهت الدورة #1 في 1ث — الدورة القادمة الساعة: 22:07:50
[2026-09-12 20:37:51][INFO] 💤 انتظار 90.0 دقيقة...
[2026-09-12 20:37:51][INFO] 💤 انتظار 90.0 دقيقة...
[2026-09-12 20:37:51][INFO] 📋 تم تحميل 16 حساب من session_cache.json
[2026-09-12 20:37:51][INFO] ✅ تم تحميل إعدادات Firebase من: E:\osmanli\.bot_config_e4tWS8v10m2nDHyzad0M.json
[2026-09-12 20:37:51][INFO] 📋 تم تحميل 16 حساب من session_cache.json
[2026-09-12 20:37:51][INFO] 🔁 وضع التشغيل المستمر نشط — دورة كل 90 دقيقة
[2026-09-12 20:37:51][INFO]   📅 مهام مُجدوَلة (9 مهمة):
     • research: {'times_per_day': 2} | آخر تشغيل: لم تُشغَّل بعد
     • tactics_hall: {'times_per_day': 2} | آخر تشغيل: لم تُشغَّل بعد
     • fountain: {'times_per_day': 2} | آخر تشغيل: لم تُشغَّل بعد
     • material_workshop: {'times_per_day': 2} | آخر تشغيل: لم تُشغَّل بعد
     • caravan: {'times_per_day': 2} | آخر تشغيل: لم تُشغَّل بعد
     • port_delegate: {'times_per_day': 3} | آخر تشغيل: لم تُشغَّل بعد
     • savings_bank: {'times_per_day': 1} | آخر تشغيل: لم تُشغَّل بعد
     • building: {'times_per_day': 1} | آخر تشغيل: لم تُشغَّل بعد
     • prestige: {'hours': [3]} | آخر تشغيل: لم تُشغَّل بعد
[2026-09-12 20:37:51][INFO] 🔄 دورة رقم #1 — بدأت 2026-09-12 20:37:51
[2026-09-12 20:37:51][INFO] 🔐 [تسجيل الدخول] بدء الاتصال بالحساب: johan2003@yopmail.com...
[2026-09-12 20:37:51][INFO] Login Server: 119.8.212.255:10000
[2026-09-12 20:37:51][INFO] 📋 تم تحميل 16 حساب من session_cache.json
[2026-09-12 20:37:51][INFO] ✅ تم تحميل إعدادات Firebase من: E:\osmanli\.bot_config_e4tWS8v10m2nDHyzad0M.json
[2026-09-12 20:37:51][INFO] 📋 تم تحميل 16 حساب من session_cache.json
[2026-09-12 20:37:51][INFO] 🔁 وضع التشغيل المستمر نشط — دورة كل 90 دقيقة
[2026-09-12 20:37:51][INFO]   📅 مهام مُجدوَلة (9 مهمة):
     • research: {'times_per_day': 2} | آخر تشغيل: لم تُشغَّل بعد
     • tactics_hall: {'times_per_day': 2} | آخر تشغيل: لم تُشغَّل بعد
     • fountain: {'times_per_day': 2} | آخر تشغيل: لم تُشغَّل بعد
     • material_workshop: {'times_per_day': 2} | آخر تشغيل: لم تُشغَّل بعد
     • caravan: {'times_per_day': 2} | آخر تشغيل: لم تُشغَّل بعد
     • port_delegate: {'times_per_day': 3} | آخر تشغيل: لم تُشغَّل بعد
     • savings_bank: {'times_per_day': 1} | آخر تشغيل: لم تُشغَّل بعد
     • building: {'times_per_day': 1} | آخر تشغيل: لم تُشغَّل بعد
     • prestige: {'hours': [3]} | آخر تشغيل: لم تُشغَّل بعد
[2026-09-12 20:37:51][INFO] 🔄 دورة رقم #1 — بدأت 2026-09-12 20:37:51
[2026-09-12 20:37:51][INFO] 🔐 [تسجيل الدخول] بدء الاتصال بالحساب: johan2003@yopmail.com...
[2026-09-12 20:37:51][INFO] DH Handshake...
[2026-09-12 20:37:51][ERROR] [Gate] Handshake failed: b'404 User Not Found'
[2026-09-12 20:37:51][ERROR] ❌ [تسجيل الدخول] فشل الاتصال بالحساب johan2003@yopmail.com!
[2026-09-12 20:37:51][INFO] 🔒 تم إغلاق اتصال الحساب johan2003@yopmail.com بأمان.
[2026-09-12 20:37:51][INFO] ✅ انتهت الدورة #1 في 1ث — الدورة القادمة الساعة: 22:07:50
[2026-09-12 20:37:51][INFO] 💤 انتظار 90.0 دقيقة...
[2026-09-12 20:37:51][INFO] 📋 تم تحميل 16 حساب من session_cache.json
[2026-09-12 20:37:51][INFO] ✅ تم تحميل إعدادات Firebase من: E:\osmanli\.bot_config_e4tWS8v10m2nDHyzad0M.json
[2026-09-12 20:37:51][INFO] 📋 تم تحميل 16 حساب من session_cache.json
[2026-09-12 20:37:51][INFO] 🔁 وضع التشغيل المستمر نشط — دورة كل 90 دقيقة
[2026-09-12 20:37:51][INFO]   📅 مهام مُجدوَلة (9 مهمة):
     • research: {'times_per_day': 2} | آخر تشغيل: لم تُشغَّل بعد
     • tactics_hall: {'times_per_day': 2} | آخر تشغيل: لم تُشغَّل بعد
     • fountain: {'times_per_day': 2} | آخر تشغيل: لم تُشغَّل بعد
     • material_workshop: {'times_per_day': 2} | آخر تشغيل: لم تُشغَّل بعد
     • caravan: {'times_per_day': 2} | آخر تشغيل: لم تُشغَّل بعد
     • port_delegate: {'times_per_day': 3} | آخر تشغيل: لم تُشغَّل بعد
     • savings_bank: {'times_per_day': 1} | آخر تشغيل: لم تُشغَّل بعد
     • building: {'times_per_day': 1} | آخر تشغيل: لم تُشغَّل بعد
     • prestige: {'hours': [3]} | آخر تشغيل: لم تُشغَّل بعد
[2026-09-12 20:37:51][INFO] 🔄 دورة رقم #1 — بدأت 2026-09-12 20:37:51
[2026-09-12 20:37:51][INFO] 🔐 [تسجيل الدخول] بدء الاتصال بالحساب: johan2003@yopmail.com...
[2026-09-12 20:37:51][INFO]   Auth resp: 200 TWpVNUBhMjlvWDJkaGJXVmZNalk9QE1URTVMamd1TWpFekxqRXpNUT09QE5EQXdNQT09QE1qZ3hOak00QE1UQTJNREEzTkRN
[2026-09-12 20:37:51][INFO]   Gate: 119.8.213.131:4000
[2026-09-12 20:37:51][INFO]   UID: 10600743 Server: koh_game_26
[2026-09-12 20:37:51][INFO] [Login] ✓ johan2003@yopmail.com → Gate 119.8.213.131:4000 uid=10600743
[2026-09-12 20:37:51][INFO]   Challenge: 2r5YgzdmmEQ=
[2026-09-12 20:37:51][INFO]   ClientKey sent: Kb30rIMricg=
[2026-09-12 20:37:51][INFO] Login Server: 119.8.212.255:10000
[2026-09-12 20:37:51][INFO] Login Server: 119.8.212.255:10000
[2026-09-12 20:37:51][INFO] 📋 تم تحميل 16 حساب من session_cache.json
[2026-09-12 20:37:51][INFO]   ServerKey: G2zp0TXSyN8=
[2026-09-12 20:37:51][INFO]   Secret: 6225732dd3f3fceb
[2026-09-12 20:37:51][INFO] DH Handshake...
[2026-09-12 20:37:51][INFO]   HMAC sent: NWdFGbk2q9E=
[2026-09-12 20:37:51][INFO] ✅ تم تحميل إعدادات Firebase من: E:\osmanli\.bot_config_e4tWS8v10m2nDHyzad0M.json
[2026-09-12 20:37:51][INFO] 📋 تم تحميل 16 حساب من session_cache.json
[2026-09-12 20:37:51][INFO] 🔁 وضع التشغيل المستمر نشط — دورة كل 90 دقيقة
[2026-09-12 20:37:51][INFO]   📅 مهام مُجدوَلة (9 مهمة):
     • research: {'times_per_day': 2} | آخر تشغيل: لم تُشغَّل بعد
     • tactics_hall: {'times_per_day': 2} | آخر تشغيل: لم تُشغَّل بعد
     • fountain: {'times_per_day': 2} | آخر تشغيل: لم تُشغَّل بعد
     • material_workshop: {'times_per_day': 2} | آخر تشغيل: لم تُشغَّل بعد
     • caravan: {'times_per_day': 2} | آخر تشغيل: لم تُشغَّل بعد
     • port_delegate: {'times_per_day': 3} | آخر تشغيل: لم تُشغَّل بعد
     • savings_bank: {'times_per_day': 1} | آخر تشغيل: لم تُشغَّل بعد
     • building: {'times_per_day': 1} | آخر تشغيل: لم تُشغَّل بعد
     • prestige: {'hours': [3]} | آخر تشغيل: لم تُشغَّل بعد
[2026-09-12 20:37:51][INFO] 🔄 دورة رقم #1 — بدأت 2026-09-12 20:37:51
[2026-09-12 20:37:51][INFO] 🔐 [تسجيل الدخول] بدء الاتصال بالحساب: johan2003@yopmail.com...
[2026-09-12 20:37:51][INFO] DH Handshake...
[2026-09-12 20:37:52][INFO] [Gate] ✓ 119.8.213.131:4000 uid=10600743
[2026-09-12 20:37:52][INFO] ⏳ انتظار مزامنة الحزم الأولية من السيرفر...
[2026-09-12 20:37:52][INFO] 📋 تم تحميل 16 حساب من session_cache.json
[2026-09-12 20:37:52][INFO] ✅ تم تحميل إعدادات Firebase من: E:\osmanli\.bot_config_e4tWS8v10m2nDHyzad0M.json
[2026-09-12 20:37:52][INFO] 📋 تم تحميل 16 حساب من session_cache.json
[2026-09-12 20:37:52][INFO] 🔁 وضع التشغيل المستمر نشط — دورة كل 90 دقيقة
[2026-09-12 20:37:52][INFO]   📅 مهام مُجدوَلة (9 مهمة):
     • research: {'times_per_day': 2} | آخر تشغيل: لم تُشغَّل بعد
     • tactics_hall: {'times_per_day': 2} | آخر تشغيل: لم تُشغَّل بعد
     • fountain: {'times_per_day': 2} | آخر تشغيل: لم تُشغَّل بعد
     • material_workshop: {'times_per_day': 2} | آخر تشغيل: لم تُشغَّل بعد
     • caravan: {'times_per_day': 2} | آخر تشغيل: لم تُشغَّل بعد
     • port_delegate: {'times_per_day': 3} | آخر تشغيل: لم تُشغَّل بعد
     • savings_bank: {'times_per_day': 1} | آخر تشغيل: لم تُشغَّل بعد
     • building: {'times_per_day': 1} | آخر تشغيل: لم تُشغَّل بعد
     • prestige: {'hours': [3]} | آخر تشغيل: لم تُشغَّل بعد
[2026-09-12 20:37:52][INFO] 🔄 دورة رقم #1 — بدأت 2026-09-12 20:37:52
[2026-09-12 20:37:52][INFO] 🔐 [تسجيل الدخول] بدء الاتصال بالحساب: johan2003@yopmail.com...
[2026-09-12 20:37:52][INFO]   Challenge: cAze16QiIww=
enge success
[2026-09-12 20:37:52][INFO]   ClientKey sent: pJnrF+wL9zc=
[2026-09-12 20:37:52][INFO]   Challenge: EwrBekg6jNg=
[2026-09-12 20:37:52][INFO] 📋 تم تحميل 16 حساب من session_cache.json
[2026-09-12 20:37:52][INFO]   ClientKey sent: YODlUy4lgfY=
[2026-09-12 20:37:52][INFO] Login Server: 119.8.212.255:10000
[2026-09-12 20:37:52][INFO] ✅ تم تحميل إعدادات Firebase من: E:\osmanli\.bot_config_e4tWS8v10m2nDHyzad0M.json
[2026-09-12 20:37:52][INFO] 📋 تم تحميل 16 حساب من session_cache.json
[2026-09-12 20:37:52][INFO] Login Server: 119.8.212.255:10000
[2026-09-12 20:37:52][INFO] 🔁 وضع التشغيل المستمر نشط — دورة كل 90 دقيقة
[2026-09-12 20:37:52][INFO]   📅 مهام مُجدوَلة (9 مهمة):
     • research: {'times_per_day': 2} | آخر تشغيل: لم تُشغَّل بعد
     • tactics_hall: {'times_per_day': 2} | آخر تشغيل: لم تُشغَّل بعد
     • fountain: {'times_per_day': 2} | آخر تشغيل: لم تُشغَّل بعد
     • material_workshop: {'times_per_day': 2} | آخر تشغيل: لم تُشغَّل بعد
     • caravan: {'times_per_day': 2} | آخر تشغيل: لم تُشغَّل بعد
     • port_delegate: {'times_per_day': 3} | آخر تشغيل: لم تُشغَّل بعد
     • savings_bank: {'times_per_day': 1} | آخر تشغيل: لم تُشغَّل بعد
     • building: {'times_per_day': 1} | آخر تشغيل: لم تُشغَّل بعد
     • prestige: {'hours': [3]} | آخر تشغيل: لم تُشغَّل بعد
[2026-09-12 20:37:52][INFO] 🔄 دورة رقم #1 — بدأت 2026-09-12 20:37:52
[2026-09-12 20:37:52][INFO] 🔐 [تسجيل الدخول] بدء الاتصال بالحساب: johan2003@yopmail.com...
[2026-09-12 20:37:52][INFO] ✅ [تسجيل الدخول] تم الاتصال والمصافحة بنجاح 100%!
[2026-09-12 20:37:52][INFO] 🔍 [الاستعلام الشامل] جلب كافة بيانات ومعلومات الحساب من السيرفر...
[2026-09-12 20:37:52][WARNING] ⚠️ تم رصد انقطاع الاتصال قبل بدء المهمة [🌾 حصد مزارع المدينة (City Harvest)] (السبب: دخول شخص آخر إلى الحساب (Other Device Login))
[2026-09-12 20:37:52][WARNING] ⚠️ [انقطاع الاتصال] تم رصد انقطاع الاتصال بالحساب (السبب: دخول شخص آخر إلى الحساب (Other Device Login))!
[2026-09-12 20:37:52][WARNING] ⏳ سيتوقف البوت مؤقتاً وينتظر 60 ثانية (دقيقة واحدة) لإفساح المجال ثم إعادة الدخول...
[2026-09-12 20:37:52][INFO] ⏳ [المحاولة 1/10] انتظار 60 ثانية (دقيقة واحدة)...
[2026-09-12 20:37:52][INFO] ⏳ متبقي على إعادة محاولة الدخول: 60 ثانية...
[2026-09-12 20:37:52][INFO] Login Server: 119.8.212.255:10000
[2026-09-12 20:37:52][INFO]   ServerKey: efDF5X6vpJg=
[2026-09-12 20:37:52][INFO]   Secret: bcf12aecf57e9417
[2026-09-12 20:37:52][INFO]   HMAC sent: 5QIVx2WwZDw=
[2026-09-12 20:37:52][INFO]   Token sent
[2026-09-12 20:37:52][INFO] DH Handshake...
[2026-09-12 20:37:52][INFO] DH Handshake...
SqtNEeA=
[2026-09-12 20:37:52][INFO]   Secret: 599d8db0f235580a
[2026-09-12 20:37:52][INFO]   HMAC sent: BXhx2bO2i1I=
[2026-09-12 20:37:52][INFO] 📋 تم تحميل 16 حساب من session_cache.json
[2026-09-12 20:37:52][INFO] ✅ تم تحميل إعدادات Firebase من: E:\osmanli\.bot_config_e4tWS8v10m2nDHyzad0M.json
[2026-09-12 20:37:52][INFO] 📋 تم تحميل 16 حساب من session_cache.json
[2026-09-12 20:37:52][INFO] 🔁 وضع التشغيل المستمر نشط — دورة كل 90 دقيقة
[2026-09-12 20:37:52][INFO]   📅 مهام مُجدوَلة (9 مهمة):
     • research: {'times_per_day': 2} | آخر تشغيل: لم تُشغَّل بعد
     • tactics_hall: {'times_per_day': 2} | آخر تشغيل: لم تُشغَّل بعد
     • fountain: {'times_per_day': 2} | آخر تشغيل: لم تُشغَّل بعد
     • material_workshop: {'times_per_day': 2} | آخر تشغيل: لم تُشغَّل بعد
     • caravan: {'times_per_day': 2} | آخر تشغيل: لم تُشغَّل بعد
     • port_delegate: {'times_per_day': 3} | آخر تشغيل: لم تُشغَّل بعد
     • savings_bank: {'times_per_day': 1} | آخر تشغيل: لم تُشغَّل بعد
     • building: {'times_per_day': 1} | آخر تشغيل: لم تُشغَّل بعد
     • prestige: {'hours': [3]} | آخر تشغيل: لم تُشغَّل بعد
[2026-09-12 20:37:52][INFO] 🔄 دورة رقم #1 — بدأت 2026-09-12 20:37:52
[2026-09-12 20:37:52][INFO] 🔐 [تسجيل الدخول] بدء الاتصال بالحساب: johan2003@yopmail.com...
[2026-09-12 20:37:52][INFO] ⏳ متبقي على إعادة محاولة الدخول: 45 ثانية...
[2026-09-12 20:37:52][INFO]   Handshake resp: 200 challenge success
[2026-09-12 20:37:52][INFO] DH Handshake...
[2026-09-12 20:37:52][INFO]   Challenge: XmV5NncQjqs=
[2026-09-12 20:37:52][INFO]   Handshake resp: 200 challenge success
[2026-09-12 20:37:52][INFO]   Challenge: 9W1ibDzrkfU=
[2026-09-12 20:37:52][INFO]   ClientKey sent: 17rg8AlhvhE=
[2026-09-12 20:37:52][INFO]   ClientKey sent: iajIEhFbukw=
[2026-09-12 20:37:52][INFO]   Token sent
[2026-09-12 20:37:52][INFO]   Token sent
[2026-09-12 20:37:52][INFO] Login Server: 119.8.212.255:10000
[2026-09-12 20:37:52][WARNING] [Gate] ⚠️ انقطع الاتصال بالحساب (السبب: other_device)
[2026-09-12 20:37:52][WARNING] ⚠️ [تنبيه السيرفر] انقطع اتصال الحساب johan2003@yopmail.com (السبب: other_device)
[2026-09-12 20:37:52][INFO]   ServerKey: T5NJvbBYqOc=
[2026-09-12 20:37:52][INFO]   Secret: a5a9386310ed2e55
[2026-09-12 20:37:52][INFO]   ServerKey: ndZCMEOJq3U=
[2026-09-12 20:37:52][INFO]   HMAC sent: yuEI94DiMRY=
[2026-09-12 20:37:52][INFO]   Secret: 37f6a90192f3c2ec
[2026-09-12 20:37:52][INFO]   HMAC sent: 6jTLNaMUj5w=
[2026-09-12 20:37:52][INFO]   Auth resp: 406 Not Acceptable
[2026-09-12 20:37:52][ERROR] [Login] johan2003@yopmail.com: SDK token error - sessionId منتهي الصلاحية
[2026-09-12 20:37:52][ERROR] ❌ [تسجيل الدخول] فشل الاتصال بالحساب johan2003@yopmail.com!
[2026-09-12 20:37:52][INFO] 🔒 تم إغلاق اتصال الحساب johan2003@yopmail.com بأمان.
[2026-09-12 20:37:52][INFO] ✅ انتهت الدورة #1 في 1ث — الدورة القادمة الساعة: 22:07:51
[2026-09-12 20:37:52][INFO] 💤 انتظار 90.0 دقيقة...
[2026-09-12 20:37:52][INFO]   Auth resp: 406 Not Acceptable
[2026-09-12 20:37:52][ERROR] [Login] johan2003@yopmail.com: SDK token error - sessionId منتهي الصلاحية
[2026-09-12 20:37:52][ERROR] ❌ [تسجيل الدخول] فشل الاتصال بالحساب johan2003@yopmail.com!
[2026-09-12 20:37:52][INFO] 🔒 تم إغلاق اتصال الحساب johan2003@yopmail.com بأمان.
[2026-09-12 20:37:52][INFO] ✅ انتهت الدورة #1 في 1ث — الدورة القادمة الساعة: 22:07:51
[2026-09-12 20:37:52][INFO] 💤 انتظار 90.0 دقيقة...
[2026-09-12 20:37:52][INFO]   Challenge: xv4oosydcwY=
[2026-09-12 20:37:52][INFO]   ClientKey sent: WbGDxIv0J/w=
[2026-09-12 20:37:52][INFO] DH Handshake...
[2026-09-12 20:37:52][INFO] 📋 تم تحميل 16 حساب من session_cache.json
[2026-09-12 20:37:52][INFO]   Handshake resp: 200 challenge success
[2026-09-12 20:37:52][INFO]   Handshake resp: 200 challenge success
[2026-09-12 20:37:52][INFO] ✅ تم تحميل إعدادات Firebase من: E:\osmanli\.bot_config_e4tWS8v10m2nDHyzad0M.json
[2026-09-12 20:37:52][INFO] 📋 تم تحميل 16 حساب من session_cache.json
[2026-09-12 20:37:52][INFO] 🔁 وضع التشغيل المستمر نشط — دورة كل 90 دقيقة
[2026-09-12 20:37:52][INFO]   📅 مهام مُجدوَلة (9 مهمة):
     • research: {'times_per_day': 2} | آخر تشغيل: لم تُشغَّل بعد
     • tactics_hall: {'times_per_day': 2} | آخر تشغيل: لم تُشغَّل بعد
     • fountain: {'times_per_day': 2} | آخر تشغيل: لم تُشغَّل بعد
     • material_workshop: {'times_per_day': 2} | آخر تشغيل: لم تُشغَّل بعد
     • caravan: {'times_per_day': 2} | آخر تشغيل: لم تُشغَّل بعد
     • port_delegate: {'times_per_day': 3} | آخر تشغيل: لم تُشغَّل بعد
     • savings_bank: {'times_per_day': 1} | آخر تشغيل: لم تُشغَّل بعد
     • building: {'times_per_day': 1} | آخر تشغيل: لم تُشغَّل بعد
     • prestige: {'hours': [3]} | آخر تشغيل: لم تُشغَّل بعد
[2026-09-12 20:37:52][INFO] 🔄 دورة رقم #1 — بدأت 2026-09-12 20:37:52
[2026-09-12 20:37:52][INFO] 🔐 [تسجيل الدخول] بدء الاتصال بالحساب: johan2003@yopmail.com...
[2026-09-12 20:37:52][INFO]   Token sent
[2026-09-12 20:37:52][INFO]   Token sent
[2026-09-12 20:37:52][INFO]   ServerKey: SVqlNZqrFAA=
[2026-09-12 20:37:52][INFO]   Secret: c4d192c26b7ef49b
[2026-09-12 20:37:52][INFO]   HMAC sent: qQcD7UWjCTo=
[2026-09-12 20:37:52][INFO]   Challenge: 3fmQ2QZ7ix4=
[2026-09-12 20:37:52][INFO]   ClientKey sent: FsrDRjO1VmY=
[2026-09-12 20:37:52][INFO] Login Server: 119.8.212.255:10000
[2026-09-12 20:37:52][INFO] 📋 تم تحميل 16 حساب من session_cache.json
[2026-09-12 20:37:52][INFO]   Auth resp: 200 TWpVNUBhMjlvWDJkaGJXVmZNalk9QE1URTVMamd1TWpFekxqRXpNUT09QE5EQXdNQT09QE1qZ3hOak01QE1UQTJNREEzTkRN
[2026-09-12 20:37:52][INFO]   Gate: 119.8.213.131:4000
[2026-09-12 20:37:52][INFO]   UID: 10600743 Server: koh_game_26
[2026-09-12 20:37:52][INFO] [Login] ✓ johan2003@yopmail.com → Gate 119.8.213.131:4000 uid=10600743
[2026-09-12 20:37:52][INFO] 📋 تم تحميل 16 حساب من session_cache.json
[2026-09-12 20:37:52][INFO] 📋 تم تحميل 16 حساب من session_cache.json
[2026-09-12 20:37:52][INFO] ✅ تم تحميل إعدادات Firebase من: E:\osmanli\.bot_config_e4tWS8v10m2nDHyzad0M.json
[2026-09-12 20:37:52][INFO] 📋 تم تحميل 16 حساب من session_cache.json
[2026-09-12 20:37:52][INFO] ✅ تم تحميل إعدادات Firebase من: E:\osmanli\.bot_config_e4tWS8v10m2nDHyzad0M.json
[2026-09-12 20:37:52][INFO] 📋 تم تحميل 16 حساب من session_cache.json
[2026-09-12 20:37:52][INFO] 🔁 وضع التشغيل المستمر نشط — دورة كل 90 دقيقة
[2026-09-12 20:37:52][INFO]   📅 مهام مُجدوَلة (9 مهمة):
     • research: {'times_per_day': 2} | آخر تشغيل: لم تُشغَّل بعد
     • tactics_hall: {'times_per_day': 2} | آخر تشغيل: لم تُشغَّل بعد
     • fountain: {'times_per_day': 2} | آخر تشغيل: لم تُشغَّل بعد
     • material_workshop: {'times_per_day': 2} | آخر تشغيل: لم تُشغَّل بعد
     • caravan: {'times_per_day': 2} | آخر تشغيل: لم تُشغَّل بعد
     • port_delegate: {'times_per_day': 3} | آخر تشغيل: لم تُشغَّل بعد
     • savings_bank: {'times_per_day': 1} | آخر تشغيل: لم تُشغَّل بعد
     • building: {'times_per_day': 1} | آخر تشغيل: لم تُشغَّل بعد
     • prestige: {'hours': [3]} | آخر تشغيل: لم تُشغَّل بعد
[2026-09-12 20:37:52][INFO] 🔄 دورة رقم #1 — بدأت 2026-09-12 20:37:52
[2026-09-12 20:37:52][INFO] 🔐 [تسجيل الدخول] بدء الاتصال بالحساب: johan2003@yopmail.com...
[2026-09-12 20:37:52][INFO] 🔁 وضع التشغيل المستمر نشط — دورة كل 90 دقيقة
[2026-09-12 20:37:52][INFO]   📅 مهام مُجدوَلة (9 مهمة):
     • research: {'times_per_day': 2} | آخر تشغيل: لم تُشغَّل بعد
     • tactics_hall: {'times_per_day': 2} | آخر تشغيل: لم تُشغَّل بعد
     • fountain: {'times_per_day': 2} | آخر تشغيل: لم تُشغَّل بعد
     • material_workshop: {'times_per_day': 2} | آخر تشغيل: لم تُشغَّل بعد
     • caravan: {'times_per_day': 2} | آخر تشغيل: لم تُشغَّل بعد
     • port_delegate: {'times_per_day': 3} | آخر تشغيل: لم تُشغَّل بعد
     • savings_bank: {'times_per_day': 1} | آخر تشغيل: لم تُشغَّل بعد
     • building: {'times_per_day': 1} | آخر تشغيل: لم تُشغَّل بعد
     • prestige: {'hours': [3]} | آخر تشغيل: لم تُشغَّل بعد
[2026-09-12 20:37:52][INFO] 🔄 دورة رقم #1 — بدأت 2026-09-12 20:37:52
[2026-09-12 20:37:52][INFO] 🔐 [تسجيل الدخول] بدء الاتصال بالحساب: johan2003@yopmail.com...
[2026-09-12 20:37:52][INFO] Login Server: 119.8.212.255:10000
[2026-09-12 20:37:52][INFO]   Auth resp: 406 Not Acceptable
[2026-09-12 20:37:52][ERROR] [Login] johan2003@yopmail.com: SDK token error - sessionId منتهي الصلاحية
[2026-09-12 20:37:52][ERROR] ❌ [تسجيل الدخول] فشل الاتصال بالحساب johan2003@yopmail.com!
[2026-09-12 20:37:52][INFO] 🔒 تم إغلاق اتصال الحساب johan2003@yopmail.com بأمان.
[2026-09-12 20:37:52][INFO] ✅ انتهت الدورة #1 في 1ث — الدورة القادمة الساعة: 22:07:51
[2026-09-12 20:37:52][INFO] 💤 انتظار 90.0 دقيقة...
[2026-09-12 20:37:52][INFO] ✅ تم تحميل إعدادات Firebase من: E:\osmanli\.bot_config_e4tWS8v10m2nDHyzad0M.json
[2026-09-12 20:37:52][INFO] 📋 تم تحميل 16 حساب من session_cache.json
[2026-09-12 20:37:52][INFO] 📋 تم تحميل 16 حساب من session_cache.json
[2026-09-12 20:37:52][INFO] ✅ تم تحميل إعدادات Firebase من: E:\osmanli\.bot_config_e4tWS8v10m2nDHyzad0M.json
[2026-09-12 20:37:52][INFO] 📋 تم تحميل 16 حساب من session_cache.json
[2026-09-12 20:37:52][INFO]   Handshake resp: 200 challenge success
 نشط — دورة كل 90 دقيقة
[2026-09-12 20:37:52][INFO]   📅 مهام مُجدوَلة (9 مهمة):
     • research: {'times_per_day': 2} | آخر تشغيل: لم تُشغَّل بعد
     • tactics_hall: {'times_per_day': 2} | آخر تشغيل: لم تُشغَّل بعد
     • fountain: {'times_per_day': 2} | آخر تشغيل: لم تُشغَّل بعد
     • material_workshop: {'times_per_day': 2} | آخر تشغيل: لم تُشغَّل بعد
     • caravan: {'times_per_day': 2} | آخر تشغيل: لم تُشغَّل بعد
     • port_delegate: {'times_per_day': 3} | آخر تشغيل: لم تُشغَّل بعد
     • savings_bank: {'times_per_day': 1} | آخر تشغيل: لم تُشغَّل بعد
     • building: {'times_per_day': 1} | آخر تشغيل: لم تُشغَّل بعد
     • prestige: {'hours': [3]} | آخر تشغيل: لم تُشغَّل بعد
[2026-09-12 20:37:52][INFO] 🔄 دورة رقم #1 — بدأت 2026-09-12 20:37:52
[2026-09-12 20:37:52][INFO] 🔐 [تسجيل الدخول] بدء الاتصال بالحساب: johan2003@yopmail.com...
[2026-09-12 20:37:52][INFO]   ServerKey: kcuGO3h297w=
[2026-09-12 20:37:52][INFO]   Secret: e25c6f131288bc79
[2026-09-12 20:37:52][INFO] 🔁 وضع التشغيل المستمر نشط — دورة كل 90 دقيقة
[2026-09-12 20:37:52][INFO]   HMAC sent: kdAaNaCO+NE=
�لة (9 مهمة):
     • research: {'times_per_day': 2} | آخر تشغيل: لم تُشغَّل بعد
     • tactics_hall: {'times_per_day': 2} | آخر تشغيل: لم تُشغَّل بعد
     • fountain: {'times_per_day': 2} | آخر تشغيل: لم تُشغَّل بعد
     • material_workshop: {'times_per_day': 2} | آخر تشغيل: لم تُشغَّل بعد
     • caravan: {'times_per_day': 2} | آخر تشغيل: لم تُشغَّل بعد
     • port_delegate: {'times_per_day': 3} | آخر تشغيل: لم تُشغَّل بعد
     • savings_bank: {'times_per_day': 1} | آخر تشغيل: لم تُشغَّل بعد
     • building: {'times_per_day': 1} | آخر تشغيل: لم تُشغَّل بعد
     • prestige: {'hours': [3]} | آخر تشغيل: لم تُشغَّل بعد
[2026-09-12 20:37:52][INFO] 🔄 دورة رقم #1 — بدأت 2026-09-12 20:37:52
[2026-09-12 20:37:52][INFO] 🔐 [تسجيل الدخول] بدء الاتصال بالحساب: johan2003@yopmail.com...
[2026-09-12 20:37:52][INFO]   Token sent
[2026-09-12 20:37:52][INFO] Login Server: 119.8.212.255:10000
[2026-09-12 20:37:52][INFO] DH Handshake...
[2026-09-12 20:37:52][INFO]   Handshake resp: 200 challenge success
[2026-09-12 20:37:52][INFO]   Challenge: P2HyM6bwuMU=
[2026-09-12 20:37:52][INFO]   ClientKey sent: otgcfBAbntw=
[2026-09-12 20:37:52][INFO] Login Server: 119.8.212.255:10000
[2026-09-12 20:37:52][INFO]   Auth resp: 406 Not Acceptable
[2026-09-12 20:37:52][ERROR] [Login] johan2003@yopmail.com: SDK token error - sessionId منتهي الصلاحية
[2026-09-12 20:37:52][ERROR] ❌ [تسجيل الدخول] فشل الاتصال بالحساب johan2003@yopmail.com!
[2026-09-12 20:37:52][INFO] 🔒 تم إغلاق اتصال الحساب johan2003@yopmail.com بأمان.
[2026-09-12 20:37:52][INFO] ✅ انتهت الدورة #1 في 1ث — الدورة القادمة الساعة: 22:07:52
[2026-09-12 20:37:52][INFO] 💤 انتظار 90.0 دقيقة...
[2026-09-12 20:37:52][INFO]   Token sent
[2026-09-12 20:37:52][ERROR] [Gate] Handshake failed: b'404 User Not Found'
[2026-09-12 20:37:52][ERROR] ❌ [تسجيل الدخول] فشل الاتصال بالحساب johan2003@yopmail.com!
[2026-09-12 20:37:52][INFO] 🔒 تم إغلاق اتصال الحساب johan2003@yopmail.com بأمان.
[2026-09-12 20:37:52][INFO] ✅ انتهت الدورة #1 في 1ث — الدورة القادمة الساعة: 22:07:51
[2026-09-12 20:37:52][INFO] 💤 انتظار 90.0 دقيقة...
[2026-09-12 20:37:52][INFO] ✅ [تسجيل الدخول] تم الاتصال والمصافحة بنجاح 100%!
[2026-09-12 20:37:52][INFO] 🔍 [الاستعلام الشامل] جلب كافة بيانات ومعلومات الحساب من السيرفر...
[2026-09-12 20:37:52][WARNING] ⚠️ تم رصد انقطاع الاتصال قبل بدء المهمة [🌾 حصد مزارع المدينة (City Harvest)] (السبب: دخول شخص آخر إلى الحساب (Other Device Login))
[2026-09-12 20:37:52][WARNING] ⚠️ [انقطاع الاتصال] تم رصد انقطاع الاتصال بالحساب (السبب: دخول شخص آخر إلى الحساب (Other Device Login))!
[2026-09-12 20:37:52][WARNING] ⏳ سيتوقف البوت مؤقتاً وينتظر 60 ثانية (دقيقة واحدة) لإفساح المجال ثم إعادة الدخول...
[2026-09-12 20:37:52][INFO] ⏳ [المحاولة 1/10] انتظار 60 ثانية (دقيقة واحدة)...
[2026-09-12 20:37:52][INFO] ⏳ متبقي على إعادة محاولة الدخول: 60 ثانية...
[2026-09-12 20:37:52][INFO] DH Handshake...
[2026-09-12 20:37:52][INFO]   Auth resp: 200 TWpVNUBhMjlvWDJkaGJXVmZNalk9QE1URTVMamd1TWpFekxqRXpNUT09QE5EQXdNQT09QE1qZ3hOalF3QE1UQTJNREEzTkRN
[2026-09-12 20:37:52][INFO]   Gate: 119.8.213.131:4000
[2026-09-12 20:37:52][INFO]   UID: 10600743 Server: koh_game_26
[2026-09-12 20:37:52][INFO] [Login] ✓ johan2003@yopmail.com → Gate 119.8.213.131:4000 uid=10600743
[2026-09-12 20:37:52][INFO]   Challenge: FhgUzIYltFA=
[2026-09-12 20:37:52][INFO]   ClientKey sent: UvwjOCkwsrA=
[2026-09-12 20:37:52][INFO]   ServerKey: bxReuLcUPPc=
[2026-09-12 20:37:52][INFO]   Secret: 14443acfd439e2de
[2026-09-12 20:37:52][INFO]   HMAC sent: q+OpLpdKPbQ=
[2026-09-12 20:37:52][INFO] DH Handshake...
[2026-09-12 20:37:52][INFO] 📋 تم تحميل 16 حساب من session_cache.json
[2026-09-12 20:37:52][INFO] Login Server: 119.8.212.255:10000
[2026-09-12 20:37:52][INFO] ✅ تم تحميل إعدادات Firebase من: E:\osmanli\.bot_config_e4tWS8v10m2nDHyzad0M.json
[2026-09-12 20:37:52][INFO] 📋 تم تحميل 16 حساب من session_cache.json
[2026-09-12 20:37:52][INFO] 🔁 وضع التشغيل المستمر نشط — دورة كل 90 دقيقة
[2026-09-12 20:37:52][INFO]   📅 مهام مُجدوَلة (9 مهمة):
     • research: {'times_per_day': 2} | آخر تشغيل: لم تُشغَّل بعد
     • tactics_hall: {'times_per_day': 2} | آخر تشغيل: لم تُشغَّل بعد
     • fountain: {'times_per_day': 2} | آخر تشغيل: لم تُشغَّل بعد
     • material_workshop: {'times_per_day': 2} | آخر تشغيل: لم تُشغَّل بعد
     • caravan: {'times_per_day': 2} | آخر تشغيل: لم تُشغَّل بعد
     • port_delegate: {'times_per_day': 3} | آخر تشغيل: لم تُشغَّل بعد
     • savings_bank: {'times_per_day': 1} | آخر تشغيل: لم تُشغَّل بعد
     • building: {'times_per_day': 1} | آخر تشغيل: لم تُشغَّل بعد
     • prestige: {'hours': [3]} | آخر تشغيل: لم تُشغَّل بعد
[2026-09-12 20:37:52][INFO] 🔄 دورة رقم #1 — بدأت 2026-09-12 20:37:52
[2026-09-12 20:37:52][INFO] 🔐 [تسجيل الدخول] بدء الاتصال بالحساب: johan2003@yopmail.com...
[2026-09-12 20:37:52][INFO]   Challenge: o2LzkaJUg9U=
[2026-09-12 20:37:52][INFO]   ClientKey sent: t5FfisBq1QM=
[2026-09-12 20:37:52][INFO] 📋 تم تحميل 16 حساب من session_cache.json
[2026-09-12 20:37:52][INFO] ✅ تم تحميل إعدادات Firebase من: E:\osmanli\.bot_config_e4tWS8v10m2nDHyzad0M.json
[2026-09-12 20:37:52][INFO] 📋 تم تحميل 16 حساب من session_cache.json
[2026-09-12 20:37:52][INFO] 🔁 وضع التشغيل المستمر نشط — دورة كل 90 دقيقة
[2026-09-12 20:37:52][INFO] 📋 تم تحميل 16 حساب من session_cache.json
[2026-09-12 20:37:52][INFO]   📅 مهام مُجدوَلة (9 مهمة):
     • research: {'times_per_day': 2} | آخر تشغيل: لم تُشغَّل بعد
     • tactics_hall: {'times_per_day': 2} | آخر تشغيل: لم تُشغَّل بعد
     • fountain: {'times_per_day': 2} | آخر تشغيل: لم تُشغَّل بعد
     • material_workshop: {'times_per_day': 2} | آخر تشغيل: لم تُشغَّل بعد
     • caravan: {'times_per_day': 2} | آخر تشغيل: لم تُشغَّل بعد
     • port_delegate: {'times_per_day': 3} | آخر تشغيل: لم تُشغَّل بعد
     • savings_bank: {'times_per_day': 1} | آخر تشغيل: لم تُشغَّل بعد
     • building: {'times_per_day': 1} | آخر تشغيل: لم تُشغَّل بعد
     • prestige: {'hours': [3]} | آخر تشغيل: لم تُشغَّل بعد
[2026-09-12 20:37:52][INFO] 🔄 دورة رقم #1 — بدأت 2026-09-12 20:37:52
[2026-09-12 20:37:52][INFO] 🔐 [تسجيل الدخول] بدء الاتصال بالحساب: johan2003@yopmail.com...
[2026-09-12 20:37:52][INFO] ✅ تم تحميل إعدادات Firebase من: E:\osmanli\.bot_config_e4tWS8v10m2nDHyzad0M.json
[2026-09-12 20:37:52][INFO] 📋 تم تحميل 16 حساب من session_cache.json
[2026-09-12 20:37:52][INFO] 🔁 وضع التشغيل المستمر نشط — دورة كل 90 دقيقة
[2026-09-12 20:37:52][INFO]   📅 مهام مُجدوَلة (9 مهمة):
     • research: {'times_per_day': 2} | آخر تشغيل: لم تُشغَّل بعد
     • tactics_hall: {'times_per_day': 2} | آخر تشغيل: لم تُشغَّل بعد
     • fountain: {'times_per_day': 2} | آخر تشغيل: لم تُشغَّل بعد
     • material_workshop: {'times_per_day': 2} | آخر تشغيل: لم تُشغَّل بعد
     • caravan: {'times_per_day': 2} | آخر تشغيل: لم تُشغَّل بعد
     • port_delegate: {'times_per_day': 3} | آخر تشغيل: لم تُشغَّل بعد
     • savings_bank: {'times_per_day': 1} | آخر تشغيل: لم تُشغَّل بعد
     • building: {'times_per_day': 1} | آخر تشغيل: لم تُشغَّل بعد
     • prestige: {'hours': [3]} | آخر تشغيل: لم تُشغَّل بعد
[2026-09-12 20:37:52][INFO] 🔄 دورة رقم #1 — بدأت 2026-09-12 20:37:52
[2026-09-12 20:37:52][INFO] 🔐 [تسجيل الدخول] بدء الاتصال بالحساب: johan2003@yopmail.com...
[2026-09-12 20:37:53][INFO]   Challenge: XUJL42cAM0Q=
[2026-09-12 20:37:53][INFO] DH Handshake...
[2026-09-12 20:37:53][INFO]   ClientKey sent: wGFQjGT5YB8=
[2026-09-12 20:37:53][INFO]   ServerKey: nLH6za01Pis=
[2026-09-12 20:37:53][INFO]   Handshake resp: 200 challenge success
[2026-09-12 20:37:53][INFO]   Secret: c689d91464edaf00
[2026-09-12 20:37:53][INFO]   HMAC sent: sdduaryLTus=
[2026-09-12 20:37:53][INFO] 📋 تم تحميل 16 حساب من session_cache.json
[2026-09-12 20:37:53][INFO] ✅ تم تحميل إعدادات Firebase من: E:\osmanli\.bot_config_e4tWS8v10m2nDHyzad0M.json
[2026-09-12 20:37:53][INFO] 📋 تم تحميل 16 حساب من session_cache.json
[2026-09-12 20:37:53][INFO] 🔁 وضع التشغيل المستمر نشط — دورة كل 90 دقيقة
[2026-09-12 20:37:53][INFO]   📅 مهام مُجدوَلة (9 مهمة):
     • research: {'times_per_day': 2} | آخر تشغيل: لم تُشغَّل بعد
     • tactics_hall: {'times_per_day': 2} | آخر تشغيل: لم تُشغَّل بعد
     • fountain: {'times_per_day': 2} | آخر تشغيل: لم تُشغَّل بعد
     • material_workshop: {'times_per_day': 2} | آخر تشغيل: لم تُشغَّل بعد
     • caravan: {'times_per_day': 2} | آخر تشغيل: لم تُشغَّل بعد
     • port_delegate: {'times_per_day': 3} | آخر تشغيل: لم تُشغَّل بعد
     • savings_bank: {'times_per_day': 1} | آخر تشغيل: لم تُشغَّل بعد
     • building: {'times_per_day': 1} | آخر تشغيل: لم تُشغَّل بعد
     • prestige: {'hours': [3]} | آخر تشغيل: لم تُشغَّل بعد
[2026-09-12 20:37:53][INFO] 🔄 دورة رقم #1 — بدأت 2026-09-12 20:37:53
[2026-09-12 20:37:53][INFO] 🔐 [تسجيل الدخول] بدء الاتصال بالحساب: johan2003@yopmail.com...
[2026-09-12 20:37:53][INFO]   Token sent
[2026-09-12 20:37:53][INFO] Login Server: 119.8.212.255:10000
[2026-09-12 20:37:53][INFO]   ServerKey: CTersp+wYfc=
[2026-09-12 20:37:53][INFO]   Secret: ff0f9c994d32cd92
[2026-09-12 20:37:53][INFO]   HMAC sent: R0go+lebCLU=
[2026-09-12 20:37:53][INFO] Login Server: 119.8.212.255:10000
[2026-09-12 20:37:53][INFO] Login Server: 119.8.212.255:10000
[2026-09-12 20:37:53][INFO] ⏳ متبقي على إعادة محاولة الدخول: 45 ثانية...
[2026-09-12 20:37:53][INFO]   Handshake resp: 200 challenge success
[2026-09-12 20:37:53][INFO]   Challenge: dUyOydBjxEQ=
[2026-09-12 20:37:53][INFO]   ClientKey sent: 28OPGkIYVAY=
[2026-09-12 20:37:53][INFO]   ServerKey: 3dIGUtIwdHs=
[2026-09-12 20:37:53][ERROR] [Gate] Handshake failed: b'404 User Not Found'
[2026-09-12 20:37:53][INFO]   Secret: 1c1d2171b13bb9fb
[2026-09-12 20:37:53][ERROR] ❌ [تسجيل الدخول] فشل الاتصال بالحساب johan2003@yopmail.com!
[2026-09-12 20:37:53][INFO]   HMAC sent: KrpWPY8s+6c=
[2026-09-12 20:37:53][INFO] 🔒 تم إغلاق اتصال الحساب johan2003@yopmail.com بأمان.
[2026-09-12 20:37:53][INFO] ✅ انتهت الدورة #1 في 1ث — الدورة القادمة الساعة: 22:07:52
[2026-09-12 20:37:53][INFO] 💤 انتظار 90.0 دقيقة...
[2026-09-12 20:37:53][INFO]   Auth resp: 200 TWpVNUBhMjlvWDJkaGJXVmZNalk9QE1URTVMamd1TWpFekxqRXpNUT09QE5EQXdNQT09QE1qZ3hOalF4QE1UQTJNREEzTkRN
[2026-09-12 20:37:53][INFO]   Gate: 119.8.213.131:4000
[2026-09-12 20:37:53][INFO]   UID: 10600743 Server: koh_game_26
[2026-09-12 20:37:53][INFO] [Login] ✓ johan2003@yopmail.com → Gate 119.8.213.131:4000 uid=10600743
[2026-09-12 20:37:53][INFO]   Token sent
[2026-09-12 20:37:53][INFO]   Handshake resp: 200 challenge success
[2026-09-12 20:37:53][INFO] DH Handshake...
[2026-09-12 20:37:53][INFO] 📋 تم تحميل 16 حساب من session_cache.json
[2026-09-12 20:37:53][INFO] Login Server: 119.8.212.255:10000
[2026-09-12 20:37:53][INFO]   Token sent
[2026-09-12 20:37:53][INFO] DH Handshake...
[2026-09-12 20:37:53][INFO] DH Handshake...
[2026-09-12 20:37:53][INFO] ✅ تم تحميل إعدادات Firebase من: E:\osmanli\.bot_config_e4tWS8v10m2nDHyzad0M.json
[2026-09-12 20:37:53][INFO] 📋 تم تحميل 16 حساب من session_cache.json
[2026-09-12 20:37:53][INFO] 🔁 وضع التشغيل المستمر نشط — دورة كل 90 دقيقة
[2026-09-12 20:37:53][INFO]   📅 مهام مُجدوَلة (9 مهمة):
     • research: {'times_per_day': 2} | آخر تشغيل: لم تُشغَّل بعد
     • tactics_hall: {'times_per_day': 2} | آخر تشغيل: لم تُشغَّل بعد
     • fountain: {'times_per_day': 2} | آخر تشغيل: لم تُشغَّل بعد
     • material_workshop: {'times_per_day': 2} | آخر تشغيل: لم تُشغَّل بعد
     • caravan: {'times_per_day': 2} | آخر تشغيل: لم تُشغَّل بعد
     • port_delegate: {'times_per_day': 3} | آخر تشغيل: لم تُشغَّل بعد
     • savings_bank: {'times_per_day': 1} | آخر تشغيل: لم تُشغَّل بعد
     • building: {'times_per_day': 1} | آخر تشغيل: لم تُشغَّل بعد
     • prestige: {'hours': [3]} | آخر تشغيل: لم تُشغَّل بعد
[2026-09-12 20:37:53][INFO] 🔄 دورة رقم #1 — بدأت 2026-09-12 20:37:53
[2026-09-12 20:37:53][INFO] 🔐 [تسجيل الدخول] بدء الاتصال بالحساب: johan2003@yopmail.com...
[2026-09-12 20:37:53][INFO] 📋 تم تحميل 16 حساب من session_cache.json
[2026-09-12 20:37:53][INFO] ✅ تم تحميل إعدادات Firebase من: E:\osmanli\.bot_config_e4tWS8v10m2nDHyzad0M.json
[2026-09-12 20:37:53][INFO] 📋 تم تحميل 16 حساب من session_cache.json
[2026-09-12 20:37:53][INFO] 🔁 وضع التشغيل المستمر نشط — دورة كل 90 دقيقة
[2026-09-12 20:37:53][INFO]   📅 مهام مُجدوَلة (9 مهمة):
     • research: {'times_per_day': 2} | آخر تشغيل: لم تُشغَّل بعد
     • tactics_hall: {'times_per_day': 2} | آخر تشغيل: لم تُشغَّل بعد
     • fountain: {'times_per_day': 2} | آخر تشغيل: لم تُشغَّل بعد
     • material_workshop: {'times_per_day': 2} | آخر تشغيل: لم تُشغَّل بعد
     • caravan: {'times_per_day': 2} | آخر تشغيل: لم تُشغَّل بعد
     • port_delegate: {'times_per_day': 3} | آخر تشغيل: لم تُشغَّل بعد
     • savings_bank: {'times_per_day': 1} | آخر تشغيل: لم تُشغَّل بعد
     • building: {'times_per_day': 1} | آخر تشغيل: لم تُشغَّل بعد
     • prestige: {'hours': [3]} | آخر تشغيل: لم تُشغَّل بعد
[2026-09-12 20:37:53][INFO] 🔄 دورة رقم #1 — بدأت 2026-09-12 20:37:53
[2026-09-12 20:37:53][INFO] 🔐 [تسجيل الدخول] بدء الاتصال بالحساب: johan2003@yopmail.com...
[2026-09-12 20:37:53][INFO]   ServerKey: TSOukMpFzSc=
[2026-09-12 20:37:53][INFO]   Secret: e3304bc993c7a037
[2026-09-12 20:37:53][INFO]   HMAC sent: uJgtg0Ve2/Y=
[2026-09-12 20:37:53][INFO]   Auth resp: 406 Not Acceptable
[2026-09-12 20:37:53][ERROR] [Login] johan2003@yopmail.com: SDK token error - sessionId منتهي الصلاحية
[2026-09-12 20:37:53][ERROR] ❌ [تسجيل الدخول] فشل الاتصال بالحساب johan2003@yopmail.com!
[2026-09-12 20:37:53][INFO] 🔒 تم إغلاق اتصال الحساب johan2003@yopmail.com بأمان.
[2026-09-12 20:37:53][INFO] ✅ انتهت الدورة #1 في 1ث — الدورة القادمة الساعة: 22:07:52
[2026-09-12 20:37:53][INFO] 💤 انتظار 90.0 دقيقة...
[2026-09-12 20:37:53][INFO]   Challenge: 59YBNGTKBMc=
[2026-09-12 20:37:53][INFO]   Handshake resp: 200 challenge success
[2026-09-12 20:37:53][INFO]   ClientKey sent: zqBYCL+yhPA=
[2026-09-12 20:37:53][INFO] DH Handshake...
[2026-09-12 20:37:53][INFO] 📋 تم تحميل 16 حساب من session_cache.json
[2026-09-12 20:37:53][INFO] 📋 تم تحميل 16 حساب من session_cache.json
[2026-09-12 20:37:53][INFO]   Token sent
[2026-09-12 20:37:53][INFO] ✅ تم تحميل إعدادات Firebase من: E:\osmanli\.bot_config_e4tWS8v10m2nDHyzad0M.json
[2026-09-12 20:37:53][INFO] 📋 تم تحميل 16 حساب من session_cache.json
[2026-09-12 20:37:53][INFO] 🔁 وضع التشغيل المستمر نشط — دورة كل 90 دقيقة
[2026-09-12 20:37:53][INFO]   📅 مهام مُجدوَلة (9 مهمة):
     • research: {'times_per_day': 2} | آخر تشغيل: لم تُشغَّل بعد
     • tactics_hall: {'times_per_day': 2} | آخر تشغيل: لم تُشغَّل بعد
     • fountain: {'times_per_day': 2} | آخر تشغيل: لم تُشغَّل بعد
     • material_workshop: {'times_per_day': 2} | آخر تشغيل: لم تُشغَّل بعد
     • caravan: {'times_per_day': 2} | آخر تشغيل: لم تُشغَّل بعد
     • port_delegate: {'times_per_day': 3} | آخر تشغيل: لم تُشغَّل بعد
     • savings_bank: {'times_per_day': 1} | آخر تشغيل: لم تُشغَّل بعد
     • building: {'times_per_day': 1} | آخر تشغيل: لم تُشغَّل بعد
     • prestige: {'hours': [3]} | آخر تشغيل: لم تُشغَّل بعد
[2026-09-12 20:37:53][INFO] Login Server: 119.8.212.255:10000
[2026-09-12 20:37:53][INFO]   Auth resp: 406 Not Acceptable
[2026-09-12 20:37:53][INFO] 🔄 دورة رقم #1 — بدأت 2026-09-12 20:37:53
[2026-09-12 20:37:53][INFO]   Challenge: SLgS9O7DIIE=
[2026-09-12 20:37:53][INFO] 🔐 [تسجيل الدخول] بدء الاتصال بالحساب: johan2003@yopmail.com...
[2026-09-12 20:37:53][INFO]   ClientKey sent: rlwM+vS4VmE=
[2026-09-12 20:37:53][ERROR] [Login] johan2003@yopmail.com: SDK token error - sessionId منتهي الصلاحية
[2026-09-12 20:37:53][ERROR] ❌ [تسجيل الدخول] فشل الاتصال بالحساب johan2003@yopmail.com!
[2026-09-12 20:37:53][INFO] 🔒 تم إغلاق اتصال الحساب johan2003@yopmail.com بأمان.
[2026-09-12 20:37:53][INFO] ✅ انتهت الدورة #1 في 1ث — الدورة القادمة الساعة: 22:07:52
[2026-09-12 20:37:53][INFO] 💤 انتظار 90.0 دقيقة...
[2026-09-12 20:37:53][INFO]   Challenge: t5f3EQ6gsI8=
[2026-09-12 20:37:53][INFO]   ClientKey sent: MD02ny3BVcw=
[2026-09-12 20:37:53][INFO] ✅ تم تحميل إعدادات Firebase من: E:\osmanli\.bot_config_e4tWS8v10m2nDHyzad0M.json
[2026-09-12 20:37:53][INFO] 📋 تم تحميل 16 حساب من session_cache.json
[2026-09-12 20:37:53][INFO] 🔁 وضع التشغيل المستمر نشط — دورة كل 90 دقيقة
[2026-09-12 20:37:53][INFO]   📅 مهام مُجدوَلة (9 مهمة):
     • research: {'times_per_day': 2} | آخر تشغيل: لم تُشغَّل بعد
     • tactics_hall: {'times_per_day': 2} | آخر تشغيل: لم تُشغَّل بعد
     • fountain: {'times_per_day': 2} | آخر تشغيل: لم تُشغَّل بعد
     • material_workshop: {'times_per_day': 2} | آخر تشغيل: لم تُشغَّل بعد
     • caravan: {'times_per_day': 2} | آخر تشغيل: لم تُشغَّل بعد
     • port_delegate: {'times_per_day': 3} | آخر تشغيل: لم تُشغَّل بعد
     • savings_bank: {'times_per_day': 1} | آخر تشغيل: لم تُشغَّل بعد
     • building: {'times_per_day': 1} | آخر تشغيل: لم تُشغَّل بعد
     • prestige: {'hours': [3]} | آخر تشغيل: لم تُشغَّل بعد
[2026-09-12 20:37:53][INFO] 🔄 دورة رقم #1 — بدأت 2026-09-12 20:37:53
[2026-09-12 20:37:53][INFO] 🔐 [تسجيل الدخول] بدء الاتصال بالحساب: johan2003@yopmail.com...
[2026-09-12 20:37:53][INFO]   Handshake resp: 200 challenge success
[2026-09-12 20:37:53][ERROR] [Gate] Handshake failed: b'404 User Not Found'
[2026-09-12 20:37:53][ERROR] ❌ [تسجيل الدخول] فشل الاتصال بالحساب johan2003@yopmail.com!
[2026-09-12 20:37:53][INFO] 🔒 تم إغلاق اتصال الحساب johan2003@yopmail.com بأمان.
[2026-09-12 20:37:53][INFO] ✅ انتهت الدورة #1 في 1ث — الدورة القادمة الساعة: 22:07:52
[2026-09-12 20:37:53][INFO] 💤 انتظار 90.0 دقيقة...
[2026-09-12 20:37:53][INFO]   Token sent
[2026-09-12 20:37:53][INFO] Login Server: 119.8.212.255:10000
[2026-09-12 20:37:53][INFO]   Challenge: JPs07//8fUc=
[2026-09-12 20:37:53][INFO]   ClientKey sent: QYmTCXkPmXQ=
[2026-09-12 20:37:53][INFO]   ServerKey: p6qYNDua7bQ=
[2026-09-12 20:37:53][INFO]   Secret: 1b06a09198d7dfd5
[2026-09-12 20:37:53][INFO]   HMAC sent: NseLQ1QB5cg=
[2026-09-12 20:37:53][INFO]   Auth resp: 406 Not Acceptable
[2026-09-12 20:37:53][ERROR] [Login] johan2003@yopmail.com: SDK token error - sessionId منتهي الصلاحية
[2026-09-12 20:37:53][ERROR] ❌ [تسجيل الدخول] فشل الاتصال بالحساب johan2003@yopmail.com!
[2026-09-12 20:37:53][INFO] 🔒 تم إغلاق اتصال الحساب johan2003@yopmail.com بأمان.
[2026-09-12 20:37:53][INFO] ✅ انتهت الدورة #1 في 1ث — الدورة القادمة الساعة: 22:07:52
[2026-09-12 20:37:53][INFO] 💤 انتظار 90.0 دقيقة...
[2026-09-12 20:37:53][INFO]   ServerKey: x5BJx3gP0rA=
[2026-09-12 20:37:53][INFO]   Secret: c54addd620960696
[2026-09-12 20:37:53][INFO] DH Handshake...
[2026-09-12 20:37:53][INFO]   HMAC sent: 6ve+9yvESz4=
[2026-09-12 20:37:53][INFO]   ServerKey: JL0i0vwSNP4=
[2026-09-12 20:37:53][INFO]   Secret: 55109c39ca5dd9f7
[2026-09-12 20:37:53][INFO]   HMAC sent: h0i5o9AMDoo=
[2026-09-12 20:37:53][INFO]   Auth resp: 200 TWpVNUBhMjlvWDJkaGJXVmZNalk9QE1URTVMamd1TWpFekxqRXpNUT09QE5EQXdNQT09QE1qZ3hOalF5QE1UQTJNREEzTkRN
[2026-09-12 20:37:53][INFO]   Gate: 119.8.213.131:4000
[2026-09-12 20:37:53][INFO]   UID: 10600743 Server: koh_game_26
[2026-09-12 20:37:53][INFO] [Login] ✓ johan2003@yopmail.com → Gate 119.8.213.131:4000 uid=10600743
[2026-09-12 20:37:53][INFO] Login Server: 119.8.212.255:10000
[2026-09-12 20:37:53][INFO] DH Handshake...
[2026-09-12 20:37:53][INFO]   Handshake resp: 200 challenge success
[2026-09-12 20:37:53][INFO]   ServerKey: Lhw9nxle01E=
[2026-09-12 20:37:53][INFO]   Secret: 814f9dafc703eb97
[2026-09-12 20:37:53][INFO]   HMAC sent: E2/2qAIAN1k=
[2026-09-12 20:37:53][INFO]   Token sent
[2026-09-12 20:37:53][INFO]   Handshake resp: 200 challenge success
[2026-09-12 20:37:53][INFO]   Challenge: E9fcWoxsli8=
2 20:37:53][INFO]   Handshake resp: 200 challenge success
[2026-09-12 20:37:53][INFO] 📋 تم تحميل 16 حساب من session_cache.json
[2026-09-12 20:37:53][INFO]   Handshake resp: 200 challenge success
[2026-09-12 20:37:53][INFO]   Challenge: v/JTyeVv5OY=
[2026-09-12 20:37:53][INFO]   ClientKey sent: vCw+5QIUJQE=
[2026-09-12 20:37:53][INFO]   Token sent
[2026-09-12 20:37:53][INFO] Login Server: 119.8.212.255:10000
[2026-09-12 20:37:53][INFO]   ClientKey sent: c+eXGYImXGU=
[2026-09-12 20:37:53][INFO]   Token sent
[2026-09-12 20:37:53][INFO]   Token sent
[2026-09-12 20:37:53][INFO] 📋 تم تحميل 16 حساب من session_cache.json
[2026-09-12 20:37:53][INFO]   Auth resp: 406 Not Acceptable
[2026-09-12 20:37:53][INFO] ✅ تم تحميل إعدادات Firebase من: E:\osmanli\.bot_config_e4tWS8v10m2nDHyzad0M.json
[2026-09-12 20:37:53][ERROR] [Login] johan2003@yopmail.com: SDK token error - sessionId منتهي الصلاحية
[2026-09-12 20:37:53][INFO] 📋 تم تحميل 16 حساب من session_cache.json
[2026-09-12 20:37:53][ERROR] ❌ [تسجيل الدخول] فشل الاتصال بالحساب johan2003@yopmail.com!
[2026-09-12 20:37:53][INFO] 🔒 تم إغلاق اتصال الحساب johan2003@yopmail.com بأمان.
[2026-09-12 20:37:53][INFO] ✅ انتهت الدورة #1 في 1ث — الدورة القادمة الساعة: 22:07:52
[2026-09-12 20:37:53][INFO] 💤 انتظار 90.0 دقيقة...
[2026-09-12 20:37:53][INFO] 🔁 وضع التشغيل المستمر نشط — دورة كل 90 دقيقة
[2026-09-12 20:37:53][INFO]   📅 مهام مُجدوَلة (9 مهمة):
     • research: {'times_per_day': 2} | آخر تشغيل: لم تُشغَّل بعد
     • tactics_hall: {'times_per_day': 2} | آخر تشغيل: لم تُشغَّل بعد
     • fountain: {'times_per_day': 2} | آخر تشغيل: لم تُشغَّل بعد
     • material_workshop: {'times_per_day': 2} | آخر تشغيل: لم تُشغَّل بعد
     • caravan: {'times_per_day': 2} | آخر تشغيل: لم تُشغَّل بعد
     • port_delegate: {'times_per_day': 3} | آخر تشغيل: لم تُشغَّل بعد
     • savings_bank: {'times_per_day': 1} | آخر تشغيل: لم تُشغَّل بعد
     • building: {'times_per_day': 1} | آخر تشغيل: لم تُشغَّل بعد
     • prestige: {'hours': [3]} | آخر تشغيل: لم تُشغَّل بعد
[2026-09-12 20:37:53][INFO] 🔄 دورة رقم #1 — بدأت 2026-09-12 20:37:53
[2026-09-12 20:37:53][INFO] 🔐 [تسجيل الدخول] بدء الاتصال بالحساب: johan2003@yopmail.com...
[2026-09-12 20:37:53][ERROR] [Gate] Handshake failed: b'404 User Not Found'
[2026-09-12 20:37:53][ERROR] ❌ [تسجيل الدخول] فشل الاتصال بالحساب johan2003@yopmail.com!
[2026-09-12 20:37:53][INFO]   Challenge: CVoY5bkrvJU=
[2026-09-12 20:37:53][INFO] 🔒 تم إغلاق اتصال الحساب johan2003@yopmail.com بأمان.
[2026-09-12 20:37:53][INFO]   ClientKey sent: d2MUaMA5xTA=
[2026-09-12 20:37:53][INFO] ✅ انتهت الدورة #1 في 1ث — الدورة القادمة الساعة: 22:07:52
[2026-09-12 20:37:53][INFO] 💤 انتظار 90.0 دقيقة...
[2026-09-12 20:37:53][INFO]   Auth resp: 200 TWpVNUBhMjlvWDJkaGJXVmZNalk9QE1URTVMamd1TWpFekxqRXpNUT09QE5EQXdNQT09QE1qZ3hOalF6QE1UQTJNREEzTkRN
[2026-09-12 20:37:53][INFO]   Gate: 119.8.213.131:4000
[2026-09-12 20:37:53][INFO]   UID: 10600743 Server: koh_game_26
[2026-09-12 20:37:53][INFO]   ServerKey: ieU3o3199Xc=
[2026-09-12 20:37:53][INFO] [Login] ✓ johan2003@yopmail.com → Gate 119.8.213.131:4000 uid=10600743
[2026-09-12 20:37:53][INFO]   Secret: 88dc50bda685dda1
[2026-09-12 20:37:53][INFO]   HMAC sent: blEspDtOwdw=
[2026-09-12 20:37:53][INFO]   ServerKey: Dv5v++FYpzY=
[2026-09-12 20:37:53][INFO] DH Handshake...
[2026-09-12 20:37:53][INFO]   Secret: 63ac4eb0e145fb20
[2026-09-12 20:37:53][INFO]   HMAC sent: 6ceCazxv70I=
[2026-09-12 20:37:53][INFO]   Auth resp: 406 Not Acceptable
[2026-09-12 20:37:53][INFO]   Auth resp: 406 Not Acceptable
[2026-09-12 20:37:53][ERROR] [Login] johan2003@yopmail.com: SDK token error - sessionId منتهي الصلاحية
[2026-09-12 20:37:53][ERROR] [Login] johan2003@yopmail.com: SDK token error - sessionId منتهي الصلاحية
[2026-09-12 20:37:53][ERROR] ❌ [تسجيل الدخول] فشل الاتصال بالحساب johan2003@yopmail.com!
[2026-09-12 20:37:53][ERROR] ❌ [تسجيل الدخول] فشل الاتصال بالحساب johan2003@yopmail.com!
[2026-09-12 20:37:53][INFO] 🔒 تم إغلاق اتصال الحساب johan2003@yopmail.com بأمان.
[2026-09-12 20:37:53][INFO] 🔒 تم إغلاق اتصال الحساب johan2003@yopmail.com بأمان.
[2026-09-12 20:37:53][INFO] ✅ انتهت الدورة #1 في 1ث — الدورة القادمة الساعة: 22:07:52
[2026-09-12 20:37:53][INFO] 💤 انتظار 90.0 دقيقة...
[2026-09-12 20:37:53][INFO] ✅ انتهت الدورة #1 في 1ث — الدورة القادمة الساعة: 22:07:52
[2026-09-12 20:37:53][INFO] 💤 انتظار 90.0 دقيقة...
[2026-09-12 20:37:53][INFO]   ServerKey: epmjotQVIms=
[2026-09-12 20:37:53][INFO]   Secret: 5a5fe1fb0e58c858
[2026-09-12 20:37:53][INFO]   HMAC sent: vWXYuh0GIxU=
[2026-09-12 20:37:53][INFO] ✅ تم تحميل إعدادات Firebase من: E:\osmanli\.bot_config_e4tWS8v10m2nDHyzad0M.json
[2026-09-12 20:37:53][INFO] 📋 تم تحميل 16 حساب من session_cache.json
[2026-09-12 20:37:53][INFO] 🔁 وضع التشغيل المستمر نشط — دورة كل 90 دقيقة
[2026-09-12 20:37:53][INFO]   📅 مهام مُجدوَلة (9 مهمة):
     • research: {'times_per_day': 2} | آخر تشغيل: لم تُشغَّل بعد
     • tactics_hall: {'times_per_day': 2} | آخر تشغيل: لم تُشغَّل بعد
     • fountain: {'times_per_day': 2} | آخر تشغيل: لم تُشغَّل بعد
     • material_workshop: {'times_per_day': 2} | آخر تشغيل: لم تُشغَّل بعد
     • caravan: {'times_per_day': 2} | آخر تشغيل: لم تُشغَّل بعد
     • port_delegate: {'times_per_day': 3} | آخر تشغيل: لم تُشغَّل بعد
     • savings_bank: {'times_per_day': 1} | آخر تشغيل: لم تُشغَّل بعد
     • building: {'times_per_day': 1} | آخر تشغيل: لم تُشغَّل بعد
     • prestige: {'hours': [3]} | آخر تشغيل: لم تُشغَّل بعد
[2026-09-12 20:37:53][INFO] 🔄 دورة رقم #1 — بدأت 2026-09-12 20:37:53
[2026-09-12 20:37:53][INFO] 🔐 [تسجيل الدخول] بدء الاتصال بالحساب: johan2003@yopmail.com...
[2026-09-12 20:37:53][INFO]   Handshake resp: 200 challenge success
[2026-09-12 20:37:53][INFO]   Handshake resp: 200 challenge success
[2026-09-12 20:37:53][INFO]   Challenge: Etl50dn9rFA=
[2026-09-12 20:37:53][INFO]   ClientKey sent: udeG8gztnVU=
[2026-09-12 20:37:53][INFO]   Token sent
[2026-09-12 20:37:53][INFO]   Token sent
[2026-09-12 20:37:53][INFO] ⏳ متبقي على إعادة محاولة الدخول: 45 ثانية...
[2026-09-12 20:37:53][INFO]   Handshake resp: 200 challenge success
[2026-09-12 20:37:53][INFO] 📋 تم تحميل 16 حساب من session_cache.json
[2026-09-12 20:37:53][INFO]   Auth resp: 200 TWpVNUBhMjlvWDJkaGJXVmZNalk9QE1URTVMamd1TWpFekxqRXpNUT09QE5EQXdNQT09QE1qZ3hOalEwQE1UQTJNREEzTkRN
[2026-09-12 20:37:53][INFO]   Gate: 119.8.213.131:4000
[2026-09-12 20:37:53][INFO]   UID: 10600743 Server: koh_game_26
[2026-09-12 20:37:53][INFO] [Login] ✓ johan2003@yopmail.com → Gate 119.8.213.131:4000 uid=10600743
[2026-09-12 20:37:53][ERROR] [Gate] Handshake failed: b'404 User Not Found'
[2026-09-12 20:37:53][ERROR] ❌ [تسجيل الدخول] فشل الاتصال بالحساب johan2003@yopmail.com!
[2026-09-12 20:37:53][INFO] 🔒 تم إغلاق اتصال الحساب johan2003@yopmail.com بأمان.
[2026-09-12 20:37:53][INFO] ✅ انتهت الدورة #1 في 1ث — الدورة القادمة الساعة: 22:07:52
[2026-09-12 20:37:53][INFO] 💤 انتظار 90.0 دقيقة...
[2026-09-12 20:37:53][INFO]   ServerKey: 8VrgDPJ+ZB4=
[2026-09-12 20:37:53][INFO]   Secret: ddf50b0c01df5636
[2026-09-12 20:37:53][INFO]   HMAC sent: 9wEIJvQBFsU=
[2026-09-12 20:37:53][INFO] ✅ تم تحميل إعدادات Firebase من: E:\osmanli\.bot_config_e4tWS8v10m2nDHyzad0M.json
[2026-09-12 20:37:53][INFO] 📋 تم تحميل 16 حساب من session_cache.json
[2026-09-12 20:37:53][INFO]   Auth resp: 406 Not Acceptable
[2026-09-12 20:37:53][ERROR] [Login] johan2003@yopmail.com: SDK token error - sessionId منتهي الصلاحية
[2026-09-12 20:37:53][ERROR] ❌ [تسجيل الدخول] فشل الاتصال بالحساب johan2003@yopmail.com!
[2026-09-12 20:37:53][INFO] 🔒 تم إغلاق اتصال الحساب johan2003@yopmail.com بأمان.
[2026-09-12 20:37:53][INFO] 🔁 وضع التشغيل المستمر نشط — دورة كل 90 دقيقة
[2026-09-12 20:37:53][INFO]   📅 مهام مُجدوَلة (9 مهمة):
     • research: {'times_per_day': 2} | آخر تشغيل: لم تُشغَّل بعد
     • tactics_hall: {'times_per_day': 2} | آخر تشغيل: لم تُشغَّل بعد
     • fountain: {'times_per_day': 2} | آخر تشغيل: لم تُشغَّل بعد
     • material_workshop: {'times_per_day': 2} | آخر تشغيل: لم تُشغَّل بعد
     • caravan: {'times_per_day': 2} | آخر تشغيل: لم تُشغَّل بعد
     • port_delegate: {'times_per_day': 3} | آخر تشغيل: لم تُشغَّل بعد
     • savings_bank: {'times_per_day': 1} | آخر تشغيل: لم تُشغَّل بعد
     • building: {'times_per_day': 1} | آخر تشغيل: لم تُشغَّل بعد
     • prestige: {'hours': [3]} | آخر تشغيل: لم تُشغَّل بعد
[2026-09-12 20:37:53][INFO] 🔄 دورة رقم #1 — بدأت 2026-09-12 20:37:53
[2026-09-12 20:37:53][INFO] 🔐 [تسجيل الدخول] بدء الاتصال بالحساب: johan2003@yopmail.com...
[2026-09-12 20:37:53][INFO] ✅ انتهت الدورة #1 في 1ث — الدورة القادمة الساعة: 22:07:53
[2026-09-12 20:37:53][INFO] 💤 انتظار 90.0 دقيقة...
[2026-09-12 20:37:53][INFO] Login Server: 119.8.212.255:10000
[2026-09-12 20:37:54][INFO]   Handshake resp: 200 challenge success
[2026-09-12 20:37:54][INFO] ⏳ متبقي على إعادة محاولة الدخول: 45 ثانية...
[2026-09-12 20:37:54][INFO] 📋 تم تحميل 16 حساب من session_cache.json
[2026-09-12 20:37:54][INFO]   Token sent
[2026-09-12 20:37:54][INFO] DH Handshake...
[2026-09-12 20:37:54][ERROR] [Gate] Handshake failed: b'404 User Not Found'
[2026-09-12 20:37:54][ERROR] ❌ [تسجيل الدخول] فشل الاتصال بالحساب johan2003@yopmail.com!
[2026-09-12 20:37:54][INFO] 🔒 تم إغلاق اتصال الحساب johan2003@yopmail.com بأمان.
[2026-09-12 20:37:54][INFO] ✅ انتهت الدورة #1 في 1ث — الدورة القادمة الساعة: 22:07:53
[2026-09-12 20:37:54][INFO] 💤 انتظار 90.0 دقيقة...
[2026-09-12 20:37:54][INFO] 📋 تم تحميل 16 حساب من session_cache.json
[2026-09-12 20:37:54][INFO] ✅ تم تحميل إعدادات Firebase من: E:\osmanli\.bot_config_e4tWS8v10m2nDHyzad0M.json
[2026-09-12 20:37:54][INFO] 📋 تم تحميل 16 حساب من session_cache.json
[2026-09-12 20:37:54][INFO] 🔁 وضع التشغيل المستمر نشط — دورة كل 90 دقيقة
[2026-09-12 20:37:54][INFO]   📅 مهام مُجدوَلة (9 مهمة):
     • research: {'times_per_day': 2} | آخر تشغيل: لم تُشغَّل بعد
     • tactics_hall: {'times_per_day': 2} | آخر تشغيل: لم تُشغَّل بعد
     • fountain: {'times_per_day': 2} | آخر تشغيل: لم تُشغَّل بعد
     • material_workshop: {'times_per_day': 2} | آخر تشغيل: لم تُشغَّل بعد
     • caravan: {'times_per_day': 2} | آخر تشغيل: لم تُشغَّل بعد
     • port_delegate: {'times_per_day': 3} | آخر تشغيل: لم تُشغَّل بعد
     • savings_bank: {'times_per_day': 1} | آخر تشغيل: لم تُشغَّل بعد
     • building: {'times_per_day': 1} | آخر تشغيل: لم تُشغَّل بعد
     • prestige: {'hours': [3]} | آخر تشغيل: لم تُشغَّل بعد
[2026-09-12 20:37:54][INFO] 🔄 دورة رقم #1 — بدأت 2026-09-12 20:37:54
[2026-09-12 20:37:54][INFO] 🔐 [تسجيل الدخول] بدء الاتصال بالحساب: johan2003@yopmail.com...
[2026-09-12 20:37:54][INFO] Login Server: 119.8.212.255:10000
[2026-09-12 20:37:54][INFO]   Auth resp: 200 TWpVNUBhMjlvWDJkaGJXVmZNalk9QE1URTVMamd1TWpFekxqRXpNUT09QE5EQXdNQT09QE1qZ3hOalExQE1UQTJNREEzTkRN
[2026-09-12 20:37:54][INFO]   Gate: 119.8.213.131:4000
[2026-09-12 20:37:54][INFO]   UID: 10600743 Server: koh_game_26
[2026-09-12 20:37:54][INFO] [Login] ✓ johan2003@yopmail.com → Gate 119.8.213.131:4000 uid=10600743
[2026-09-12 20:37:54][INFO] ✅ تم تحميل إعدادات Firebase من: E:\osmanli\.bot_config_e4tWS8v10m2nDHyzad0M.json
[2026-09-12 20:37:54][INFO] 📋 تم تحميل 16 حساب من session_cache.json
[2026-09-12 20:37:54][INFO] 🔁 وضع التشغيل المستمر نشط — دورة كل 90 دقيقة
[2026-09-12 20:37:54][INFO]   📅 مهام مُجدوَلة (9 مهمة):
     • research: {'times_per_day': 2} | آخر تشغيل: لم تُشغَّل بعد
     • tactics_hall: {'times_per_day': 2} | آخر تشغيل: لم تُشغَّل بعد
     • fountain: {'times_per_day': 2} | آخر تشغيل: لم تُشغَّل بعد
     • material_workshop: {'times_per_day': 2} | آخر تشغيل: لم تُشغَّل بعد
     • caravan: {'times_per_day': 2} | آخر تشغيل: لم تُشغَّل بعد
     • port_delegate: {'times_per_day': 3} | آخر تشغيل: لم تُشغَّل بعد
     • savings_bank: {'times_per_day': 1} | آخر تشغيل: لم تُشغَّل بعد
     • building: {'times_per_day': 1} | آخر تشغيل: لم تُشغَّل بعد
     • prestige: {'hours': [3]} | آخر تشغيل: لم تُشغَّل بعد
[2026-09-12 20:37:54][INFO] 🔄 دورة رقم #1 — بدأت 2026-09-12 20:37:54
[2026-09-12 20:37:54][INFO] 🔐 [تسجيل الدخول] بدء الاتصال بالحساب: johan2003@yopmail.com...
[2026-09-12 20:37:54][INFO] Login Server: 119.8.212.255:10000
[2026-09-12 20:37:54][INFO]   Challenge: px8hm8RddW4=
[2026-09-12 20:37:54][INFO]   ClientKey sent: tNnrwUrrzMQ=
[2026-09-12 20:37:54][INFO] Login Server: 119.8.212.255:10000
[2026-09-12 20:37:54][INFO] DH Handshake...
[2026-09-12 20:37:54][INFO] DH Handshake...
[2026-09-12 20:37:54][INFO]   ServerKey: iAhK+xqhql4=
[2026-09-12 20:37:54][INFO]   Secret: afb83814a6932597
[2026-09-12 20:37:54][INFO]   HMAC sent: BjR3A+5oQHU=
[2026-09-12 20:37:54][INFO] Login Server: 119.8.212.255:10000
[2026-09-12 20:37:54][INFO] DH Handshake...
[2026-09-12 20:37:54][INFO]   Challenge: gQh4RmXttPk=
[2026-09-12 20:37:54][INFO]   ClientKey sent: ++Sal2KfTBA=
[2026-09-12 20:37:54][ERROR] [Gate] Handshake failed: b'404 User Not Found'
[2026-09-12 20:37:54][ERROR] ❌ [تسجيل الدخول] فشل الاتصال بالحساب johan2003@yopmail.com!
[2026-09-12 20:37:54][INFO] 🔒 تم إغلاق اتصال الحساب johan2003@yopmail.com بأمان.
[2026-09-12 20:37:54][INFO] ✅ انتهت الدورة #1 في 1ث — الدورة القادمة الساعة: 22:07:53
[2026-09-12 20:37:54][INFO] 💤 انتظار 90.0 دقيقة...
[2026-09-12 20:37:54][INFO] 📋 تم تحميل 16 حساب من session_cache.json
[2026-09-12 20:37:54][INFO] ✅ تم تحميل إعدادات Firebase من: E:\osmanli\.bot_config_e4tWS8v10m2nDHyzad0M.json
[2026-09-12 20:37:54][INFO] 📋 تم تحميل 16 حساب من session_cache.json
[2026-09-12 20:37:54][INFO] 🔁 وضع التشغيل المستمر نشط — دورة كل 90 دقيقة
[2026-09-12 20:37:54][INFO]   📅 مهام مُجدوَلة (9 مهمة):
     • research: {'times_per_day': 2} | آخر تشغيل: لم تُشغَّل بعد
     • tactics_hall: {'times_per_day': 2} | آخر تشغيل: لم تُشغَّل بعد
     • fountain: {'times_per_day': 2} | آخر تشغيل: لم تُشغَّل بعد
     • material_workshop: {'times_per_day': 2} | آخر تشغيل: لم تُشغَّل بعد
     • caravan: {'times_per_day': 2} | آخر تشغيل: لم تُشغَّل بعد
     • port_delegate: {'times_per_day': 3} | آخر تشغيل: لم تُشغَّل بعد
     • savings_bank: {'times_per_day': 1} | آخر تشغيل: لم تُشغَّل بعد
     • building: {'times_per_day': 1} | آخر تشغيل: لم تُشغَّل بعد
     • prestige: {'hours': [3]} | آخر تشغيل: لم تُشغَّل بعد
[2026-09-12 20:37:54][INFO] 🔄 دورة رقم #1 — بدأت 2026-09-12 20:37:54
[2026-09-12 20:37:54][INFO] 🔐 [تسجيل الدخول] بدء الاتصال بالحساب: johan2003@yopmail.com...
[2026-09-12 20:37:54][INFO] DH Handshake...
[2026-09-12 20:37:54][INFO]   Challenge: 3Jq05FCq7xM=
[2026-09-12 20:37:54][INFO]   Handshake resp: 200 challenge success
[2026-09-12 20:37:54][INFO]   ClientKey sent: O2REVij3zr0=
[2026-09-12 20:37:54][INFO] ⏳ متبقي على إعادة محاولة الدخول: 30 ثانية...
[2026-09-12 20:37:54][INFO]   Auth resp: 200 TWpVNUBhMjlvWDJkaGJXVmZNalk9QE1URTVMamd1TWpFekxqRXpNUT09QE5EQXdNQT09QE1qZ3hOalEyQE1UQTJNREEzTkRN
[2026-09-12 20:37:54][INFO]   Gate: 119.8.213.131:4000
[2026-09-12 20:37:54][INFO]   UID: 10600743 Server: koh_game_26
[2026-09-12 20:37:54][INFO] [Login] ✓ johan2003@yopmail.com → Gate 119.8.213.131:4000 uid=10600743
[2026-09-12 20:37:54][INFO]   Challenge: DUEY9B6a/JY=
[2026-09-12 20:37:54][INFO]   ServerKey: 3XLIgjaYQW0=
[2026-09-12 20:37:54][INFO]   Secret: 00b00a1136fc9188
[2026-09-12 20:37:54][INFO]   ClientKey sent: ZlxxI36z8uw=
[2026-09-12 20:37:54][INFO]   HMAC sent: OsQ/aEJtY9Y=
[2026-09-12 20:37:54][INFO]   Token sent
[2026-09-12 20:37:54][INFO] Login Server: 119.8.212.255:10000
[2026-09-12 20:37:54][INFO]   ServerKey: IpL7phyeO6o=
[2026-09-12 20:37:54][INFO]   Secret: 8edbbf3ddae9028e
[2026-09-12 20:37:54][INFO]   ClientKey sent: 35dgpoF1+b8=
[2026-09-12 20:37:54][INFO]   HMAC sent: sb/W+JN0Wm8=
[2026-09-12 20:37:54][INFO]   ServerKey: Ovm21L5R1M8=
[2026-09-12 20:37:54][INFO]   Secret: af3c96ad52039f66
[2026-09-12 20:37:54][INFO]   HMAC sent: UsYqdwRe7jk=
[2026-09-12 20:37:54][INFO]   Handshake resp: 200 challenge success
[2026-09-12 20:37:54][INFO]   Auth resp: 406 Not Acceptable
[2026-09-12 20:37:54][ERROR] [Login] johan2003@yopmail.com: SDK token error - sessionId منتهي الصلاحية
[2026-09-12 20:37:54][ERROR] ❌ [تسجيل الدخول] فشل الاتصال بالحساب johan2003@yopmail.com!
[2026-09-12 20:37:54][INFO] 🔒 تم إغلاق اتصال الحساب johan2003@yopmail.com بأمان.
[2026-09-12 20:37:54][INFO] ✅ انتهت الدورة #1 في 1ث — الدورة القادمة الساعة: 22:07:53
[2026-09-12 20:37:54][INFO] 💤 انتظار 90.0 دقيقة...
[2026-09-12 20:37:54][INFO]   Token sent
[2026-09-12 20:37:54][INFO] DH Handshake...
[2026-09-12 20:37:54][INFO]   Handshake resp: 200 challenge success
[2026-09-12 20:37:54][INFO]   Handshake resp: 200 challenge success
[2026-09-12 20:37:54][ERROR] [Gate] Handshake failed: b'404 User Not Found'
[2026-09-12 20:37:54][ERROR] ❌ [تسجيل الدخول] فشل الاتصال بالحساب johan2003@yopmail.com!
[2026-09-12 20:37:54][INFO] 🔒 تم إغلاق اتصال الحساب johan2003@yopmail.com بأمان.
[2026-09-12 20:37:54][INFO]   ServerKey: Ydxbn4tTLrM=
[2026-09-12 20:37:54][INFO]   Secret: 0983a59530bfb1ed
[2026-09-12 20:37:54][INFO] ✅ انتهت الدورة #1 في 1ث — الدورة القادمة الساعة: 22:07:53
[2026-09-12 20:37:54][INFO] 💤 انتظار 90.0 دقيقة...
[2026-09-12 20:37:54][INFO]   HMAC sent: cCR2Wv3/i6A=
[2026-09-12 20:37:54][INFO]   Token sent
[2026-09-12 20:37:54][INFO]   Token sent
[2026-09-12 20:37:54][INFO]   Auth resp: 406 Not Acceptable
[2026-09-12 20:37:54][ERROR] [Login] johan2003@yopmail.com: SDK token error - sessionId منتهي الصلاحية
[2026-09-12 20:37:54][ERROR] ❌ [تسجيل الدخول] فشل الاتصال بالحساب johan2003@yopmail.com!
[2026-09-12 20:37:54][INFO] 🔒 تم إغلاق اتصال الحساب johan2003@yopmail.com بأمان.
[2026-09-12 20:37:54][INFO] ✅ انتهت الدورة #1 في 1ث — الدورة القادمة الساعة: 22:07:53
[2026-09-12 20:37:54][INFO] 💤 انتظار 90.0 دقيقة...
[2026-09-12 20:37:54][INFO]   Challenge: thZIPztZS/Q=
[2026-09-12 20:37:54][INFO]   ClientKey sent: TlLLpOvtZmQ=
[2026-09-12 20:37:54][INFO] ✅ [تسجيل الدخول] تم الاتصال والمصافحة بنجاح 100%!
[2026-09-12 20:37:54][INFO] 🔍 [الاستعلام الشامل] جلب كافة بيانات ومعلومات الحساب من السيرفر...
[2026-09-12 20:37:54][WARNING] ⚠️ تم رصد انقطاع الاتصال قبل بدء المهمة [🌾 حصد مزارع المدينة (City Harvest)] (السبب: دخول شخص آخر إلى الحساب (Other Device Login))
[2026-09-12 20:37:54][WARNING] ⚠️ [انقطاع الاتصال] تم رصد انقطاع الاتصال بالحساب (السبب: دخول شخص آخر إلى الحساب (Other Device Login))!
[2026-09-12 20:37:54][WARNING] ⏳ سيتوقف البوت مؤقتاً وينتظر 60 ثانية (دقيقة واحدة) لإفساح المجال ثم إعادة الدخول...
[2026-09-12 20:37:54][INFO] ⏳ [المحاولة 1/10] انتظار 60 ثانية (دقيقة واحدة)...
[2026-09-12 20:37:54][INFO] ⏳ متبقي على إعادة محاولة الدخول: 60 ثانية...
[2026-09-12 20:37:54][INFO]   Handshake resp: 200 challenge success
[2026-09-12 20:37:54][INFO]   Auth resp: 200 TWpVNUBhMjlvWDJkaGJXVmZNalk9QE1URTVMamd1TWpFekxqRXpNUT09QE5EQXdNQT09QE1qZ3hOalEzQE1UQTJNREEzTkRN
[2026-09-12 20:37:54][INFO]   Gate: 119.8.213.131:4000
[2026-09-12 20:37:54][INFO]   UID: 10600743 Server: koh_game_26
[2026-09-12 20:37:54][INFO] [Login] ✓ johan2003@yopmail.com → Gate 119.8.213.131:4000 uid=10600743
[2026-09-12 20:37:54][INFO]   Auth resp: 406 Not Acceptable
[2026-09-12 20:37:54][ERROR] [Login] johan2003@yopmail.com: SDK token error - sessionId منتهي الصلاحية
[2026-09-12 20:37:54][ERROR] ❌ [تسجيل الدخول] فشل الاتصال بالحساب johan2003@yopmail.com!
[2026-09-12 20:37:54][INFO] 🔒 تم إغلاق اتصال الحساب johan2003@yopmail.com بأمان.
[2026-09-12 20:37:54][INFO] ✅ انتهت الدورة #1 في 1ث — الدورة القادمة الساعة: 22:07:54
[2026-09-12 20:37:54][INFO] 💤 انتظار 90.0 دقيقة...
[2026-09-12 20:37:54][INFO]   ServerKey: SOwTOv9eTYk=
[2026-09-12 20:37:54][INFO]   Secret: 0a908d4b9de7b9c1
[2026-09-12 20:37:54][INFO]   HMAC sent: dkcDZk2YaZk=
[2026-09-12 20:37:54][INFO] 📋 تم تحميل 16 حساب من session_cache.json
[2026-09-12 20:37:54][INFO]   Handshake resp: 200 challenge success
[2026-09-12 20:37:54][INFO]   Token sent
[2026-09-12 20:37:54][INFO]   Auth resp: 200 TWpVNUBhMjlvWDJkaGJXVmZNalk9QE1URTVMamd1TWpFekxqRXpNUT09QE5EQXdNQT09QE1qZ3hOalE0QE1UQTJNREEzTkRN
[2026-09-12 20:37:54][INFO]   Gate: 119.8.213.131:4000
[2026-09-12 20:37:54][INFO]   UID: 10600743 Server: koh_game_26
[2026-09-12 20:37:54][INFO] [Login] ✓ johan2003@yopmail.com → Gate 119.8.213.131:4000 uid=10600743
[2026-09-12 20:37:55][INFO]   Token sent
[2026-09-12 20:37:55][INFO] 📋 تم تحميل 16 حساب من session_cache.json
[2026-09-12 20:37:55][ERROR] [Gate] Handshake failed: b'404 User Not Found'
[2026-09-12 20:37:55][ERROR] ❌ [تسجيل الدخول] فشل الاتصال بالحساب johan2003@yopmail.com!
[2026-09-12 20:37:55][INFO] 🔒 تم إغلاق اتصال الحساب johan2003@yopmail.com بأمان.
[2026-09-12 20:37:55][INFO] ✅ انتهت الدورة #1 في 1ث — الدورة القادمة الساعة: 22:07:53
[2026-09-12 20:37:55][INFO] 💤 انتظار 90.0 دقيقة...
[2026-09-12 20:37:55][INFO] ✅ تم تحميل إعدادات Firebase من: E:\osmanli\.bot_config_e4tWS8v10m2nDHyzad0M.json
[2026-09-12 20:37:55][INFO] 📋 تم تحميل 16 حساب من session_cache.json
[2026-09-12 20:37:55][INFO] 🔁 وضع التشغيل المستمر نشط — دورة كل 90 دقيقة
[2026-09-12 20:37:55][INFO]   📅 مهام مُجدوَلة (9 مهمة):
     • research: {'times_per_day': 2} | آخر تشغيل: لم تُشغَّل بعد
     • tactics_hall: {'times_per_day': 2} | آخر تشغيل: لم تُشغَّل بعد
     • fountain: {'times_per_day': 2} | آخر تشغيل: لم تُشغَّل بعد
     • material_workshop: {'times_per_day': 2} | آخر تشغيل: لم تُشغَّل بعد
     • caravan: {'times_per_day': 2} | آخر تشغيل: لم تُشغَّل بعد
     • port_delegate: {'times_per_day': 3} | آخر تشغيل: لم تُشغَّل بعد
     • savings_bank: {'times_per_day': 1} | آخر تشغيل: لم تُشغَّل بعد
     • building: {'times_per_day': 1} | آخر تشغيل: لم تُشغَّل بعد
     • prestige: {'hours': [3]} | آخر تشغيل: لم تُشغَّل بعد
[2026-09-12 20:37:55][INFO] 🔄 دورة رقم #1 — بدأت 2026-09-12 20:37:55
[2026-09-12 20:37:55][INFO] 🔐 [تسجيل الدخول] بدء الاتصال بالحساب: johan2003@yopmail.com...
[2026-09-12 20:37:55][INFO]   Auth resp: 406 Not Acceptable
[2026-09-12 20:37:55][ERROR] [Login] johan2003@yopmail.com: SDK token error - sessionId منتهي الصلاحية
[2026-09-12 20:37:55][ERROR] ❌ [تسجيل الدخول] فشل الاتصال بالحساب johan2003@yopmail.com!
[2026-09-12 20:37:55][INFO] 🔒 تم إغلاق اتصال الحساب johan2003@yopmail.com بأمان.
[2026-09-12 20:37:55][INFO] ✅ انتهت الدورة #1 في 1ث — الدورة القادمة الساعة: 22:07:54
[2026-09-12 20:37:55][INFO] 💤 انتظار 90.0 دقيقة...
[2026-09-12 20:37:55][INFO] ✅ تم تحميل إعدادات Firebase من: E:\osmanli\.bot_config_e4tWS8v10m2nDHyzad0M.json
[2026-09-12 20:37:55][INFO] 📋 تم تحميل 16 حساب من session_cache.json
[2026-09-12 20:37:55][INFO] 🔁 وضع التشغيل المستمر نشط — دورة كل 90 دقيقة
[2026-09-12 20:37:55][INFO]   📅 مهام مُجدوَلة (9 مهمة):
     • research: {'times_per_day': 2} | آخر تشغيل: لم تُشغَّل بعد
     • tactics_hall: {'times_per_day': 2} | آخر تشغيل: لم تُشغَّل بعد
     • fountain: {'times_per_day': 2} | آخر تشغيل: لم تُشغَّل بعد
     • material_workshop: {'times_per_day': 2} | آخر تشغيل: لم تُشغَّل بعد
     • caravan: {'times_per_day': 2} | آخر تشغيل: لم تُشغَّل بعد
     • port_delegate: {'times_per_day': 3} | آخر تشغيل: لم تُشغَّل بعد
     • savings_bank: {'times_per_day': 1} | آخر تشغيل: لم تُشغَّل بعد
     • building: {'times_per_day': 1} | آخر تشغيل: لم تُشغَّل بعد
     • prestige: {'hours': [3]} | آخر تشغيل: لم تُشغَّل بعد
[2026-09-12 20:37:55][INFO] 🔄 دورة رقم #1 — بدأت 2026-09-12 20:37:55
[2026-09-12 20:37:55][INFO] 🔐 [تسجيل الدخول] بدء الاتصال بالحساب: johan2003@yopmail.com...
[2026-09-12 20:37:55][INFO] Login Server: 119.8.212.255:10000
[2026-09-12 20:37:55][INFO] Login Server: 119.8.212.255:10000
[2026-09-12 20:37:55][ERROR] [Gate] Handshake failed: b'404 User Not Found'
[2026-09-12 20:37:55][ERROR] ❌ [تسجيل الدخول] فشل الاتصال بالحساب johan2003@yopmail.com!
[2026-09-12 20:37:55][INFO] 🔒 تم إغلاق اتصال الحساب johan2003@yopmail.com بأمان.
[2026-09-12 20:37:55][INFO] ✅ انتهت الدورة #1 في 1ث — الدورة القادمة الساعة: 22:07:53
[2026-09-12 20:37:55][INFO] 💤 انتظار 90.0 دقيقة...
[2026-09-12 20:37:55][INFO] 📋 تم تحميل 16 حساب من session_cache.json
[2026-09-12 20:37:55][INFO] ✅ تم تحميل إعدادات Firebase من: E:\osmanli\.bot_config_e4tWS8v10m2nDHyzad0M.json
[2026-09-12 20:37:55][INFO] 📋 تم تحميل 16 حساب من session_cache.json
[2026-09-12 20:37:55][INFO] 🔁 وضع التشغيل المستمر نشط — دورة كل 90 دقيقة
[2026-09-12 20:37:55][INFO]   📅 مهام مُجدوَلة (9 مهمة):
     • research: {'times_per_day': 2} | آخر تشغيل: لم تُشغَّل بعد
     • tactics_hall: {'times_per_day': 2} | آخر تشغيل: لم تُشغَّل بعد
     • fountain: {'times_per_day': 2} | آخر تشغيل: لم تُشغَّل بعد
     • material_workshop: {'times_per_day': 2} | آخر تشغيل: لم تُشغَّل بعد
     • caravan: {'times_per_day': 2} | آخر تشغيل: لم تُشغَّل بعد
     • port_delegate: {'times_per_day': 3} | آخر تشغيل: لم تُشغَّل بعد
     • savings_bank: {'times_per_day': 1} | آخر تشغيل: لم تُشغَّل بعد
     • building: {'times_per_day': 1} | آخر تشغيل: لم تُشغَّل بعد
     • prestige: {'hours': [3]} | آخر تشغيل: لم تُشغَّل بعد
[2026-09-12 20:37:55][INFO] 🔄 دورة رقم #1 — بدأت 2026-09-12 20:37:55
[2026-09-12 20:37:55][INFO] 🔐 [تسجيل الدخول] بدء الاتصال بالحساب: johan2003@yopmail.com...
[2026-09-12 20:37:55][INFO] DH Handshake...
[2026-09-12 20:37:55][INFO] Login Server: 119.8.212.255:10000
[2026-09-12 20:37:55][INFO] DH Handshake...
[2026-09-12 20:37:55][INFO] 📋 تم تحميل 16 حساب من session_cache.json
[2026-09-12 20:37:55][INFO]   Challenge: bsZAPcZAHn0=
[2026-09-12 20:37:55][INFO]   ClientKey sent: PjPBHYXI/fU=
[2026-09-12 20:37:55][INFO] DH Handshake...
[2026-09-12 20:37:55][INFO] ⏳ متبقي على إعادة محاولة الدخول: 45 ثانية...
[2026-09-12 20:37:55][INFO]   Auth resp: 200 TWpVNUBhMjlvWDJkaGJXVmZNalk9QE1URTVMamd1TWpFekxqRXpNUT09QE5EQXdNQT09QE1qZ3hOalE1QE1UQTJNREEzTkRN
[2026-09-12 20:37:55][INFO]   Gate: 119.8.213.131:4000
[2026-09-12 20:37:55][INFO]   UID: 10600743 Server: koh_game_26
[2026-09-12 20:37:55][INFO] [Login] ✓ johan2003@yopmail.com → Gate 119.8.213.131:4000 uid=10600743
[2026-09-12 20:37:55][INFO]   Challenge: Mn+XQEdebYU=
[2026-09-12 20:37:55][INFO]   ClientKey sent: AdceiW4gNV8=
[2026-09-12 20:37:55][INFO] ✅ تم تحميل إعدادات Firebase من: E:\osmanli\.bot_config_e4tWS8v10m2nDHyzad0M.json
[2026-09-12 20:37:55][INFO] 📋 تم تحميل 16 حساب من session_cache.json
[2026-09-12 20:37:55][INFO] 🔁 وضع التشغيل المستمر نشط — دورة كل 90 دقيقة
[2026-09-12 20:37:55][INFO]   📅 مهام مُجدوَلة (9 مهمة):
     • research: {'times_per_day': 2} | آخر تشغيل: لم تُشغَّل بعد
     • tactics_hall: {'times_per_day': 2} | آخر تشغيل: لم تُشغَّل بعد
     • fountain: {'times_per_day': 2} | آخر تشغيل: لم تُشغَّل بعد
     • material_workshop: {'times_per_day': 2} | آخر تشغيل: لم تُشغَّل بعد
     • caravan: {'times_per_day': 2} | آخر تشغيل: لم تُشغَّل بعد
     • port_delegate: {'times_per_day': 3} | آخر تشغيل: لم تُشغَّل بعد
     • savings_bank: {'times_per_day': 1} | آخر تشغيل: لم تُشغَّل بعد
     • building: {'times_per_day': 1} | آخر تشغيل: لم تُشغَّل بعد
     • prestige: {'hours': [3]} | آخر تشغيل: لم تُشغَّل بعد
[2026-09-12 20:37:55][INFO] 🔄 دورة رقم #1 — بدأت 2026-09-12 20:37:55
[2026-09-12 20:37:55][INFO] 🔐 [تسجيل الدخول] بدء الاتصال بالحساب: johan2003@yopmail.com...
[2026-09-12 20:37:55][INFO]   ServerKey: xRBcmBsHcWU=
[2026-09-12 20:37:55][INFO]   Secret: d2193a68c321a3f9
[2026-09-12 20:37:55][INFO]   HMAC sent: CYyyuvVh+hA=
[2026-09-12 20:37:55][INFO]   Challenge: 4fC9xHgri7g=
[2026-09-12 20:37:55][INFO]   ClientKey sent: fibuFqhzq3M=
[2026-09-12 20:37:55][INFO] ✅ [تسجيل الدخول] تم الاتصال والمصافحة بنجاح 100%!
[2026-09-12 20:37:55][INFO] 🔍 [الاستعلام الشامل] جلب كافة بيانات ومعلومات الحساب من السيرفر...
[2026-09-12 20:37:55][INFO] Login Server: 119.8.212.255:10000
الاتصال قبل بدء المهمة [🌾 حصد مزارع المدينة (City Harvest)] (السبب: دخول شخص آخر إلى الحساب (Other Device Login))
[2026-09-12 20:37:55][WARNING] ⚠️ [انقطاع الاتصال] تم رصد انقطاع الاتصال بالحساب (السبب: دخول شخص آخر إلى الحساب (Other Device Login))!
[2026-09-12 20:37:55][WARNING] ⏳ سيتوقف البوت مؤقتاً وينتظر 60 ثانية (دقيقة واحدة) لإفساح المجال ثم إعادة الدخول...
[2026-09-12 20:37:55][INFO] ⏳ [المحاولة 1/10] انتظار 60 ثانية (دقيقة واحدة)...
[2026-09-12 20:37:55][INFO] ⏳ متبقي على إعادة محاولة الدخول: 60 ثانية...
[2026-09-12 20:37:55][INFO] 📋 تم تحميل 16 حساب من session_cache.json
[2026-09-12 20:37:55][INFO] ✅ تم تحميل إعدادات Firebase من: E:\osmanli\.bot_config_e4tWS8v10m2nDHyzad0M.json
[2026-09-12 20:37:55][INFO] 📋 تم تحميل 16 حساب من session_cache.json
[2026-09-12 20:37:55][INFO] 🔁 وضع التشغيل المستمر نشط — دورة كل 90 دقيقة
[2026-09-12 20:37:55][INFO]   📅 مهام مُجدوَلة (9 مهمة):
     • research: {'times_per_day': 2} | آخر تشغيل: لم تُشغَّل بعد
     • tactics_hall: {'times_per_day': 2} | آخر تشغيل: لم تُشغَّل بعد
     • fountain: {'times_per_day': 2} | آخر تشغيل: لم تُشغَّل بعد
     • material_workshop: {'times_per_day': 2} | آخر تشغيل: لم تُشغَّل بعد
     • caravan: {'times_per_day': 2} | آخر تشغيل: لم تُشغَّل بعد
     • port_delegate: {'times_per_day': 3} | آخر تشغيل: لم تُشغَّل بعد
     • savings_bank: {'times_per_day': 1} | آخر تشغيل: لم تُشغَّل بعد
     • building: {'times_per_day': 1} | آخر تشغيل: لم تُشغَّل بعد
     • prestige: {'hours': [3]} | آخر تشغيل: لم تُشغَّل بعد
[2026-09-12 20:37:55][INFO] 🔄 دورة رقم #1 — بدأت 2026-09-12 20:37:55
[2026-09-12 20:37:55][INFO] 🔐 [تسجيل الدخول] بدء الاتصال بالحساب: johan2003@yopmail.com...
[2026-09-12 20:37:55][INFO]   ServerKey: UTAzqOjm3Tg=
[2026-09-12 20:37:55][INFO]   Secret: 12e3ec6cbe539627
[2026-09-12 20:37:55][INFO]   HMAC sent: GmIevm94rkc=
[2026-09-12 20:37:55][INFO] Login Server: 119.8.212.255:10000
[2026-09-12 20:37:55][INFO]   ServerKey: o78mJOyh6PQ=
[2026-09-12 20:37:55][INFO]   Secret: eadd018210de70da
[2026-09-12 20:37:55][INFO]   HMAC sent: 4Anu9CTZhhk=
[2026-09-12 20:37:55][INFO] DH Handshake...
[2026-09-12 20:37:55][INFO]   Handshake resp: 200 challenge success
[2026-09-12 20:37:55][INFO] [Gate] ✓ 119.8.213.131:4000 uid=10600743
[2026-09-12 20:37:55][INFO] ⏳ انتظار مزامنة الحزم الأولية من السيرفر...
[2026-09-12 20:37:55][INFO]   Handshake resp: 200 challenge success
[2026-09-12 20:37:55][INFO] 📋 تم تحميل 16 حساب من session_cache.json
[2026-09-12 20:37:55][INFO]   Token sent
[2026-09-12 20:37:55][INFO] DH Handshake...
[2026-09-12 20:37:55][INFO] ✅ تم تحميل إعدادات Firebase من: E:\osmanli\.bot_config_e4tWS8v10m2nDHyzad0M.json
[2026-09-12 20:37:55][INFO] 📋 تم تحميل 16 حساب من session_cache.json
[2026-09-12 20:37:55][INFO] 🔁 وضع التشغيل المستمر نشط — دورة كل 90 دقيقة
[2026-09-12 20:37:55][INFO]   📅 مهام مُجدوَلة (9 مهمة):
     • research: {'times_per_day': 2} | آخر تشغيل: لم تُشغَّل بعد
     • tactics_hall: {'times_per_day': 2} | آخر تشغيل: لم تُشغَّل بعد
     • fountain: {'times_per_day': 2} | آخر تشغيل: لم تُشغَّل بعد
     • material_workshop: {'times_per_day': 2} | آخر تشغيل: لم تُشغَّل بعد
     • caravan: {'times_per_day': 2} | آخر تشغيل: لم تُشغَّل بعد
     • port_delegate: {'times_per_day': 3} | آخر تشغيل: لم تُشغَّل بعد
     • savings_bank: {'times_per_day': 1} | آخر تشغيل: لم تُشغَّل بعد
     • building: {'times_per_day': 1} | آخر تشغيل: لم تُشغَّل بعد
     • prestige: {'hours': [3]} | آخر تشغيل: لم تُشغَّل بعد
[2026-09-12 20:37:55][INFO] 🔄 دورة رقم #1 — بدأت 2026-09-12 20:37:55
[2026-09-12 20:37:55][INFO] 🔐 [تسجيل الدخول] بدء الاتصال بالحساب: johan2003@yopmail.com...
[2026-09-12 20:37:55][INFO]   Token sent
[2026-09-12 20:37:55][INFO]   Handshake resp: 200 challenge success
[2026-09-12 20:37:55][INFO]   Challenge: rpDoJrtz3yQ=
[2026-09-12 20:37:55][INFO]   ClientKey sent: XWGYuHsShZY=
[2026-09-12 20:37:55][INFO]   Token sent
[2026-09-12 20:37:55][INFO] Login Server: 119.8.212.255:10000
[2026-09-12 20:37:55][INFO]   Challenge: xdirkxFblMo=
[2026-09-12 20:37:55][INFO]   ClientKey sent: vxMGFlGqrZQ=
[2026-09-12 20:37:55][INFO]   Auth resp: 406 Not Acceptable
[2026-09-12 20:37:55][ERROR] [Login] johan2003@yopmail.com: SDK token error - sessionId منتهي الصلاحية
[2026-09-12 20:37:55][ERROR] ❌ [تسجيل الدخول] فشل الاتصال بالحساب johan2003@yopmail.com!
[2026-09-12 20:37:55][INFO] 🔒 تم إغلاق اتصال الحساب johan2003@yopmail.com بأمان.
[2026-09-12 20:37:55][INFO] ✅ انتهت الدورة #1 في 1ث — الدورة القادمة الساعة: 22:07:55
[2026-09-12 20:37:55][INFO] 💤 انتظار 90.0 دقيقة...
[2026-09-12 20:37:55][INFO]   ServerKey: z3UlUt1H54M=
[2026-09-12 20:37:55][INFO]   Secret: f0f9f456d33d5312
[2026-09-12 20:37:55][INFO]   HMAC sent: ekOCCxTrn7k=
[2026-09-12 20:37:55][WARNING] [Gate] ⚠️ انقطع الاتصال بالحساب (السبب: other_device)
[2026-09-12 20:37:55][WARNING] ⚠️ [تنبيه السيرفر] انقطع اتصال الحساب johan2003@yopmail.com (السبب: other_device)
[2026-09-12 20:37:55][INFO]   Auth resp: 406 Not Acceptable
[2026-09-12 20:37:55][INFO] DH Handshake...
[2026-09-12 20:37:55][ERROR] [Login] johan2003@yopmail.com: SDK token error - sessionId منتهي الصلاحية
[2026-09-12 20:37:55][ERROR] ❌ [تسجيل الدخول] فشل الاتصال بالحساب johan2003@yopmail.com!
[2026-09-12 20:37:55][INFO] 🔒 تم إغلاق اتصال الحساب johan2003@yopmail.com بأمان.
[2026-09-12 20:37:55][INFO] ✅ انتهت الدورة #1 في 1ث — الدورة القادمة الساعة: 22:07:55
[2026-09-12 20:37:55][INFO] 💤 انتظار 90.0 دقيقة...
[2026-09-12 20:37:55][INFO]   ServerKey: rd/mmVUCJGk=
[2026-09-12 20:37:55][INFO]   Secret: 17de8a365a7d377a
[2026-09-12 20:37:55][INFO]   HMAC sent: +6vhkJRC1Kk=
[2026-09-12 20:37:55][INFO]   Handshake resp: 200 challenge success
[2026-09-12 20:37:55][INFO]   Token sent
[2026-09-12 20:37:55][INFO] ⏳ متبقي على إعادة محاولة الدخول: 45 ثانية...
[2026-09-12 20:37:55][INFO]   Challenge: LxAUnKlSjpE=
[2026-09-12 20:37:55][INFO]   ClientKey sent: /N9e/RbPzhY=
[2026-09-12 20:37:55][INFO]   Auth resp: 200 TWpVNUBhMjlvWDJkaGJXVmZNalk9QE1URTVMamd1TWpFekxqRXpNUT09QE5EQXdNQT09QE1qZ3hOalV3QE1UQTJNREEzTkRN
[2026-09-12 20:37:55][INFO]   Gate: 119.8.213.131:4000
[2026-09-12 20:37:55][INFO]   UID: 10600743 Server: koh_game_26
[2026-09-12 20:37:55][INFO] [Login] ✓ johan2003@yopmail.com → Gate 119.8.213.131:4000 uid=10600743
[2026-09-12 20:37:55][INFO]   Handshake resp: 200 challenge success
[2026-09-12 20:37:55][INFO]   Token sent
[2026-09-12 20:37:56][INFO]   Auth resp: 406 Not Acceptable
[2026-09-12 20:37:56][ERROR] [Login] johan2003@yopmail.com: SDK token error - sessionId منتهي الصلاحية
[2026-09-12 20:37:56][ERROR] ❌ [تسجيل الدخول] فشل الاتصال بالحساب johan2003@yopmail.com!
[2026-09-12 20:37:56][INFO] 🔒 تم إغلاق اتصال الحساب johan2003@yopmail.com بأمان.
[2026-09-12 20:37:56][INFO] ✅ انتهت الدورة #1 في 1ث — الدورة القادمة الساعة: 22:07:55
[2026-09-12 20:37:56][INFO] 💤 انتظار 90.0 دقيقة...
[2026-09-12 20:37:56][ERROR] [Gate] Handshake failed: b'404 User Not Found'
[2026-09-12 20:37:56][ERROR] ❌ [تسجيل الدخول] فشل الاتصال بالحساب johan2003@yopmail.com!
[2026-09-12 20:37:56][INFO] 🔒 تم إغلاق اتصال الحساب johan2003@yopmail.com بأمان.
[2026-09-12 20:37:56][INFO] ✅ انتهت الدورة #1 في 1ث — الدورة القادمة الساعة: 22:07:55
[2026-09-12 20:37:56][INFO] 💤 انتظار 90.0 دقيقة...
[2026-09-12 20:37:56][INFO] 📋 تم تحميل 16 حساب من session_cache.json
[2026-09-12 20:37:56][INFO] 📋 تم تحميل 16 حساب من session_cache.json
[2026-09-12 20:37:56][INFO] 📋 تم تحميل 16 حساب من session_cache.json
[2026-09-12 20:37:56][INFO] ✅ تم تحميل إعدادات Firebase من: E:\osmanli\.bot_config_e4tWS8v10m2nDHyzad0M.json
[2026-09-12 20:37:56][INFO] ✅ تم تحميل إعدادات Firebase من: E:\osmanli\.bot_config_e4tWS8v10m2nDHyzad0M.json
[2026-09-12 20:37:56][INFO] 📋 تم تحميل 16 حساب من session_cache.json
[2026-09-12 20:37:56][INFO] 📋 تم تحميل 16 حساب من session_cache.json
[2026-09-12 20:37:56][INFO] 🔁 وضع التشغيل المستمر نشط — دورة كل 90 دقيقة
[2026-09-12 20:37:56][INFO]   📅 مهام مُجدوَلة (9 مهمة):
     • research: {'times_per_day': 2} | آخر تشغيل: لم تُشغَّل بعد
     • tactics_hall: {'times_per_day': 2} | آخر تشغيل: لم تُشغَّل بعد
     • fountain: {'times_per_day': 2} | آخر تشغيل: لم تُشغَّل بعد
     • material_workshop: {'times_per_day': 2} | آخر تشغيل: لم تُشغَّل بعد
     • caravan: {'times_per_day': 2} | آخر تشغيل: لم تُشغَّل بعد
     • port_delegate: {'times_per_day': 3} | آخر تشغيل: لم تُشغَّل بعد
     • savings_bank: {'times_per_day': 1} | آخر تشغيل: لم تُشغَّل بعد
     • building: {'times_per_day': 1} | آخر تشغيل: لم تُشغَّل بعد
     • prestige: {'hours': [3]} | آخر تشغيل: لم تُشغَّل بعد
[2026-09-12 20:37:56][INFO] 🔄 دورة رقم #1 — بدأت 2026-09-12 20:37:56
[2026-09-12 20:37:56][INFO] 🔐 [تسجيل الدخول] بدء الاتصال بالحساب: johan2003@yopmail.com...
[2026-09-12 20:37:56][INFO] 🔁 وضع التشغيل المستمر نشط — دورة كل 90 دقيقة
[2026-09-12 20:37:56][INFO]   📅 مهام مُجدوَلة (9 مهمة):
     • research: {'times_per_day': 2} | آخر تشغيل: لم تُشغَّل بعد
     • tactics_hall: {'times_per_day': 2} | آخر تشغيل: لم تُشغَّل بعد
     • fountain: {'times_per_day': 2} | آخر تشغيل: لم تُشغَّل بعد
     • material_workshop: {'times_per_day': 2} | آخر تشغيل: لم تُشغَّل بعد
     • caravan: {'times_per_day': 2} | آخر تشغيل: لم تُشغَّل بعد
     • port_delegate: {'times_per_day': 3} | آخر تشغيل: لم تُشغَّل بعد
     • savings_bank: {'times_per_day': 1} | آخر تشغيل: لم تُشغَّل بعد
     • building: {'times_per_day': 1} | آخر تشغيل: لم تُشغَّل بعد
     • prestige: {'hours': [3]} | آخر تشغيل: لم تُشغَّل بعد
[2026-09-12 20:37:56][INFO] 🔄 دورة رقم #1 — بدأت 2026-09-12 20:37:56
[2026-09-12 20:37:56][INFO] 🔐 [تسجيل الدخول] بدء الاتصال بالحساب: johan2003@yopmail.com...
[2026-09-12 20:37:56][INFO]   Auth resp: 200 TWpVNUBhMjlvWDJkaGJXVmZNalk9QE1URTVMamd1TWpFekxqRXpNUT09QE5EQXdNQT09QE1qZ3hOalV4QE1UQTJNREEzTkRN
[2026-09-12 20:37:56][INFO]   Gate: 119.8.213.131:4000
[2026-09-12 20:37:56][INFO]   UID: 10600743 Server: koh_game_26
[2026-09-12 20:37:56][INFO] [Login] ✓ johan2003@yopmail.com → Gate 119.8.213.131:4000 uid=10600743
[2026-09-12 20:37:56][INFO] ✅ تم تحميل إعدادات Firebase من: E:\osmanli\.bot_config_e4tWS8v10m2nDHyzad0M.json
[2026-09-12 20:37:56][INFO] 📋 تم تحميل 16 حساب من session_cache.json
[2026-09-12 20:37:56][INFO]   ServerKey: 8tv6HzKkzmo=
[2026-09-12 20:37:56][INFO]   Secret: 315a326d2f3b5e3d
[2026-09-12 20:37:56][INFO]   HMAC sent: VI5rBqK6OKc=
[2026-09-12 20:37:56][INFO] 🔁 وضع التشغيل المستمر نشط — دورة كل 90 دقيقة
[2026-09-12 20:37:56][INFO]   📅 مهام مُجدوَلة (9 مهمة):
     • research: {'times_per_day': 2} | آخر تشغيل: لم تُشغَّل بعد
     • tactics_hall: {'times_per_day': 2} | آخر تشغيل: لم تُشغَّل بعد
     • fountain: {'times_per_day': 2} | آخر تشغيل: لم تُشغَّل بعد
     • material_workshop: {'times_per_day': 2} | آخر تشغيل: لم تُشغَّل بعد
     • caravan: {'times_per_day': 2} | آخر تشغيل: لم تُشغَّل بعد
     • port_delegate: {'times_per_day': 3} | آخر تشغيل: لم تُشغَّل بعد
     • savings_bank: {'times_per_day': 1} | آخر تشغيل: لم تُشغَّل بعد
     • building: {'times_per_day': 1} | آخر تشغيل: لم تُشغَّل بعد
     • prestige: {'hours': [3]} | آخر تشغيل: لم تُشغَّل بعد
[2026-09-12 20:37:56][INFO] 🔄 دورة رقم #1 — بدأت 2026-09-12 20:37:56
[2026-09-12 20:37:56][INFO] 🔐 [تسجيل الدخول] بدء الاتصال بالحساب: johan2003@yopmail.com...
[2026-09-12 20:37:56][INFO] Login Server: 119.8.212.255:10000
[2026-09-12 20:37:56][INFO] Login Server: 119.8.212.255:10000
[2026-09-12 20:37:56][INFO] 📋 تم تحميل 16 حساب من session_cache.json
[2026-09-12 20:37:56][INFO] ✅ تم تحميل إعدادات Firebase من: E:\osmanli\.bot_config_e4tWS8v10m2nDHyzad0M.json
[2026-09-12 20:37:56][INFO] 📋 تم تحميل 16 حساب من session_cache.json
[2026-09-12 20:37:56][INFO] DH Handshake...
[2026-09-12 20:37:56][INFO] 🔁 وضع التشغيل المستمر نشط — دورة كل 90 دقيقة
[2026-09-12 20:37:56][INFO]   📅 مهام مُجدوَلة (9 مهمة):
     • research: {'times_per_day': 2} | آخر تشغيل: لم تُشغَّل بعد
     • tactics_hall: {'times_per_day': 2} | آخر تشغيل: لم تُشغَّل بعد
     • fountain: {'times_per_day': 2} | آخر تشغيل: لم تُشغَّل بعد
     • material_workshop: {'times_per_day': 2} | آخر تشغيل: لم تُشغَّل بعد
     • caravan: {'times_per_day': 2} | آخر تشغيل: لم تُشغَّل بعد
     • port_delegate: {'times_per_day': 3} | آخر تشغيل: لم تُشغَّل بعد
     • savings_bank: {'times_per_day': 1} | آخر تشغيل: لم تُشغَّل بعد
     • building: {'times_per_day': 1} | آخر تشغيل: لم تُشغَّل بعد
     • prestige: {'hours': [3]} | آخر تشغيل: لم تُشغَّل بعد
[2026-09-12 20:37:56][INFO] 🔄 دورة رقم #1 — بدأت 2026-09-12 20:37:56
[2026-09-12 20:37:56][INFO] 🔐 [تسجيل الدخول] بدء الاتصال بالحساب: johan2003@yopmail.com...
[2026-09-12 20:37:56][INFO]   Handshake resp: 200 challenge success
[2026-09-12 20:37:56][INFO] ✅ [تسجيل الدخول] تم الاتصال والمصافحة بنجاح 100%!
[2026-09-12 20:37:56][INFO] 🔍 [الاستعلام الشامل] جلب كافة بيانات ومعلومات الحساب من السيرفر...
[2026-09-12 20:37:56][WARNING] ⚠️ تم رصد انقطاع الاتصال قبل بدء المهمة [🌾 حصد مزارع المدينة (City Harvest)] (السبب: دخول شخص آخر إلى الحساب (Other Device Login))
[2026-09-12 20:37:56][WARNING] ⚠️ [انقطاع الاتصال] تم رصد انقطاع الاتصال بالحساب (السبب: دخول شخص آخر إلى الحساب (Other Device Login))!
[2026-09-12 20:37:56][WARNING] ⏳ سيتوقف البوت مؤقتاً وينتظر 60 ثانية (دقيقة واحدة) لإفساح المجال ثم إعادة الدخول...
[2026-09-12 20:37:56][INFO] ⏳ [المحاولة 1/10] انتظار 60 ثانية (دقيقة واحدة)...
[2026-09-12 20:37:56][INFO] ⏳ متبقي على إعادة محاولة الدخول: 60 ثانية...
[2026-09-12 20:37:56][INFO]   Token sent
[2026-09-12 20:37:56][INFO] Login Server: 119.8.212.255:10000
[2026-09-12 20:37:56][INFO] DH Handshake...
[2026-09-12 20:37:56][INFO] [Gate] ✓ 119.8.213.131:4000 uid=10600743
[2026-09-12 20:37:56][INFO] ⏳ انتظار مزامنة الحزم الأولية من السيرفر...
[2026-09-12 20:37:56][INFO] 📋 تم تحميل 16 حساب من session_cache.json
[2026-09-12 20:37:56][INFO] Login Server: 119.8.212.255:10000
[2026-09-12 20:37:56][INFO]   Challenge: BBWLRKYaIoQ=
[2026-09-12 20:37:56][INFO]   ClientKey sent: rbpV8e9NcFk=
[2026-09-12 20:37:56][INFO] ✅ تم تحميل إعدادات Firebase من: E:\osmanli\.bot_config_e4tWS8v10m2nDHyzad0M.json
[2026-09-12 20:37:56][INFO] 📋 تم تحميل 16 حساب من session_cache.json
[2026-09-12 20:37:56][INFO]   Challenge: G9t+V/KqbAY=
[2026-09-12 20:37:56][INFO]   ClientKey sent: FESkiWXHXAA=
[2026-09-12 20:37:56][INFO] 🔁 وضع التشغيل المستمر نشط — دورة كل 90 دقيقة
[2026-09-12 20:37:56][INFO]   📅 مهام مُجدوَلة (9 مهمة):
     • research: {'times_per_day': 2} | آخر تشغيل: لم تُشغَّل بعد
     • tactics_hall: {'times_per_day': 2} | آخر تشغيل: لم تُشغَّل بعد
     • fountain: {'times_per_day': 2} | آخر تشغيل: لم تُشغَّل بعد
     • material_workshop: {'times_per_day': 2} | آخر تشغيل: لم تُشغَّل بعد
     • caravan: {'times_per_day': 2} | آخر تشغيل: لم تُشغَّل بعد
     • port_delegate: {'times_per_day': 3} | آخر تشغيل: لم تُشغَّل بعد
     • savings_bank: {'times_per_day': 1} | آخر تشغيل: لم تُشغَّل بعد
     • building: {'times_per_day': 1} | آخر تشغيل: لم تُشغَّل بعد
     • prestige: {'hours': [3]} | آخر تشغيل: لم تُشغَّل بعد
[2026-09-12 20:37:56][INFO] 🔄 دورة رقم #1 — بدأت 2026-09-12 20:37:56
[2026-09-12 20:37:56][INFO] 🔐 [تسجيل الدخول] بدء الاتصال بالحساب: johan2003@yopmail.com...
[2026-09-12 20:37:56][INFO] DH Handshake...
[2026-09-12 20:37:56][INFO] ⏳ متبقي على إعادة محاولة الدخول: 30 ثانية...
[2026-09-12 20:37:56][INFO] DH Handshake...
[2026-09-12 20:37:56][WARNING] [Gate] ⚠️ انقطع الاتصال بالحساب (السبب: other_device)
[2026-09-12 20:37:56][WARNING] ⚠️ [تنبيه السيرفر] انقطع اتصال الحساب johan2003@yopmail.com (السبب: other_device)
[2026-09-12 20:37:56][INFO]   ServerKey: o50ntrKTLP0=
[2026-09-12 20:37:56][INFO]   Secret: 3549c533342f7d73
[2026-09-12 20:37:56][INFO]   HMAC sent: g0PB4fgktsk=
[2026-09-12 20:37:56][INFO] Login Server: 119.8.212.255:10000
[2026-09-12 20:37:56][INFO]   ServerKey: PF77F8ZKeBk=
[2026-09-12 20:37:56][INFO]   Secret: 7001db2660f4ec02
[2026-09-12 20:37:56][INFO]   HMAC sent: 1mOQT297Ml4=
[2026-09-12 20:37:56][INFO]   Challenge: +G/V6JBPyQg=
[2026-09-12 20:37:56][INFO]   ClientKey sent: BskaN6iFsF4=
[2026-09-12 20:37:56][INFO]   Handshake resp: 200 challenge success
[2026-09-12 20:37:56][INFO]   Challenge: FMJ1yTZrqVI=
[2026-09-12 20:37:56][INFO]   ClientKey sent: +T7BZm4kdTU=
[2026-09-12 20:37:56][INFO] DH Handshake...
[2026-09-12 20:37:56][INFO]   Token sent
[2026-09-12 20:37:56][INFO]   Auth resp: 200 TWpVNUBhMjlvWDJkaGJXVmZNalk9QE1URTVMamd1TWpFekxqRXpNUT09QE5EQXdNQT09QE1qZ3hOalV5QE1UQTJNREEzTkRN
[2026-09-12 20:37:56][INFO]   Gate: 119.8.213.131:4000
[2026-09-12 20:37:56][INFO]   UID: 10600743 Server: koh_game_26
[2026-09-12 20:37:56][INFO] [Login] ✓ johan2003@yopmail.com → Gate 119.8.213.131:4000 uid=10600743
[2026-09-12 20:37:56][INFO] 📋 تم تحميل 16 حساب من session_cache.json
[2026-09-12 20:37:56][INFO]   Handshake resp: 200 challenge success
[2026-09-12 20:37:56][INFO]   ServerKey: 1MOuAK2/Ru8=
[2026-09-12 20:37:56][INFO]   Secret: 582483e0a67a79f3
[2026-09-12 20:37:56][INFO]   HMAC sent: qtM7zToomkU=
[2026-09-12 20:37:56][INFO]   Token sent
[2026-09-12 20:37:56][INFO]   ServerKey: 8dBYTYQ6ltY=
[2026-09-12 20:37:56][INFO]   Secret: cd5da459712f11b6
[2026-09-12 20:37:56][INFO]   HMAC sent: GmOGEzxT/Dw=
[2026-09-12 20:37:56][INFO]   Challenge: zbHuQQUuOXQ=
[2026-09-12 20:37:56][INFO]   ClientKey sent: cUTbRQoHBss=
[2026-09-12 20:37:56][INFO] ✅ تم تحميل إعدادات Firebase من: E:\osmanli\.bot_config_e4tWS8v10m2nDHyzad0M.json
[2026-09-12 20:37:56][INFO] 📋 تم تحميل 16 حساب من session_cache.json
[2026-09-12 20:37:56][INFO]   Handshake resp: 200 challenge success
[2026-09-12 20:37:56][INFO] 🔁 وضع التشغيل المستمر نشط — دورة كل 90 دقيقة
[2026-09-12 20:37:56][INFO]   📅 مهام مُجدوَلة (9 مهمة):
     • research: {'times_per_day': 2} | آخر تشغيل: لم تُشغَّل بعد
     • tactics_hall: {'times_per_day': 2} | آخر تشغيل: لم تُشغَّل بعد
     • fountain: {'times_per_day': 2} | آخر تشغيل: لم تُشغَّل بعد
     • material_workshop: {'times_per_day': 2} | آخر تشغيل: لم تُشغَّل بعد
     • caravan: {'times_per_day': 2} | آخر تشغيل: لم تُشغَّل بعد
     • port_delegate: {'times_per_day': 3} | آخر تشغيل: لم تُشغَّل بعد
     • savings_bank: {'times_per_day': 1} | آخر تشغيل: لم تُشغَّل بعد
     • building: {'times_per_day': 1} | آخر تشغيل: لم تُشغَّل بعد
     • prestige: {'hours': [3]} | آخر تشغيل: لم تُشغَّل بعد
[2026-09-12 20:37:56][INFO] 🔄 دورة رقم #1 — بدأت 2026-09-12 20:37:56
[2026-09-12 20:37:56][INFO] 🔐 [تسجيل الدخول] بدء الاتصال بالحساب: johan2003@yopmail.com...
[2026-09-12 20:37:56][INFO]   Auth resp: 406 Not Acceptable
[2026-09-12 20:37:56][ERROR] [Login] johan2003@yopmail.com: SDK token error - sessionId منتهي الصلاحية
[2026-09-12 20:37:56][ERROR] ❌ [تسجيل الدخول] فشل الاتصال بالحساب johan2003@yopmail.com!
[2026-09-12 20:37:56][INFO] 🔒 تم إغلاق اتصال الحساب johan2003@yopmail.com بأمان.
[2026-09-12 20:37:56][INFO] ✅ انتهت الدورة #1 في 1ث — الدورة القادمة الساعة: 22:07:56
[2026-09-12 20:37:56][INFO] 💤 انتظار 90.0 دقيقة...
[2026-09-12 20:37:56][INFO]   Token sent
[2026-09-12 20:37:56][INFO]   Handshake resp: 200 challenge success
[2026-09-12 20:37:56][ERROR] [Gate] Handshake failed: b'404 User Not Found'
[2026-09-12 20:37:56][ERROR] ❌ [تسجيل الدخول] فشل الاتصال بالحساب johan2003@yopmail.com!
[2026-09-12 20:37:56][INFO] 🔒 تم إغلاق اتصال الحساب johan2003@yopmail.com بأمان.
[2026-09-12 20:37:56][INFO] ✅ انتهت الدورة #1 في 1ث — الدورة القادمة الساعة: 22:07:55
[2026-09-12 20:37:56][INFO] 💤 انتظار 90.0 دقيقة...
[2026-09-12 20:37:57][INFO]   ServerKey: 3fN9TwxOF9U=
[2026-09-12 20:37:57][INFO]   Secret: c8e2171a19ec3825
[2026-09-12 20:37:57][INFO]   HMAC sent: Ew2DKzw3Lu0=
[2026-09-12 20:37:57][INFO] 📋 تم تحميل 16 حساب من session_cache.json
[2026-09-12 20:37:57][ERROR] ❌ خطأ في قراءة ملف إعدادات Firebase: Expecting value: line 1 column 1 (char 0)
[2026-09-12 20:37:57][INFO]   Token sent
[2026-09-12 20:37:57][INFO]   Auth resp: 406 Not Acceptable
[2026-09-12 20:37:57][ERROR] [Login] johan2003@yopmail.com: SDK token error - sessionId منتهي الصلاحية
[2026-09-12 20:37:57][ERROR] ❌ [تسجيل الدخول] فشل الاتصال بالحساب johan2003@yopmail.com!
[2026-09-12 20:37:57][INFO] 🔒 تم إغلاق اتصال الحساب johan2003@yopmail.com بأمان.
[2026-09-12 20:37:57][INFO] ✅ انتهت الدورة #1 في 1ث — الدورة القادمة الساعة: 22:07:56
[2026-09-12 20:37:57][INFO] 💤 انتظار 90.0 دقيقة...
[2026-09-12 20:37:57][INFO] 📋 تم تحميل 16 حساب من session_cache.json
[2026-09-12 20:37:57][INFO]   Auth resp: 200 TWpVNUBhMjlvWDJkaGJXVmZNalk9QE1URTVMamd1TWpFekxqRXpNUT09QE5EQXdNQT09QE1qZ3hOalV6QE1UQTJNREEzTkRN
[2026-09-12 20:37:57][INFO]   Gate: 119.8.213.131:4000
[2026-09-12 20:37:57][INFO]   UID: 10600743 Server: koh_game_26
[2026-09-12 20:37:57][INFO] [Login] ✓ johan2003@yopmail.com → Gate 119.8.213.131:4000 uid=10600743
[2026-09-12 20:37:57][INFO] Login Server: 119.8.212.255:10000
[2026-09-12 20:37:57][INFO]   Handshake resp: 200 challenge success
[2026-09-12 20:37:57][INFO] 📋 تم تحميل 16 حساب من session_cache.json
[2026-09-12 20:37:57][INFO] ✅ تم تحميل إعدادات Firebase من: E:\osmanli\.bot_config_e4tWS8v10m2nDHyzad0M.json
[2026-09-12 20:37:57][INFO] ✅ تم تحميل إعدادات Firebase من: E:\osmanli\.bot_config_e4tWS8v10m2nDHyzad0M.json
[2026-09-12 20:37:57][INFO] 📋 تم تحميل 16 حساب من session_cache.json
[2026-09-12 20:37:57][INFO] 📋 تم تحميل 16 حساب من session_cache.json
[2026-09-12 20:37:57][INFO] 🔁 وضع التشغيل المستمر نشط — دورة كل 90 دقيقة
[2026-09-12 20:37:57][INFO] 🔁 وضع التشغيل المستمر نشط — دورة كل 90 دقيقة
[2026-09-12 20:37:57][INFO]   📅 مهام مُجدوَلة (9 مهمة):
     • research: {'times_per_day': 2} | آخر تشغيل: لم تُشغَّل بعد
     • tactics_hall: {'times_per_day': 2} | آخر تشغيل: لم تُشغَّل بعد
     • fountain: {'times_per_day': 2} | آخر تشغيل: لم تُشغَّل بعد
     • material_workshop: {'times_per_day': 2} | آخر تشغيل: لم تُشغَّل بعد
     • caravan: {'times_per_day': 2} | آخر تشغيل: لم تُشغَّل بعد
     • port_delegate: {'times_per_day': 3} | آخر تشغيل: لم تُشغَّل بعد
     • savings_bank: {'times_per_day': 1} | آخر تشغيل: لم تُشغَّل بعد
     • building: {'times_per_day': 1} | آخر تشغيل: لم تُشغَّل بعد
     • prestige: {'hours': [3]} | آخر تشغيل: لم تُشغَّل بعد
[2026-09-12 20:37:57][INFO] 🔄 دورة رقم #1 — بدأت 2026-09-12 20:37:57
[2026-09-12 20:37:57][INFO] 🔄 دورة رقم #1 — بدأت 2026-09-12 20:37:57
[2026-09-12 20:37:57][INFO] 🔐 [تسجيل الدخول] بدء الاتصال بالحساب: johan2003@yopmail.com...
[2026-09-12 20:37:57][INFO] 🔐 [تسجيل الدخول] بدء الاتصال بالحساب: johan2003@yopmail.com...
[2026-09-12 20:37:57][INFO] Login Server: 119.8.212.255:10000
[2026-09-12 20:37:57][INFO]   Token sent
[2026-09-12 20:37:57][INFO] DH Handshake...
[2026-09-12 20:37:57][INFO] Login Server: 119.8.212.255:10000
[2026-09-12 20:37:57][INFO] 📋 تم تحميل 16 حساب من session_cache.json
[2026-09-12 20:37:57][INFO] DH Handshake...
[2026-09-12 20:37:57][INFO]   Auth resp: 406 Not Acceptable
[2026-09-12 20:37:57][ERROR] [Login] johan2003@yopmail.com: SDK token error - sessionId منتهي الصلاحية
[2026-09-12 20:37:57][ERROR] ❌ [تسجيل الدخول] فشل الاتصال بالحساب johan2003@yopmail.com!
[2026-09-12 20:37:57][INFO] 🔒 تم إغلاق اتصال الحساب johan2003@yopmail.com بأمان.
[2026-09-12 20:37:57][INFO] ✅ انتهت الدورة #1 في 1ث — الدورة القادمة الساعة: 22:07:56
[2026-09-12 20:37:57][INFO] 💤 انتظار 90.0 دقيقة...
[2026-09-12 20:37:57][INFO] ✅ تم تحميل إعدادات Firebase من: E:\osmanli\.bot_config_e4tWS8v10m2nDHyzad0M.json
[2026-09-12 20:37:57][INFO] 📋 تم تحميل 16 حساب من session_cache.json
[2026-09-12 20:37:57][INFO] 📋 تم تحميل 16 حساب من session_cache.json
[2026-09-12 20:37:57][INFO] ✅ تم تحميل إعدادات Firebase من: E:\osmanli\.bot_config_e4tWS8v10m2nDHyzad0M.json
[2026-09-12 20:37:57][INFO] 📋 تم تحميل 16 حساب من session_cache.json
[2026-09-12 20:37:57][INFO] 🔁 وضع التشغيل المستمر نشط — دورة كل 90 دقيقة
[2026-09-12 20:37:57][INFO]   📅 مهام مُجدوَلة (9 مهمة):
     • research: {'times_per_day': 2} | آخر تشغيل: لم تُشغَّل بعد
     • tactics_hall: {'times_per_day': 2} | آخر تشغيل: لم تُشغَّل بعد
     • fountain: {'times_per_day': 2} | آخر تشغيل: لم تُشغَّل بعد
     • material_workshop: {'times_per_day': 2} | آخر تشغيل: لم تُشغَّل بعد
     • caravan: {'times_per_day': 2} | آخر تشغيل: لم تُشغَّل بعد
     • port_delegate: {'times_per_day': 3} | آخر تشغيل: لم تُشغَّل بعد
     • savings_bank: {'times_per_day': 1} | آخر تشغيل: لم تُشغَّل بعد
     • building: {'times_per_day': 1} | آخر تشغيل: لم تُشغَّل بعد
     • prestige: {'hours': [3]} | آخر تشغيل: لم تُشغَّل بعد
[2026-09-12 20:37:57][INFO] 🔄 دورة رقم #1 — بدأت 2026-09-12 20:37:57
[2026-09-12 20:37:57][INFO] 🔐 [تسجيل الدخول] بدء الاتصال بالحساب: johan2003@yopmail.com...
[2026-09-12 20:37:57][INFO] 🔁 وضع التشغيل المستمر نشط — دورة كل 90 دقيقة
[2026-09-12 20:37:57][INFO]   📅 مهام مُجدوَلة (9 مهمة):
     • research: {'times_per_day': 2} | آخر تشغيل: لم تُشغَّل بعد
     • tactics_hall: {'times_per_day': 2} | آخر تشغيل: لم تُشغَّل بعد
     • fountain: {'times_per_day': 2} | آخر تشغيل: لم تُشغَّل بعد
     • material_workshop: {'times_per_day': 2} | آخر تشغيل: لم تُشغَّل بعد
     • caravan: {'times_per_day': 2} | آخر تشغيل: لم تُشغَّل بعد
     • port_delegate: {'times_per_day': 3} | آخر تشغيل: لم تُشغَّل بعد
     • savings_bank: {'times_per_day': 1} | آخر تشغيل: لم تُشغَّل بعد
     • building: {'times_per_day': 1} | آخر تشغيل: لم تُشغَّل بعد
     • prestige: {'hours': [3]} | آخر تشغيل: لم تُشغَّل بعد
[2026-09-12 20:37:57][INFO] 🔄 دورة رقم #1 — بدأت 2026-09-12 20:37:57
[2026-09-12 20:37:57][INFO] 🔐 [تسجيل الدخول] بدء الاتصال بالحساب: johan2003@yopmail.com...
[2026-09-12 20:37:57][INFO]   Challenge: jG+85qzMtO0=
[2026-09-12 20:37:57][INFO] DH Handshake...
[2026-09-12 20:37:57][INFO]   ClientKey sent: kWALSwRipW0=
[2026-09-12 20:37:57][ERROR] [Gate] Handshake failed: b'404 User Not Found'
[2026-09-12 20:37:57][ERROR] ❌ [تسجيل الدخول] فشل الاتصال بالحساب johan2003@yopmail.com!
[2026-09-12 20:37:57][INFO] 🔒 تم إغلاق اتصال الحساب johan2003@yopmail.com بأمان.
[2026-09-12 20:37:57][INFO] ✅ انتهت الدورة #1 في 1ث — الدورة القادمة الساعة: 22:07:56
[2026-09-12 20:37:57][INFO] 💤 انتظار 90.0 دقيقة...
[2026-09-12 20:37:57][INFO]   Challenge: po0Wq21ZIiU=
[2026-09-12 20:37:57][INFO]   ClientKey sent: kEuD8Y3tMx4=
[2026-09-12 20:37:57][INFO]   Auth resp: 200 TWpVNUBhMjlvWDJkaGJXVmZNalk9QE1URTVMamd1TWpFekxqRXpNUT09QE5EQXdNQT09QE1qZ3hOalUwQE1UQTJNREEzTkRN
[2026-09-12 20:37:57][INFO]   Gate: 119.8.213.131:4000
[2026-09-12 20:37:57][INFO]   UID: 10600743 Server: koh_game_26
[2026-09-12 20:37:57][INFO] [Login] ✓ johan2003@yopmail.com → Gate 119.8.213.131:4000 uid=10600743
[2026-09-12 20:37:57][INFO] 📋 تم تحميل 16 حساب من session_cache.json
[2026-09-12 20:37:57][INFO] Login Server: 119.8.212.255:10000
[2026-09-12 20:37:57][INFO]   Challenge: 0V7hnRLOm5k=
[2026-09-12 20:37:57][INFO]   ClientKey sent: YExSCmhBUSU=
[2026-09-12 20:37:57][INFO]   ServerKey: ZUc/fxAP+uE=
[2026-09-12 20:37:57][INFO]   Secret: 50b068f9d1a5d7b6
[2026-09-12 20:37:57][INFO]   HMAC sent: /rPcenqPYn8=
[2026-09-12 20:37:57][INFO]   ServerKey: 0vz9BbpVo3M=
[2026-09-12 20:37:57][INFO]   Secret: 4bf2e0790e27db9e
[2026-09-12 20:37:57][INFO]   HMAC sent: nR/qNitHD0Y=
[2026-09-12 20:37:57][INFO] ✅ تم تحميل إعدادات Firebase من: E:\osmanli\.bot_config_e4tWS8v10m2nDHyzad0M.json
[2026-09-12 20:37:57][INFO] 📋 تم تحميل 16 حساب من session_cache.json
[2026-09-12 20:37:57][INFO] 🔁 وضع التشغيل المستمر نشط — دورة كل 90 دقيقة
[2026-09-12 20:37:57][INFO]   📅 مهام مُجدوَلة (9 مهمة):
     • research: {'times_per_day': 2} | آخر تشغيل: لم تُشغَّل بعد
     • tactics_hall: {'times_per_day': 2} | آخر تشغيل: لم تُشغَّل بعد
     • fountain: {'times_per_day': 2} | آخر تشغيل: لم تُشغَّل بعد
     • material_workshop: {'times_per_day': 2} | آخر تشغيل: لم تُشغَّل بعد
     • caravan: {'times_per_day': 2} | آخر تشغيل: لم تُشغَّل بعد
     • port_delegate: {'times_per_day': 3} | آخر تشغيل: لم تُشغَّل بعد
     • savings_bank: {'times_per_day': 1} | آخر تشغيل: لم تُشغَّل بعد
     • building: {'times_per_day': 1} | آخر تشغيل: لم تُشغَّل بعد
     • prestige: {'hours': [3]} | آخر تشغيل: لم تُشغَّل بعد
[2026-09-12 20:37:57][INFO] 🔄 دورة رقم #1 — بدأت 2026-09-12 20:37:57
[2026-09-12 20:37:57][INFO] 🔐 [تسجيل الدخول] بدء الاتصال بالحساب: johan2003@yopmail.com...
[2026-09-12 20:37:57][INFO] Login Server: 119.8.212.255:10000
[2026-09-12 20:37:57][INFO] DH Handshake...
[2026-09-12 20:37:57][INFO]   Handshake resp: 200 challenge success
[2026-09-12 20:37:57][INFO]   ServerKey: ddYDZEslJ3k=
[2026-09-12 20:37:57][INFO]   Secret: 8a1792d29964aa1d
[2026-09-12 20:37:57][INFO]   HMAC sent: 9bXzFiMbxck=
[2026-09-12 20:37:57][INFO] 📋 تم تحميل 16 حساب من session_cache.json
[2026-09-12 20:37:57][INFO] ✅ تم تحميل إعدادات Firebase من: E:\osmanli\.bot_config_e4tWS8v10m2nDHyzad0M.json
[2026-09-12 20:37:57][INFO] 📋 تم تحميل 16 حساب من session_cache.json
[2026-09-12 20:37:57][INFO] 🔁 وضع التشغيل المستمر نشط — دورة كل 90 دقيقة
[2026-09-12 20:37:57][INFO]   📅 مهام مُجدوَلة (9 مهمة):
     • research: {'times_per_day': 2} | آخر تشغيل: لم تُشغَّل بعد
     • tactics_hall: {'times_per_day': 2} | آخر تشغيل: لم تُشغَّل بعد
     • fountain: {'times_per_day': 2} | آخر تشغيل: لم تُشغَّل بعد
     • material_workshop: {'times_per_day': 2} | آخر تشغيل: لم تُشغَّل بعد
     • caravan: {'times_per_day': 2} | آخر تشغيل: لم تُشغَّل بعد
     • port_delegate: {'times_per_day': 3} | آخر تشغيل: لم تُشغَّل بعد
     • savings_bank: {'times_per_day': 1} | آخر تشغيل: لم تُشغَّل بعد
     • building: {'times_per_day': 1} | آخر تشغيل: لم تُشغَّل بعد
     • prestige: {'hours': [3]} | آخر تشغيل: لم تُشغَّل بعد
[2026-09-12 20:37:57][INFO] 🔄 دورة رقم #1 — بدأت 2026-09-12 20:37:57
[2026-09-12 20:37:57][INFO] 🔐 [تسجيل الدخول] بدء الاتصال بالحساب: johan2003@yopmail.com...
[2026-09-12 20:37:57][INFO] Login Server: 119.8.212.255:10000
[2026-09-12 20:37:57][INFO]   Handshake resp: 200 challenge success
[2026-09-12 20:37:57][INFO] [Gate] ✓ 119.8.213.131:4000 uid=10600743
[2026-09-12 20:37:57][INFO] ⏳ انتظار مزامنة الحزم الأولية من السيرفر...
[2026-09-12 20:37:57][INFO] DH Handshake...
[2026-09-12 20:37:57][INFO] 📋 تم تحميل 16 حساب من session_cache.json
[2026-09-12 20:37:57][INFO] ✅ تم تحميل إعدادات Firebase من: E:\osmanli\.bot_config_e4tWS8v10m2nDHyzad0M.json
[2026-09-12 20:37:57][INFO] 📋 تم تحميل 16 حساب من session_cache.json
[2026-09-12 20:37:57][INFO] 🔁 وضع التشغيل المستمر نشط — دورة كل 90 دقيقة
[2026-09-12 20:37:57][INFO]   📅 مهام مُجدوَلة (9 مهمة):
     • research: {'times_per_day': 2} | آخر تشغيل: لم تُشغَّل بعد
     • tactics_hall: {'times_per_day': 2} | آخر تشغيل: لم تُشغَّل بعد
     • fountain: {'times_per_day': 2} | آخر تشغيل: لم تُشغَّل بعد
     • material_workshop: {'times_per_day': 2} | آخر تشغيل: لم تُشغَّل بعد
     • caravan: {'times_per_day': 2} | آخر تشغيل: لم تُشغَّل بعد
     • port_delegate: {'times_per_day': 3} | آخر تشغيل: لم تُشغَّل بعد
     • savings_bank: {'times_per_day': 1} | آخر تشغيل: لم تُشغَّل بعد
     • building: {'times_per_day': 1} | آخر تشغيل: لم تُشغَّل بعد
     • prestige: {'hours': [3]} | آخر تشغيل: لم تُشغَّل بعد
[2026-09-12 20:37:57][INFO] 🔄 دورة رقم #1 — بدأت 2026-09-12 20:37:57
[2026-09-12 20:37:57][INFO] 🔐 [تسجيل الدخول] بدء الاتصال بالحساب: johan2003@yopmail.com...
[2026-09-12 20:37:57][INFO]   Challenge: 9MfIwmJhEBY=
[2026-09-12 20:37:57][INFO]   ClientKey sent: mmTnHCySdFY=
[2026-09-12 20:37:57][INFO] Login Server: 119.8.212.255:10000
[2026-09-12 20:37:57][INFO]   Handshake resp: 200 challenge success
[2026-09-12 20:37:57][INFO] DH Handshake...
[2026-09-12 20:37:57][INFO]   Challenge: oBNNkiyRcQs=
[2026-09-12 20:37:57][INFO]   ClientKey sent: a6iTbVkoRmg=
[2026-09-12 20:37:57][INFO]   Token sent
[2026-09-12 20:37:57][INFO]   Token sent
[2026-09-12 20:37:57][INFO]   ServerKey: 19mrPqtDtdc=
[2026-09-12 20:37:57][INFO]   Secret: 9bc6f9d458c69398
[2026-09-12 20:37:57][INFO]   HMAC sent: PcXBvKF/DEw=
[2026-09-12 20:37:57][INFO] DH Handshake...
[2026-09-12 20:37:57][INFO]   Challenge: LQjMMGwqaAw=
[2026-09-12 20:37:57][INFO]   ClientKey sent: BjGMRIx49F0=
[2026-09-12 20:37:57][INFO]   ServerKey: tu4JrIkqHhk=
[2026-09-12 20:37:57][INFO]   Secret: 64f75c25d81eb1e8
[2026-09-12 20:37:57][INFO]   HMAC sent: IN3vj0DmKQc=
[2026-09-12 20:37:57][INFO] Login Server: 119.8.212.255:10000
[2026-09-12 20:37:57][INFO]   Auth resp: 406 Not Acceptable
[2026-09-12 20:37:57][ERROR] [Login] johan2003@yopmail.com: SDK token error - sessionId منتهي الصلاحية
[2026-09-12 20:37:57][ERROR] ❌ [تسجيل الدخول] فشل الاتصال بالحساب johan2003@yopmail.com!
[2026-09-12 20:37:57][INFO] 🔒 تم إغلاق اتصال الحساب johan2003@yopmail.com بأمان.
[2026-09-12 20:37:57][INFO] ✅ انتهت الدورة #1 في 1ث — الدورة القادمة الساعة: 22:07:57
[2026-09-12 20:37:57][INFO] 💤 انتظار 90.0 دقيقة...
[2026-09-12 20:37:57][INFO] 📋 تم تحميل 16 حساب من session_cache.json
[2026-09-12 20:37:57][INFO]   Challenge: RVWkH5t4XEE=
enge success
[2026-09-12 20:37:57][INFO]   ClientKey sent: B47VFk/szAU=
[2026-09-12 20:37:57][INFO]   ServerKey: zF71wAlRMEQ=
[2026-09-12 20:37:57][INFO]   Secret: 50d8d92e899ae3af
[2026-09-12 20:37:57][INFO]   HMAC sent: 7n++28jJRyQ=
[2026-09-12 20:37:57][INFO] ✅ تم تحميل إعدادات Firebase من: E:\osmanli\.bot_config_e4tWS8v10m2nDHyzad0M.json
[2026-09-12 20:37:57][INFO] 📋 تم تحميل 16 حساب من session_cache.json
[2026-09-12 20:37:57][WARNING] [Gate] ⚠️ انقطع الاتصال بالحساب (السبب: other_device)
[2026-09-12 20:37:57][WARNING] ⚠️ [تنبيه السيرفر] انقطع اتصال الحساب johan2003@yopmail.com (السبب: other_device)
[2026-09-12 20:37:57][INFO]   Handshake resp: 200 challenge success
[2026-09-12 20:37:57][INFO] 🔁 وضع التشغيل المستمر نشط — دورة كل 90 دقيقة
[2026-09-12 20:37:57][INFO]   📅 مهام مُجدوَلة (9 مهمة):
     • research: {'times_per_day': 2} | آخر تشغيل: لم تُشغَّل بعد
     • tactics_hall: {'times_per_day': 2} | آخر تشغيل: لم تُشغَّل بعد
     • fountain: {'times_per_day': 2} | آخر تشغيل: لم تُشغَّل بعد
     • material_workshop: {'times_per_day': 2} | آخر تشغيل: لم تُشغَّل بعد
     • caravan: {'times_per_day': 2} | آخر تشغيل: لم تُشغَّل بعد
     • port_delegate: {'times_per_day': 3} | آخر تشغيل: لم تُشغَّل بعد
     • savings_bank: {'times_per_day': 1} | آخر تشغيل: لم تُشغَّل بعد
     • building: {'times_per_day': 1} | آخر تشغيل: لم تُشغَّل بعد
     • prestige: {'hours': [3]} | آخر تشغيل: لم تُشغَّل بعد
[2026-09-12 20:37:57][INFO] 🔄 دورة رقم #1 — بدأت 2026-09-12 20:37:57
[2026-09-12 20:37:57][INFO] 🔐 [تسجيل الدخول] بدء الاتصال بالحساب: johan2003@yopmail.com...
[2026-09-12 20:37:57][INFO] Login Server: 119.8.212.255:10000
[2026-09-12 20:37:57][INFO] DH Handshake...
[2026-09-12 20:37:57][INFO]   Token sent
[2026-09-12 20:37:57][INFO]   Token sent
[2026-09-12 20:37:57][INFO]   Handshake resp: 200 challenge success
[2026-09-12 20:37:57][INFO]   Secret: c898c57159b9e027
[2026-09-12 20:37:57][INFO]   HMAC sent: zi72mWNU+XE=
[2026-09-12 20:37:58][INFO] DH Handshake...
[2026-09-12 20:37:58][INFO] 📋 تم تحميل 16 حساب من session_cache.json
[2026-09-12 20:37:58][INFO]   Challenge: C0u9PCNQgXg=
[2026-09-12 20:37:58][INFO]   ClientKey sent: iNkRp+biZHc=
[2026-09-12 20:37:58][INFO]   Auth resp: 200 TWpVNUBhMjlvWDJkaGJXVmZNalk9QE1URTVMamd1TWpFekxqRXpNUT09QE5EQXdNQT09QE1qZ3hOalUxQE1UQTJNREEzTkRN
[2026-09-12 20:37:58][INFO]   Gate: 119.8.213.131:4000
[2026-09-12 20:37:58][INFO]   UID: 10600743 Server: koh_game_26
[2026-09-12 20:37:58][INFO] [Login] ✓ johan2003@yopmail.com → Gate 119.8.213.131:4000 uid=10600743
[2026-09-12 20:37:58][INFO]   Auth resp: 406 Not Acceptable
[2026-09-12 20:37:58][ERROR] [Login] johan2003@yopmail.com: SDK token error - sessionId منتهي الصلاحية
[2026-09-12 20:37:58][ERROR] ❌ [تسجيل الدخول] فشل الاتصال بالحساب johan2003@yopmail.com!
[2026-09-12 20:37:58][INFO] 🔒 تم إغلاق اتصال الحساب johan2003@yopmail.com بأمان.
[2026-09-12 20:37:58][INFO] ✅ انتهت الدورة #1 في 1ث — الدورة القادمة الساعة: 22:07:56
[2026-09-12 20:37:58][INFO] 💤 انتظار 90.0 دقيقة...
[2026-09-12 20:37:58][INFO]   Token sent
[2026-09-12 20:37:58][INFO] ✅ تم تحميل إعدادات Firebase من: E:\osmanli\.bot_config_e4tWS8v10m2nDHyzad0M.json
[2026-09-12 20:37:58][INFO]   Handshake resp: 200 challenge success
[2026-09-12 20:37:58][INFO] 📋 تم تحميل 16 حساب من session_cache.json
[2026-09-12 20:37:58][INFO] 🔁 وضع التشغيل المستمر نشط — دورة كل 90 دقيقة
[2026-09-12 20:37:58][INFO]   📅 مهام مُجدوَلة (9 مهمة):
     • research: {'times_per_day': 2} | آخر تشغيل: لم تُشغَّل بعد
     • tactics_hall: {'times_per_day': 2} | آخر تشغيل: لم تُشغَّل بعد
     • fountain: {'times_per_day': 2} | آخر تشغيل: لم تُشغَّل بعد
     • material_workshop: {'times_per_day': 2} | آخر تشغيل: لم تُشغَّل بعد
     • caravan: {'times_per_day': 2} | آخر تشغيل: لم تُشغَّل بعد
     • port_delegate: {'times_per_day': 3} | آخر تشغيل: لم تُشغَّل بعد
     • savings_bank: {'times_per_day': 1} | آخر تشغيل: لم تُشغَّل بعد
     • building: {'times_per_day': 1} | آخر تشغيل: لم تُشغَّل بعد
     • prestige: {'hours': [3]} | آخر تشغيل: لم تُشغَّل بعد
[2026-09-12 20:37:58][INFO] 🔄 دورة رقم #1 — بدأت 2026-09-12 20:37:58
[2026-09-12 20:37:58][INFO] 🔐 [تسجيل الدخول] بدء الاتصال بالحساب: johan2003@yopmail.com...
[2026-09-12 20:37:58][INFO] 📋 تم تحميل 16 حساب من session_cache.json
[2026-09-12 20:37:58][INFO] ✅ تم تحميل إعدادات Firebase من: E:\osmanli\.bot_config_e4tWS8v10m2nDHyzad0M.json
[2026-09-12 20:37:58][INFO] 📋 تم تحميل 16 حساب من session_cache.json
[2026-09-12 20:37:58][INFO] 🔁 وضع التشغيل المستمر نشط — دورة كل 90 دقيقة
[2026-09-12 20:37:58][INFO]   📅 مهام مُجدوَلة (9 مهمة):
     • research: {'times_per_day': 2} | آخر تشغيل: لم تُشغَّل بعد
     • tactics_hall: {'times_per_day': 2} | آخر تشغيل: لم تُشغَّل بعد
     • fountain: {'times_per_day': 2} | آخر تشغيل: لم تُشغَّل بعد
     • material_workshop: {'times_per_day': 2} | آخر تشغيل: لم تُشغَّل بعد
     • caravan: {'times_per_day': 2} | آخر تشغيل: لم تُشغَّل بعد
     • port_delegate: {'times_per_day': 3} | آخر تشغيل: لم تُشغَّل بعد
     • savings_bank: {'times_per_day': 1} | آخر تشغيل: لم تُشغَّل بعد
     • building: {'times_per_day': 1} | آخر تشغيل: لم تُشغَّل بعد
     • prestige: {'hours': [3]} | آخر تشغيل: لم تُشغَّل بعد
[2026-09-12 20:37:58][INFO] 🔄 دورة رقم #1 — بدأت 2026-09-12 20:37:58
[2026-09-12 20:37:58][INFO] 🔐 [تسجيل الدخول] بدء الاتصال بالحساب: johan2003@yopmail.com...
[2026-09-12 20:37:58][INFO]   Token sent
[2026-09-12 20:37:58][INFO]   Challenge: E239VcqrneU=
[2026-09-12 20:37:58][INFO]   ClientKey sent: ffsypneSP9E=
[2026-09-12 20:37:58][INFO] Login Server: 119.8.212.255:10000
[2026-09-12 20:37:58][INFO]   ServerKey: G4S4tDwY3qU=
[2026-09-12 20:37:58][INFO]   Auth resp: 406 Not Acceptable
[2026-09-12 20:37:58][INFO]   Secret: 4c08278ef2007326
[2026-09-12 20:37:58][INFO]   HMAC sent: 33eHlEg4zdM=
[2026-09-12 20:37:58][ERROR] [Login] johan2003@yopmail.com: SDK token error - sessionId منتهي الصلاحية
[2026-09-12 20:37:58][ERROR] ❌ [تسجيل الدخول] فشل الاتصال بالحساب johan2003@yopmail.com!
[2026-09-12 20:37:58][INFO] 🔒 تم إغلاق اتصال الحساب johan2003@yopmail.com بأمان.
[2026-09-12 20:37:58][INFO] ✅ انتهت الدورة #1 في 1ث — الدورة القادمة الساعة: 22:07:57
[2026-09-12 20:37:58][INFO] 💤 انتظار 90.0 دقيقة...
[2026-09-12 20:37:58][INFO]   Auth resp: 406 Not Acceptable
[2026-09-12 20:37:58][ERROR] [Login] johan2003@yopmail.com: SDK token error - sessionId منتهي الصلاحية
[2026-09-12 20:37:58][ERROR] ❌ [تسجيل الدخول] فشل الاتصال بالحساب johan2003@yopmail.com!
[2026-09-12 20:37:58][INFO] 🔒 تم إغلاق اتصال الحساب johan2003@yopmail.com بأمان.
[2026-09-12 20:37:58][INFO] ✅ انتهت الدورة #1 في 1ث — الدورة القادمة الساعة: 22:07:57
[2026-09-12 20:37:58][INFO] 💤 انتظار 90.0 دقيقة...
[2026-09-12 20:37:58][INFO] 📋 تم تحميل 16 حساب من session_cache.json
[2026-09-12 20:37:58][INFO] 📋 تم تحميل 16 حساب من session_cache.json
[2026-09-12 20:37:58][INFO]   Auth resp: 406 Not Acceptable
[2026-09-12 20:37:58][ERROR] [Login] johan2003@yopmail.com: SDK token error - sessionId منتهي الصلاحية
[2026-09-12 20:37:58][INFO] ✅ تم تحميل إعدادات Firebase من: E:\osmanli\.bot_config_e4tWS8v10m2nDHyzad0M.json
[2026-09-12 20:37:58][ERROR] ❌ [تسجيل الدخول] فشل الاتصال بالحساب johan2003@yopmail.com!
[2026-09-12 20:37:58][INFO] 🔒 تم إغلاق اتصال الحساب johan2003@yopmail.com بأمان.
[2026-09-12 20:37:58][INFO] 📋 تم تحميل 16 حساب من session_cache.json
[2026-09-12 20:37:58][INFO] ✅ انتهت الدورة #1 في 1ث — الدورة القادمة الساعة: 22:07:57
[2026-09-12 20:37:58][INFO] 💤 انتظار 90.0 دقيقة...
[2026-09-12 20:37:58][INFO] 🔁 وضع التشغيل المستمر نشط — دورة كل 90 دقيقة
[2026-09-12 20:37:58][INFO]   📅 مهام مُجدوَلة (9 مهمة):
     • research: {'times_per_day': 2} | آخر تشغيل: لم تُشغَّل بعد
     • tactics_hall: {'times_per_day': 2} | آخر تشغيل: لم تُشغَّل بعد
     • fountain: {'times_per_day': 2} | آخر تشغيل: لم تُشغَّل بعد
     • material_workshop: {'times_per_day': 2} | آخر تشغيل: لم تُشغَّل بعد
     • caravan: {'times_per_day': 2} | آخر تشغيل: لم تُشغَّل بعد
     • port_delegate: {'times_per_day': 3} | آخر تشغيل: لم تُشغَّل بعد
     • savings_bank: {'times_per_day': 1} | آخر تشغيل: لم تُشغَّل بعد
     • building: {'times_per_day': 1} | آخر تشغيل: لم تُشغَّل بعد
     • prestige: {'hours': [3]} | آخر تشغيل: لم تُشغَّل بعد
[2026-09-12 20:37:58][INFO] 🔄 دورة رقم #1 — بدأت 2026-09-12 20:37:58
[2026-09-12 20:37:58][INFO] 🔐 [تسجيل الدخول] بدء الاتصال بالحساب: johan2003@yopmail.com...
[2026-09-12 20:37:58][INFO] Login Server: 119.8.212.255:10000
[2026-09-12 20:37:58][INFO]   ServerKey: utqgWGL0TrE=
[2026-09-12 20:37:58][INFO] DH Handshake...
[2026-09-12 20:37:58][INFO]   Secret: 1db6dce7f67dc608
[2026-09-12 20:37:58][INFO]   HMAC sent: HGjv/S3LvaI=
[2026-09-12 20:37:58][INFO]   Handshake resp: 200 challenge success
[2026-09-12 20:37:58][ERROR] [Gate] Handshake failed: b'404 User Not Found'
[2026-09-12 20:37:58][ERROR] ❌ [تسجيل الدخول] فشل الاتصال بالحساب johan2003@yopmail.com!
[2026-09-12 20:37:58][INFO] 🔒 تم إغلاق اتصال الحساب johan2003@yopmail.com بأمان.
[2026-09-12 20:37:58][INFO] ✅ انتهت الدورة #1 في 1ث — الدورة القادمة الساعة: 22:07:57
[2026-09-12 20:37:58][INFO] 💤 انتظار 90.0 دقيقة...
[2026-09-12 20:37:58][INFO]   Token sent
[2026-09-12 20:37:58][INFO] Login Server: 119.8.212.255:10000
[2026-09-12 20:37:58][INFO] ✅ تم تحميل إعدادات Firebase من: E:\osmanli\.bot_config_e4tWS8v10m2nDHyzad0M.json
[2026-09-12 20:37:58][INFO] 📋 تم تحميل 16 حساب من session_cache.json
[2026-09-12 20:37:58][INFO] 🔁 وضع التشغيل المستمر نشط — دورة كل 90 دقيقة
[2026-09-12 20:37:58][INFO]   📅 مهام مُجدوَلة (9 مهمة):
     • research: {'times_per_day': 2} | آخر تشغيل: لم تُشغَّل بعد
     • tactics_hall: {'times_per_day': 2} | آخر تشغيل: لم تُشغَّل بعد
     • fountain: {'times_per_day': 2} | آخر تشغيل: لم تُشغَّل بعد
     • material_workshop: {'times_per_day': 2} | آخر تشغيل: لم تُشغَّل بعد
     • caravan: {'times_per_day': 2} | آخر تشغيل: لم تُشغَّل بعد
     • port_delegate: {'times_per_day': 3} | آخر تشغيل: لم تُشغَّل بعد
     • savings_bank: {'times_per_day': 1} | آخر تشغيل: لم تُشغَّل بعد
     • building: {'times_per_day': 1} | آخر تشغيل: لم تُشغَّل بعد
     • prestige: {'hours': [3]} | آخر تشغيل: لم تُشغَّل بعد
[2026-09-12 20:37:58][INFO] 🔄 دورة رقم #1 — بدأت 2026-09-12 20:37:58
[2026-09-12 20:37:58][INFO] 🔐 [تسجيل الدخول] بدء الاتصال بالحساب: johan2003@yopmail.com...
[2026-09-12 20:37:58][INFO] Login Server: 119.8.212.255:10000
[2026-09-12 20:37:58][INFO]   Auth resp: 200 TWpVNUBhMjlvWDJkaGJXVmZNalk9QE1URTVMamd1TWpFekxqRXpNUT09QE5EQXdNQT09QE1qZ3hOalUyQE1UQTJNREEzTkRN
[2026-09-12 20:37:58][INFO] DH Handshake...
[2026-09-12 20:37:58][INFO]   Gate: 119.8.213.131:4000
[2026-09-12 20:37:58][INFO]   UID: 10600743 Server: koh_game_26
[2026-09-12 20:37:58][INFO] [Login] ✓ johan2003@yopmail.com → Gate 119.8.213.131:4000 uid=10600743
[2026-09-12 20:37:58][INFO]   Handshake resp: 200 challenge success
[2026-09-12 20:37:58][INFO]   Challenge: 8mkK777Umls=
[2026-09-12 20:37:58][INFO]   ClientKey sent: ScfeFsdTNHk=
[2026-09-12 20:37:58][INFO] DH Handshake...
[2026-09-12 20:37:58][INFO]   Token sent
[2026-09-12 20:37:58][INFO] DH Handshake...
[2026-09-12 20:37:58][INFO]   Challenge: uvJtw8MkWzY=
[2026-09-12 20:37:58][INFO]   ClientKey sent: bYqUsEojOss=
[2026-09-12 20:37:58][INFO] 📋 تم تحميل 16 حساب من session_cache.json
[2026-09-12 20:37:58][INFO]   Challenge: 6ZCIcf8kBLo=
[2026-09-12 20:37:58][INFO]   ClientKey sent: bn5h/om0tmA=
[2026-09-12 20:37:58][INFO]   ServerKey: ghTFpK6GjeE=
[2026-09-12 20:37:58][INFO]   Secret: e2ef405540d8f3d1
[2026-09-12 20:37:58][INFO]   HMAC sent: HmUHBjRGWjk=
[2026-09-12 20:37:58][INFO] ✅ تم تحميل إعدادات Firebase من: E:\osmanli\.bot_config_e4tWS8v10m2nDHyzad0M.json
[2026-09-12 20:37:58][INFO] 📋 تم تحميل 16 حساب من session_cache.json
[2026-09-12 20:37:58][INFO] 🔁 وضع التشغيل المستمر نشط — دورة كل 90 دقيقة
[2026-09-12 20:37:58][INFO]   📅 مهام مُجدوَلة (9 مهمة):
     • research: {'times_per_day': 2} | آخر تشغيل: لم تُشغَّل بعد
     • tactics_hall: {'times_per_day': 2} | آخر تشغيل: لم تُشغَّل بعد
     • fountain: {'times_per_day': 2} | آخر تشغيل: لم تُشغَّل بعد
     • material_workshop: {'times_per_day': 2} | آخر تشغيل: لم تُشغَّل بعد
     • caravan: {'times_per_day': 2} | آخر تشغيل: لم تُشغَّل بعد
     • port_delegate: {'times_per_day': 3} | آخر تشغيل: لم تُشغَّل بعد
     • savings_bank: {'times_per_day': 1} | آخر تشغيل: لم تُشغَّل بعد
     • building: {'times_per_day': 1} | آخر تشغيل: لم تُشغَّل بعد
     • prestige: {'hours': [3]} | آخر تشغيل: لم تُشغَّل بعد
[2026-09-12 20:37:58][INFO] 🔄 دورة رقم #1 — بدأت 2026-09-12 20:37:58
[2026-09-12 20:37:58][INFO] 🔐 [تسجيل الدخول] بدء الاتصال بالحساب: johan2003@yopmail.com...
[2026-09-12 20:37:58][INFO]   Auth resp: 406 Not Acceptable
[2026-09-12 20:37:58][ERROR] [Login] johan2003@yopmail.com: SDK token error - sessionId منتهي الصلاحية
[2026-09-12 20:37:58][ERROR] ❌ [تسجيل الدخول] فشل الاتصال بالحساب johan2003@yopmail.com!
[2026-09-12 20:37:58][INFO] 🔒 تم إغلاق اتصال الحساب johan2003@yopmail.com بأمان.
[2026-09-12 20:37:58][INFO]   Challenge: 3h9VA3uL7As=
[2026-09-12 20:37:58][INFO] ✅ انتهت الدورة #1 في 1ث — الدورة القادمة الساعة: 22:07:57
[2026-09-12 20:37:58][INFO] 💤 انتظار 90.0 دقيقة...
[2026-09-12 20:37:58][INFO]   ClientKey sent: yS1Vt1qKoqE=
[2026-09-12 20:37:58][INFO]   ServerKey: az1Rifcp3CY=
[2026-09-12 20:37:58][ERROR] [Gate] Handshake failed: b'404 User Not Found'
[2026-09-12 20:37:58][INFO]   Secret: f0384f552b50accf
[2026-09-12 20:37:58][ERROR] ❌ [تسجيل الدخول] فشل الاتصال بالحساب johan2003@yopmail.com!
[2026-09-12 20:37:58][INFO]   HMAC sent: HcaH4MKvNL4=
[2026-09-12 20:37:58][INFO] 🔒 تم إغلاق اتصال الحساب johan2003@yopmail.com بأمان.
[2026-09-12 20:37:58][INFO] ✅ انتهت الدورة #1 في 1ث — الدورة القادمة الساعة: 22:07:57
[2026-09-12 20:37:58][INFO] 💤 انتظار 90.0 دقيقة...
[2026-09-12 20:37:58][INFO] Login Server: 119.8.212.255:10000
[2026-09-12 20:37:58][INFO]   ServerKey: yqpn6HNh8eU=
[2026-09-12 20:37:58][INFO]   Handshake resp: 200 challenge success
[2026-09-12 20:37:58][INFO]   Secret: 1afcfe06af560005
[2026-09-12 20:37:58][INFO]   HMAC sent: 2aCUj/xvSKs=
[2026-09-12 20:37:58][INFO]   Token sent
[2026-09-12 20:37:58][INFO]   ServerKey: FdulOOqsYss=
[2026-09-12 20:37:58][INFO]   Secret: c29a1ea0908c08f3
[2026-09-12 20:37:58][INFO]   HMAC sent: Jj5NhUUe3b4=
[2026-09-12 20:37:58][INFO]   Handshake resp: 200 challenge success
[2026-09-12 20:37:58][INFO] DH Handshake...
[2026-09-12 20:37:58][INFO]   Auth resp: 200 TWpVNUBhMjlvWDJkaGJXVmZNalk9QE1URTVMamd1TWpFekxqRXpNUT09QE5EQXdNQT09QE1qZ3hOalUzQE1UQTJNREEzTkRN
[2026-09-12 20:37:58][INFO]   Gate: 119.8.213.131:4000
[2026-09-12 20:37:58][INFO]   UID: 10600743 Server: koh_game_26
[2026-09-12 20:37:58][INFO] [Login] ✓ johan2003@yopmail.com → Gate 119.8.213.131:4000 uid=10600743
[2026-09-12 20:37:58][INFO]   Handshake resp: 200 challenge success
[2026-09-12 20:37:58][INFO]   Token sent
[2026-09-12 20:37:58][INFO]   Token sent
[2026-09-12 20:37:58][INFO]   Handshake resp: 200 challenge success
[2026-09-12 20:37:58][INFO]   Challenge: tg8VJ2unBYs=
[2026-09-12 20:37:58][INFO]   ClientKey sent: 4Zlkm0bJtgA=
[2026-09-12 20:37:58][INFO]   Token sent
[2026-09-12 20:37:58][INFO]   Auth resp: 406 Not Acceptable
[2026-09-12 20:37:58][ERROR] [Login] johan2003@yopmail.com: SDK token error - sessionId منتهي الصلاحية
[2026-09-12 20:37:58][ERROR] ❌ [تسجيل الدخول] فشل الاتصال بالحساب johan2003@yopmail.com!
[2026-09-12 20:37:58][INFO] 🔒 تم إغلاق اتصال الحساب johan2003@yopmail.com بأمان.
[2026-09-12 20:37:58][INFO] ✅ انتهت الدورة #1 في 1ث — الدورة القادمة الساعة: 22:07:58
[2026-09-12 20:37:58][INFO] 💤 انتظار 90.0 دقيقة...
[2026-09-12 20:37:58][INFO]   Auth resp: 406 Not Acceptable
[2026-09-12 20:37:58][ERROR] [Login] johan2003@yopmail.com: SDK token error - sessionId منتهي الصلاحية
[2026-09-12 20:37:58][ERROR] ❌ [تسجيل الدخول] فشل الاتصال بالحساب johan2003@yopmail.com!
[2026-09-12 20:37:58][INFO] 🔒 تم إغلاق اتصال الحساب johan2003@yopmail.com بأمان.
[2026-09-12 20:37:58][INFO] ✅ انتهت الدورة #1 في 1ث — الدورة القادمة الساعة: 22:07:58
[2026-09-12 20:37:58][INFO] 💤 انتظار 90.0 دقيقة...
[2026-09-12 20:37:58][INFO]   ServerKey: f9ZSjRWp2DI=
[2026-09-12 20:37:58][INFO]   Secret: f60fb3c17bf9d4fd
[2026-09-12 20:37:58][INFO]   HMAC sent: YHel38sgZQA=
[2026-09-12 20:37:58][ERROR] [Gate] Handshake failed: b'404 User Not Found'
[2026-09-12 20:37:58][ERROR] ❌ [تسجيل الدخول] فشل الاتصال بالحساب johan2003@yopmail.com!
[2026-09-12 20:37:58][INFO] 🔒 تم إغلاق اتصال الحساب johan2003@yopmail.com بأمان.
[2026-09-12 20:37:58][INFO] ✅ انتهت الدورة #1 في 1ث — الدورة القادمة الساعة: 22:07:57
[2026-09-12 20:37:58][INFO] 💤 انتظار 90.0 دقيقة...
[2026-09-12 20:37:58][INFO]   Auth resp: 406 Not Acceptable
[2026-09-12 20:37:58][ERROR] [Login] johan2003@yopmail.com: SDK token error - sessionId منتهي الصلاحية
[2026-09-12 20:37:58][ERROR] ❌ [تسجيل الدخول] فشل الاتصال بالحساب johan2003@yopmail.com!
[2026-09-12 20:37:58][INFO] 🔒 تم إغلاق اتصال الحساب johan2003@yopmail.com بأمان.
[2026-09-12 20:37:58][INFO] ✅ انتهت الدورة #1 في 1ث — الدورة القادمة الساعة: 22:07:58
[2026-09-12 20:37:58][INFO] 💤 انتظار 90.0 دقيقة...
[2026-09-12 20:37:58][INFO]   Auth resp: 200 TWpVNUBhMjlvWDJkaGJXVmZNalk9QE1URTVMamd1TWpFekxqRXpNUT09QE5EQXdNQT09QE1qZ3hOalU0QE1UQTJNREEzTkRN
[2026-09-12 20:37:58][INFO]   Gate: 119.8.213.131:4000
[2026-09-12 20:37:58][INFO]   UID: 10600743 Server: koh_game_26
[2026-09-12 20:37:58][INFO] [Login] ✓ johan2003@yopmail.com → Gate 119.8.213.131:4000 uid=10600743
[2026-09-12 20:37:58][INFO]   Handshake resp: 200 challenge success
[2026-09-12 20:37:58][INFO]   Token sent
[2026-09-12 20:37:58][INFO] 📋 تم تحميل 16 حساب من session_cache.json
[2026-09-12 20:37:59][INFO] 📋 تم تحميل 16 حساب من session_cache.json
[2026-09-12 20:37:59][INFO] ✅ تم تحميل إعدادات Firebase من: E:\osmanli\.bot_config_e4tWS8v10m2nDHyzad0M.json
[2026-09-12 20:37:59][INFO] ✅ تم تحميل إعدادات Firebase من: E:\osmanli\.bot_config_e4tWS8v10m2nDHyzad0M.json
[2026-09-12 20:37:59][INFO] 📋 تم تحميل 16 حساب من session_cache.json
[2026-09-12 20:37:59][INFO] 📋 تم تحميل 16 حساب من session_cache.json
[2026-09-12 20:37:59][INFO] 🔁 وضع التشغيل المستمر نشط — دورة كل 90 دقيقة
[2026-09-12 20:37:59][INFO]   📅 مهام مُجدوَلة (9 مهمة):
     • research: {'times_per_day': 2} | آخر تشغيل: لم تُشغَّل بعد
     • tactics_hall: {'times_per_day': 2} | آخر تشغيل: لم تُشغَّل بعد
     • fountain: {'times_per_day': 2} | آخر تشغيل: لم تُشغَّل بعد
     • material_workshop: {'times_per_day': 2} | آخر تشغيل: لم تُشغَّل بعد
     • caravan: {'times_per_day': 2} | آخر تشغيل: لم تُشغَّل بعد
     • port_delegate: {'times_per_day': 3} | آخر تشغيل: لم تُشغَّل بعد
     • savings_bank: {'times_per_day': 1} | آخر تشغيل: لم تُشغَّل بعد
     • building: {'times_per_day': 1} | آخر تشغيل: لم تُشغَّل بعد
     • prestige: {'hours': [3]} | آخر تشغيل: لم تُشغَّل بعد
[2026-09-12 20:37:59][INFO] 🔄 دورة رقم #1 — بدأت 2026-09-12 20:37:59
[2026-09-12 20:37:59][INFO] 🔐 [تسجيل الدخول] بدء الاتصال بالحساب: johan2003@yopmail.com...
[2026-09-12 20:37:59][INFO] 🔁 وضع التشغيل المستمر نشط — دورة كل 90 دقيقة
[2026-09-12 20:37:59][INFO]   📅 مهام مُجدوَلة (9 مهمة):
     • research: {'times_per_day': 2} | آخر تشغيل: لم تُشغَّل بعد
     • tactics_hall: {'times_per_day': 2} | آخر تشغيل: لم تُشغَّل بعد
     • fountain: {'times_per_day': 2} | آخر تشغيل: لم تُشغَّل بعد
     • material_workshop: {'times_per_day': 2} | آخر تشغيل: لم تُشغَّل بعد
     • caravan: {'times_per_day': 2} | آخر تشغيل: لم تُشغَّل بعد
     • port_delegate: {'times_per_day': 3} | آخر تشغيل: لم تُشغَّل بعد
     • savings_bank: {'times_per_day': 1} | آخر تشغيل: لم تُشغَّل بعد
     • building: {'times_per_day': 1} | آخر تشغيل: لم تُشغَّل بعد
     • prestige: {'hours': [3]} | آخر تشغيل: لم تُشغَّل بعد
[2026-09-12 20:37:59][INFO] 🔄 دورة رقم #1 — بدأت 2026-09-12 20:37:59
[2026-09-12 20:37:59][INFO] 🔐 [تسجيل الدخول] بدء الاتصال بالحساب: johan2003@yopmail.com...
[2026-09-12 20:37:59][INFO] Login Server: 119.8.212.255:10000
[2026-09-12 20:37:59][INFO] Login Server: 119.8.212.255:10000
[2026-09-12 20:37:59][INFO] [Gate] ✓ 119.8.213.131:4000 uid=10600743
[2026-09-12 20:37:59][INFO] ⏳ انتظار مزامنة الحزم الأولية من السيرفر...
[2026-09-12 20:37:59][WARNING] [Gate] ⚠️ انقطع الاتصال بالحساب (السبب: other_device)
[2026-09-12 20:37:59][WARNING] ⚠️ [تنبيه السيرفر] انقطع اتصال الحساب johan2003@yopmail.com (السبب: other_device)
[2026-09-12 20:37:59][INFO] DH Handshake...
[2026-09-12 20:37:59][INFO] DH Handshake...
[2026-09-12 20:37:59][INFO]   Challenge: HmKQi373T0I=
[2026-09-12 20:37:59][INFO]   ClientKey sent: oOemBAx4l5k=
[2026-09-12 20:37:59][INFO]   Challenge: NRyO1NqdOMk=
[2026-09-12 20:37:59][INFO]   ClientKey sent: NSNfWV32T44=
[2026-09-12 20:37:59][INFO] 📋 تم تحميل 16 حساب من session_cache.json
[2026-09-12 20:37:59][INFO]   ServerKey: BJ86UMgubvc=
[2026-09-12 20:37:59][INFO]   Secret: 25759ae7f226f52c
[2026-09-12 20:37:59][INFO]   HMAC sent: NanBi6joTH4=
[2026-09-12 20:37:59][INFO] 📋 تم تحميل 16 حساب من session_cache.json
[2026-09-12 20:37:59][INFO] ✅ تم تحميل إعدادات Firebase من: E:\osmanli\.bot_config_e4tWS8v10m2nDHyzad0M.json
[2026-09-12 20:37:59][INFO] 📋 تم تحميل 16 حساب من session_cache.json
[2026-09-12 20:37:59][INFO] 🔁 وضع التشغيل المستمر نشط — دورة كل 90 دقيقة
[2026-09-12 20:37:59][INFO]   📅 مهام مُجدوَلة (9 مهمة):
     • research: {'times_per_day': 2} | آخر تشغيل: لم تُشغَّل بعد
     • tactics_hall: {'times_per_day': 2} | آخر تشغيل: لم تُشغَّل بعد
     • fountain: {'times_per_day': 2} | آخر تشغيل: لم تُشغَّل بعد
     • material_workshop: {'times_per_day': 2} | آخر تشغيل: لم تُشغَّل بعد
     • caravan: {'times_per_day': 2} | آخر تشغيل: لم تُشغَّل بعد
     • port_delegate: {'times_per_day': 3} | آخر تشغيل: لم تُشغَّل بعد
     • savings_bank: {'times_per_day': 1} | آخر تشغيل: لم تُشغَّل بعد
     • building: {'times_per_day': 1} | آخر تشغيل: لم تُشغَّل بعد
     • prestige: {'hours': [3]} | آخر تشغيل: لم تُشغَّل بعد
[2026-09-12 20:37:59][INFO] 🔄 دورة رقم #1 — بدأت 2026-09-12 20:37:59
[2026-09-12 20:37:59][INFO] 🔐 [تسجيل الدخول] بدء الاتصال بالحساب: johan2003@yopmail.com...
[2026-09-12 20:37:59][INFO] ✅ تم تحميل إعدادات Firebase من: E:\osmanli\.bot_config_e4tWS8v10m2nDHyzad0M.json
[2026-09-12 20:37:59][INFO]   ServerKey: 0zQM83sPCj8=
[2026-09-12 20:37:59][INFO]   Secret: 3c683efd29c99e5a
[2026-09-12 20:37:59][INFO]   HMAC sent: 9PKfsiZCiCc=
[2026-09-12 20:37:59][INFO]   Auth resp: 200 TWpVNUBhMjlvWDJkaGJXVmZNalk9QE1URTVMamd1TWpFekxqRXpNUT09QE5EQXdNQT09QE1qZ3hOalU1QE1UQTJNREEzTkRN
[2026-09-12 20:37:59][INFO]   Gate: 119.8.213.131:4000
[2026-09-12 20:37:59][INFO]   UID: 10600743 Server: koh_game_26
[2026-09-12 20:37:59][INFO] [Login] ✓ johan2003@yopmail.com → Gate 119.8.213.131:4000 uid=10600743
[2026-09-12 20:37:59][INFO] 📋 تم تحميل 16 حساب من session_cache.json
[2026-09-12 20:37:59][INFO] 🔁 وضع التشغيل المستمر نشط — دورة كل 90 دقيقة
[2026-09-12 20:37:59][INFO]   📅 مهام مُجدوَلة (9 مهمة):
     • research: {'times_per_day': 2} | آخر تشغيل: لم تُشغَّل بعد
     • tactics_hall: {'times_per_day': 2} | آخر تشغيل: لم تُشغَّل بعد
     • fountain: {'times_per_day': 2} | آخر تشغيل: لم تُشغَّل بعد
     • material_workshop: {'times_per_day': 2} | آخر تشغيل: لم تُشغَّل بعد
     • caravan: {'times_per_day': 2} | آخر تشغيل: لم تُشغَّل بعد
     • port_delegate: {'times_per_day': 3} | آخر تشغيل: لم تُشغَّل بعد
     • savings_bank: {'times_per_day': 1} | آخر تشغيل: لم تُشغَّل بعد
     • building: {'times_per_day': 1} | آخر تشغيل: لم تُشغَّل بعد
     • prestige: {'hours': [3]} | آخر تشغيل: لم تُشغَّل بعد
[2026-09-12 20:37:59][INFO] 🔄 دورة رقم #1 — بدأت 2026-09-12 20:37:59
[2026-09-12 20:37:59][INFO] 🔐 [تسجيل الدخول] بدء الاتصال بالحساب: johan2003@yopmail.com...
[2026-09-12 20:37:59][INFO] 📋 تم تحميل 16 حساب من session_cache.json
[2026-09-12 20:37:59][INFO] ✅ تم تحميل إعدادات Firebase من: E:\osmanli\.bot_config_e4tWS8v10m2nDHyzad0M.json
[2026-09-12 20:37:59][INFO] 📋 تم تحميل 16 حساب من session_cache.json
[2026-09-12 20:37:59][INFO] 🔁 وضع التشغيل المستمر نشط — دورة كل 90 دقيقة
[2026-09-12 20:37:59][INFO]   📅 مهام مُجدوَلة (9 مهمة):
     • research: {'times_per_day': 2} | آخر تشغيل: لم تُشغَّل بعد
     • tactics_hall: {'times_per_day': 2} | آخر تشغيل: لم تُشغَّل بعد
     • fountain: {'times_per_day': 2} | آخر تشغيل: لم تُشغَّل بعد
     • material_workshop: {'times_per_day': 2} | آخر تشغيل: لم تُشغَّل بعد
     • caravan: {'times_per_day': 2} | آخر تشغيل: لم تُشغَّل بعد
     • port_delegate: {'times_per_day': 3} | آخر تشغيل: لم تُشغَّل بعد
     • savings_bank: {'times_per_day': 1} | آخر تشغيل: لم تُشغَّل بعد
     • building: {'times_per_day': 1} | آخر تشغيل: لم تُشغَّل بعد
     • prestige: {'hours': [3]} | آخر تشغيل: لم تُشغَّل بعد
[2026-09-12 20:37:59][INFO] 🔄 دورة رقم #1 — بدأت 2026-09-12 20:37:59
[2026-09-12 20:37:59][INFO] 🔐 [تسجيل الدخول] بدء الاتصال بالحساب: johan2003@yopmail.com...
[2026-09-12 20:37:59][INFO]   Handshake resp: 200 challenge success
[2026-09-12 20:37:59][INFO] Login Server: 119.8.212.255:10000
[2026-09-12 20:37:59][INFO]   Token sent
[2026-09-12 20:37:59][INFO] Login Server: 119.8.212.255:10000
[2026-09-12 20:37:59][INFO]   Handshake resp: 200 challenge success
[2026-09-12 20:37:59][INFO] Login Server: 119.8.212.255:10000
[2026-09-12 20:37:59][INFO]   Token sent
[2026-09-12 20:37:59][INFO] DH Handshake...
[2026-09-12 20:37:59][INFO] DH Handshake...
[2026-09-12 20:37:59][INFO] [Gate] ✓ 119.8.213.131:4000 uid=10600743
[2026-09-12 20:37:59][INFO] ⏳ انتظار مزامنة الحزم الأولية من السيرفر...
[2026-09-12 20:37:59][INFO] 📋 تم تحميل 16 حساب من session_cache.json
[2026-09-12 20:37:59][INFO] DH Handshake...
[2026-09-12 20:37:59][INFO]   Auth resp: 406 Not Acceptable
[2026-09-12 20:37:59][ERROR] [Login] johan2003@yopmail.com: SDK token error - sessionId منتهي الصلاحية
[2026-09-12 20:37:59][ERROR] ❌ [تسجيل الدخول] فشل الاتصال بالحساب johan2003@yopmail.com!
[2026-09-12 20:37:59][INFO] 🔒 تم إغلاق اتصال الحساب johan2003@yopmail.com بأمان.
[2026-09-12 20:37:59][INFO] ✅ انتهت الدورة #1 في 1ث — الدورة القادمة الساعة: 22:07:59
[2026-09-12 20:37:59][INFO] 💤 انتظار 90.0 دقيقة...
[2026-09-12 20:37:59][WARNING] [Gate] ⚠️ انقطع الاتصال بالحساب (السبب: other_device)
[2026-09-12 20:37:59][WARNING] ⚠️ [تنبيه السيرفر] انقطع اتصال الحساب johan2003@yopmail.com (السبب: other_device)
[2026-09-12 20:37:59][INFO]   Challenge: ePNff9ZW5pY=
[2026-09-12 20:37:59][INFO]   ClientKey sent: 1f/MbiWMkFE=
[2026-09-12 20:37:59][INFO] ✅ تم تحميل إعدادات Firebase من: E:\osmanli\.bot_config_e4tWS8v10m2nDHyzad0M.json
[2026-09-12 20:37:59][INFO] 📋 تم تحميل 16 حساب من session_cache.json
[2026-09-12 20:37:59][INFO] 🔁 وضع التشغيل المستمر نشط — دورة كل 90 دقيقة
[2026-09-12 20:37:59][INFO]   📅 مهام مُجدوَلة (9 مهمة):
     • research: {'times_per_day': 2} | آخر تشغيل: لم تُشغَّل بعد
     • tactics_hall: {'times_per_day': 2} | آخر تشغيل: لم تُشغَّل بعد
     • fountain: {'times_per_day': 2} | آخر تشغيل: لم تُشغَّل بعد
     • material_workshop: {'times_per_day': 2} | آخر تشغيل: لم تُشغَّل بعد
     • caravan: {'times_per_day': 2} | آخر تشغيل: لم تُشغَّل بعد
     • port_delegate: {'times_per_day': 3} | آخر تشغيل: لم تُشغَّل بعد
     • savings_bank: {'times_per_day': 1} | آخر تشغيل: لم تُشغَّل بعد
     • building: {'times_per_day': 1} | آخر تشغيل: لم تُشغَّل بعد
     • prestige: {'hours': [3]} | آخر تشغيل: لم تُشغَّل بعد
[2026-09-12 20:37:59][INFO] 🔄 دورة رقم #1 — بدأت 2026-09-12 20:37:59
[2026-09-12 20:37:59][INFO] 🔐 [تسجيل الدخول] بدء الاتصال بالحساب: johan2003@yopmail.com...
[2026-09-12 20:37:59][INFO] 📋 تم تحميل 16 حساب من session_cache.json
[2026-09-12 20:37:59][INFO]   Challenge: AzFbX806Wqk=
[2026-09-12 20:37:59][INFO]   ClientKey sent: d+TsTb4sRAg=
[2026-09-12 20:37:59][INFO] 📋 تم تحميل 16 حساب من session_cache.json
[2026-09-12 20:37:59][INFO] 📋 تم تحميل 16 حساب من session_cache.json
[2026-09-12 20:37:59][INFO]   Challenge: 0W/0wUqSfsI=
[2026-09-12 20:37:59][INFO]   ClientKey sent: VWLYgOlM2BA=
[2026-09-12 20:37:59][INFO] ✅ تم تحميل إعدادات Firebase من: E:\osmanli\.bot_config_e4tWS8v10m2nDHyzad0M.json
[2026-09-12 20:37:59][INFO] 📋 تم تحميل 16 حساب من session_cache.json
[2026-09-12 20:37:59][INFO] 🔁 وضع التشغيل المستمر نشط — دورة كل 90 دقيقة
[2026-09-12 20:37:59][INFO]   📅 مهام مُجدوَلة (9 مهمة):
     • research: {'times_per_day': 2} | آخر تشغيل: لم تُشغَّل بعد
     • tactics_hall: {'times_per_day': 2} | آخر تشغيل: لم تُشغَّل بعد
     • fountain: {'times_per_day': 2} | آخر تشغيل: لم تُشغَّل بعد
     • material_workshop: {'times_per_day': 2} | آخر تشغيل: لم تُشغَّل بعد
     • caravan: {'times_per_day': 2} | آخر تشغيل: لم تُشغَّل بعد
     • port_delegate: {'times_per_day': 3} | آخر تشغيل: لم تُشغَّل بعد
     • savings_bank: {'times_per_day': 1} | آخر تشغيل: لم تُشغَّل بعد
     • building: {'times_per_day': 1} | آخر تشغيل: لم تُشغَّل بعد
     • prestige: {'hours': [3]} | آخر تشغيل: لم تُشغَّل بعد
[2026-09-12 20:37:59][INFO] 🔄 دورة رقم #1 — بدأت 2026-09-12 20:37:59
[2026-09-12 20:37:59][INFO] 🔐 [تسجيل الدخول] بدء الاتصال بالحساب: johan2003@yopmail.com...
[2026-09-12 20:37:59][INFO]   ServerKey: hbrvU+V7AhU=
[2026-09-12 20:37:59][INFO]   Secret: 193aca093edf071a
[2026-09-12 20:37:59][INFO]   HMAC sent: /VgY6bBrxtI=
[2026-09-12 20:37:59][INFO]   ServerKey: 1478Z/Kn9zc=
[2026-09-12 20:37:59][INFO]   Secret: 23ea54d42f9e5e26
[2026-09-12 20:37:59][INFO]   HMAC sent: qOow7pmhfX0=
[2026-09-12 20:37:59][INFO]   Auth resp: 200 TWpVNUBhMjlvWDJkaGJXVmZNalk9QE1URTVMamd1TWpFekxqRXpNUT09QE5EQXdNQT09QE1qZ3hOall4QE1UQTJNREEzTkRN
[2026-09-12 20:37:59][INFO]   Gate: 119.8.213.131:4000
[2026-09-12 20:37:59][INFO]   UID: 10600743 Server: koh_game_26
[2026-09-12 20:37:59][INFO] [Login] ✓ johan2003@yopmail.com → Gate 119.8.213.131:4000 uid=10600743
[2026-09-12 20:37:59][INFO] Login Server: 119.8.212.255:10000
[2026-09-12 20:37:59][INFO]   ServerKey: Oi3sySuqutU=
[2026-09-12 20:37:59][INFO]   Secret: 3fdae1c51156b313
[2026-09-12 20:37:59][INFO]   HMAC sent: WSnq7TefGmM=
[2026-09-12 20:37:59][INFO] ✅ تم تحميل إعدادات Firebase من: E:\osmanli\.bot_config_e4tWS8v10m2nDHyzad0M.json
[2026-09-12 20:37:59][INFO] ✅ تم تحميل إعدادات Firebase من: E:\osmanli\.bot_config_e4tWS8v10m2nDHyzad0M.json
[2026-09-12 20:37:59][INFO] 📋 تم تحميل 16 حساب من session_cache.json
[2026-09-12 20:37:59][INFO] 📋 تم تحميل 16 حساب من session_cache.json
[2026-09-12 20:37:59][INFO] 🔁 وضع التشغيل المستمر نشط — دورة كل 90 دقيقة
[2026-09-12 20:37:59][INFO]   📅 مهام مُجدوَلة (9 مهمة):
     • research: {'times_per_day': 2} | آخر تشغيل: لم تُشغَّل بعد
     • tactics_hall: {'times_per_day': 2} | آخر تشغيل: لم تُشغَّل بعد
     • fountain: {'times_per_day': 2} | آخر تشغيل: لم تُشغَّل بعد
     • material_workshop: {'times_per_day': 2} | آخر تشغيل: لم تُشغَّل بعد
     • caravan: {'times_per_day': 2} | آخر تشغيل: لم تُشغَّل بعد
     • port_delegate: {'times_per_day': 3} | آخر تشغيل: لم تُشغَّل بعد
     • savings_bank: {'times_per_day': 1} | آخر تشغيل: لم تُشغَّل بعد
     • building: {'times_per_day': 1} | آخر تشغيل: لم تُشغَّل بعد
     • prestige: {'hours': [3]} | آخر تشغيل: لم تُشغَّل بعد
[2026-09-12 20:37:59][INFO] 🔁 وضع التشغيل المستمر نشط — دورة كل 90 دقيقة
[2026-09-12 20:37:59][INFO] 🔄 دورة رقم #1 — بدأت 2026-09-12 20:37:59
[2026-09-12 20:37:59][INFO] 🔐 [تسجيل الدخول] بدء الاتصال بالحساب: johan2003@yopmail.com...
[2026-09-12 20:37:59][INFO]   📅 مهام مُجدوَلة (9 مهمة):
     • research: {'times_per_day': 2} | آخر تشغيل: لم تُشغَّل بعد
     • tactics_hall: {'times_per_day': 2} | آخر تشغيل: لم تُشغَّل بعد
     • fountain: {'times_per_day': 2} | آخر تشغيل: لم تُشغَّل بعد
     • material_workshop: {'times_per_day': 2} | آخر تشغيل: لم تُشغَّل بعد
     • caravan: {'times_per_day': 2} | آخر تشغيل: لم تُشغَّل بعد
     • port_delegate: {'times_per_day': 3} | آخر تشغيل: لم تُشغَّل بعد
     • savings_bank: {'times_per_day': 1} | آخر تشغيل: لم تُشغَّل بعد
     • building: {'times_per_day': 1} | آخر تشغيل: لم تُشغَّل بعد
     • prestige: {'hours': [3]} | آخر تشغيل: لم تُشغَّل بعد
[2026-09-12 20:37:59][INFO] 🔄 دورة رقم #1 — بدأت 2026-09-12 20:37:59
[2026-09-12 20:37:59][INFO] 🔐 [تسجيل الدخول] بدء الاتصال بالحساب: johan2003@yopmail.com...
[2026-09-12 20:37:59][INFO]   Handshake resp: 200 challenge success
[2026-09-12 20:37:59][INFO]   Handshake resp: 200 challenge success
[2026-09-12 20:37:59][INFO] DH Handshake...
[2026-09-12 20:37:59][INFO]   Token sent
[2026-09-12 20:37:59][INFO]   Token sent
[2026-09-12 20:37:59][INFO] 📋 تم تحميل 16 حساب من session_cache.json
[2026-09-12 20:37:59][INFO] Login Server: 119.8.212.255:10000
[2026-09-12 20:37:59][INFO] Login Server: 119.8.212.255:10000
[2026-09-12 20:37:59][INFO]   Handshake resp: 200 challenge success
[2026-09-12 20:37:59][INFO] Login Server: 119.8.212.255:10000
[2026-09-12 20:38:00][INFO] 📋 تم تحميل 16 حساب من session_cache.json
[2026-09-12 20:38:00][INFO] ✅ تم تحميل إعدادات Firebase من: E:\osmanli\.bot_config_e4tWS8v10m2nDHyzad0M.json
[2026-09-12 20:38:00][INFO] 📋 تم تحميل 16 حساب من session_cache.json
[2026-09-12 20:38:00][INFO] 🔁 وضع التشغيل المستمر نشط — دورة كل 90 دقيقة
[2026-09-12 20:38:00][INFO]   📅 مهام مُجدوَلة (9 مهمة):
     • research: {'times_per_day': 2} | آخر تشغيل: لم تُشغَّل بعد
     • tactics_hall: {'times_per_day': 2} | آخر تشغيل: لم تُشغَّل بعد
     • fountain: {'times_per_day': 2} | آخر تشغيل: لم تُشغَّل بعد
     • material_workshop: {'times_per_day': 2} | آخر تشغيل: لم تُشغَّل بعد
     • caravan: {'times_per_day': 2} | آخر تشغيل: لم تُشغَّل بعد
     • port_delegate: {'times_per_day': 3} | آخر تشغيل: لم تُشغَّل بعد
     • savings_bank: {'times_per_day': 1} | آخر تشغيل: لم تُشغَّل بعد
     • building: {'times_per_day': 1} | آخر تشغيل: لم تُشغَّل بعد
     • prestige: {'hours': [3]} | آخر تشغيل: لم تُشغَّل بعد
[2026-09-12 20:38:00][INFO] 🔄 دورة رقم #1 — بدأت 2026-09-12 20:38:00
[2026-09-12 20:38:00][INFO] 🔐 [تسجيل الدخول] بدء الاتصال بالحساب: johan2003@yopmail.com...
[2026-09-12 20:38:00][INFO]   Token sent
[2026-09-12 20:38:00][INFO]   Challenge: HBLLvTGvua8=
[2026-09-12 20:38:00][INFO] [Gate] ✓ 119.8.213.131:4000 uid=10600743
[2026-09-12 20:38:00][INFO]   ClientKey sent: 3COViEcgmiU=
[2026-09-12 20:38:00][INFO] ⏳ انتظار مزامنة الحزم الأولية من السيرفر...
[2026-09-12 20:38:00][INFO] ✅ تم تحميل إعدادات Firebase من: E:\osmanli\.bot_config_e4tWS8v10m2nDHyzad0M.json
[2026-09-12 20:38:00][INFO] 📋 تم تحميل 16 حساب من session_cache.json
[2026-09-12 20:38:00][INFO] 🔁 وضع التشغيل المستمر نشط — دورة كل 90 دقيقة
[2026-09-12 20:38:00][INFO]   📅 مهام مُجدوَلة (9 مهمة):
     • research: {'times_per_day': 2} | آخر تشغيل: لم تُشغَّل بعد
     • tactics_hall: {'times_per_day': 2} | آخر تشغيل: لم تُشغَّل بعد
     • fountain: {'times_per_day': 2} | آخر تشغيل: لم تُشغَّل بعد
     • material_workshop: {'times_per_day': 2} | آخر تشغيل: لم تُشغَّل بعد
     • caravan: {'times_per_day': 2} | آخر تشغيل: لم تُشغَّل بعد
     • port_delegate: {'times_per_day': 3} | آخر تشغيل: لم تُشغَّل بعد
     • savings_bank: {'times_per_day': 1} | آخر تشغيل: لم تُشغَّل بعد
     • building: {'times_per_day': 1} | آخر تشغيل: لم تُشغَّل بعد
     • prestige: {'hours': [3]} | آخر تشغيل: لم تُشغَّل بعد
[2026-09-12 20:38:00][INFO] 🔄 دورة رقم #1 — بدأت 2026-09-12 20:38:00
[2026-09-12 20:38:00][INFO] 🔐 [تسجيل الدخول] بدء الاتصال بالحساب: johan2003@yopmail.com...
[2026-09-12 20:38:00][INFO] DH Handshake...
[2026-09-12 20:38:00][INFO] DH Handshake...
[2026-09-12 20:38:00][INFO] DH Handshake...
[2026-09-12 20:38:00][INFO]   Auth resp: 406 Not Acceptable
[2026-09-12 20:38:00][ERROR] [Login] johan2003@yopmail.com: SDK token error - sessionId منتهي الصلاحية
[2026-09-12 20:38:00][ERROR] ❌ [تسجيل الدخول] فشل الاتصال بالحساب johan2003@yopmail.com!
[2026-09-12 20:38:00][INFO] 🔒 تم إغلاق اتصال الحساب johan2003@yopmail.com بأمان.
[2026-09-12 20:38:00][INFO] ✅ انتهت الدورة #1 في 1ث — الدورة القادمة الساعة: 22:07:59
[2026-09-12 20:38:00][INFO] 💤 انتظار 90.0 دقيقة...
[2026-09-12 20:38:00][INFO] Login Server: 119.8.212.255:10000
[2026-09-12 20:38:00][INFO] ✅ [تسجيل الدخول] تم الاتصال والمصافحة بنجاح 100%!
[2026-09-12 20:38:00][INFO] 🔍 [الاستعلام الشامل] جلب كافة بيانات ومعلومات الحساب من السيرفر...
[2026-09-12 20:38:00][WARNING] ⚠️ تم رصد انقطاع الاتصال قبل بدء المهمة [🌾 حصد مزارع المدينة (City Harvest)] (السبب: دخول شخص آخر إلى الحساب (Other Device Login))
[2026-09-12 20:38:00][WARNING] ⚠️ [انقطاع الاتصال] تم رصد انقطاع الاتصال بالحساب (السبب: دخول شخص آخر إلى الحساب (Other Device Login))!
[2026-09-12 20:38:00][WARNING] ⏳ سيتوقف البوت مؤقتاً وينتظر 60 ثانية (دقيقة واحدة) لإفساح المجال ثم إعادة الدخول...
[2026-09-12 20:38:00][INFO] ⏳ [المحاولة 1/10] انتظار 60 ثانية (دقيقة واحدة)...
[2026-09-12 20:38:00][INFO] ⏳ متبقي على إعادة محاولة الدخول: 60 ثانية...
[2026-09-12 20:38:00][INFO] 📋 تم تحميل 16 حساب من session_cache.json
[2026-09-12 20:38:00][WARNING] [Gate] ⚠️ انقطع الاتصال بالحساب (السبب: other_device)
[2026-09-12 20:38:00][WARNING] ⚠️ [تنبيه السيرفر] انقطع اتصال الحساب johan2003@yopmail.com (السبب: other_device)
[2026-09-12 20:38:00][INFO] Login Server: 119.8.212.255:10000
[2026-09-12 20:38:00][INFO]   Auth resp: 406 Not Acceptable
[2026-09-12 20:38:00][INFO]   ServerKey: P7xNCVXHfPs=
[2026-09-12 20:38:00][INFO]   Secret: 09ee2a7040bac0e9
[2026-09-12 20:38:00][INFO]   HMAC sent: eHgFa+nv3gQ=
[2026-09-12 20:38:00][INFO] ✅ تم تحميل إعدادات Firebase من: E:\osmanli\.bot_config_e4tWS8v10m2nDHyzad0M.json
[2026-09-12 20:38:00][INFO] 📋 تم تحميل 16 حساب من session_cache.json
[2026-09-12 20:38:00][INFO]   Challenge: rwSDaLPiVzo=
[2026-09-12 20:38:00][INFO]   Challenge: Id0+bvC/ebo=
[2026-09-12 20:38:00][INFO]   ClientKey sent: PtT3CRYW+hY=
[2026-09-12 20:38:00][INFO]   ClientKey sent: /IknXw2djtQ=
[2026-09-12 20:38:00][INFO] 🔁 وضع التشغيل المستمر نشط — دورة كل 90 دقيقة
[2026-09-12 20:38:00][INFO]   📅 مهام مُجدوَلة (9 مهمة):
     • research: {'times_per_day': 2} | آخر تشغيل: لم تُشغَّل بعد
     • tactics_hall: {'times_per_day': 2} | آخر تشغيل: لم تُشغَّل بعد
     • fountain: {'times_per_day': 2} | آخر تشغيل: لم تُشغَّل بعد
     • material_workshop: {'times_per_day': 2} | آخر تشغيل: لم تُشغَّل بعد
     • caravan: {'times_per_day': 2} | آخر تشغيل: لم تُشغَّل بعد
     • port_delegate: {'times_per_day': 3} | آخر تشغيل: لم تُشغَّل بعد
     • savings_bank: {'times_per_day': 1} | آخر تشغيل: لم تُشغَّل بعد
     • building: {'times_per_day': 1} | آخر تشغيل: لم تُشغَّل بعد
     • prestige: {'hours': [3]} | آخر تشغيل: لم تُشغَّل بعد
[2026-09-12 20:38:00][INFO] 🔄 دورة رقم #1 — بدأت 2026-09-12 20:38:00
[2026-09-12 20:38:00][INFO] 🔐 [تسجيل الدخول] بدء الاتصال بالحساب: johan2003@yopmail.com...
[2026-09-12 20:38:00][INFO] 📋 تم تحميل 16 حساب من session_cache.json
[2026-09-12 20:38:00][INFO] ✅ تم تحميل إعدادات Firebase من: E:\osmanli\.bot_config_e4tWS8v10m2nDHyzad0M.json
[2026-09-12 20:38:00][INFO] 📋 تم تحميل 16 حساب من session_cache.json
[2026-09-12 20:38:00][INFO] 🔁 وضع التشغيل المستمر نشط — دورة كل 90 دقيقة
[2026-09-12 20:38:00][INFO]   📅 مهام مُجدوَلة (9 مهمة):
     • research: {'times_per_day': 2} | آخر تشغيل: لم تُشغَّل بعد
     • tactics_hall: {'times_per_day': 2} | آخر تشغيل: لم تُشغَّل بعد
     • fountain: {'times_per_day': 2} | آخر تشغيل: لم تُشغَّل بعد
     • material_workshop: {'times_per_day': 2} | آخر تشغيل: لم تُشغَّل بعد
     • caravan: {'times_per_day': 2} | آخر تشغيل: لم تُشغَّل بعد
     • port_delegate: {'times_per_day': 3} | آخر تشغيل: لم تُشغَّل بعد
     • savings_bank: {'times_per_day': 1} | آخر تشغيل: لم تُشغَّل بعد
     • building: {'times_per_day': 1} | آخر تشغيل: لم تُشغَّل بعد
     • prestige: {'hours': [3]} | آخر تشغيل: لم تُشغَّل بعد
[2026-09-12 20:38:00][INFO] 🔄 دورة رقم #1 — بدأت 2026-09-12 20:38:00
[2026-09-12 20:38:00][INFO] 🔐 [تسجيل الدخول] بدء الاتصال بالحساب: johan2003@yopmail.com...
[2026-09-12 20:38:00][INFO] DH Handshake...
[2026-09-12 20:38:00][ERROR] [Login] johan2003@yopmail.com: SDK token error - sessionId منتهي الصلاحية
[2026-09-12 20:38:00][INFO]   Challenge: nE4KpA5rjRQ=
[2026-09-12 20:38:00][ERROR] ❌ [تسجيل الدخول] فشل الاتصال بالحساب johan2003@yopmail.com!
[2026-09-12 20:38:00][INFO]   ClientKey sent: O/vJb3eAgn0=
[2026-09-12 20:38:00][INFO] 🔒 تم إغلاق اتصال الحساب johan2003@yopmail.com بأمان.
[2026-09-12 20:38:00][INFO] ✅ انتهت الدورة #1 في 1ث — الدورة القادمة الساعة: 22:07:59
[2026-09-12 20:38:00][INFO] 💤 انتظار 90.0 دقيقة...
[2026-09-12 20:38:00][INFO] DH Handshake...
[2026-09-12 20:38:00][INFO]   Handshake resp: 200 challenge success
[2026-09-12 20:38:00][INFO] Login Server: 119.8.212.255:10000
[2026-09-12 20:38:00][INFO]   ServerKey: fOif1oQQWrI=
[2026-09-12 20:38:00][INFO]   Secret: aa942cbd84634957
[2026-09-12 20:38:00][INFO]   HMAC sent: wneGJrtE0RA=
[2026-09-12 20:38:00][INFO]   ServerKey: VcrpeYh155M=
[2026-09-12 20:38:00][INFO]   Secret: 00fd429f46b85e19
[2026-09-12 20:38:00][INFO]   HMAC sent: sKhxHUWO7sc=
[2026-09-12 20:38:00][INFO] Login Server: 119.8.212.255:10000
[2026-09-12 20:38:00][INFO]   Challenge: RIsdvUXMDMA=
[2026-09-12 20:38:00][INFO]   ServerKey: J7F5sHq8x/U=
[2026-09-12 20:38:00][INFO]   Secret: 5303605473b98619
[2026-09-12 20:38:00][INFO]   ClientKey sent: 0n2tlRx6cVg=
[2026-09-12 20:38:00][INFO]   HMAC sent: LOfKjFdWsE4=
[2026-09-12 20:38:00][INFO]   Challenge: hE0NDz1fHpU=
[2026-09-12 20:38:00][INFO]   ClientKey sent: 6d2RRASpIfw=
[2026-09-12 20:38:00][INFO] 📋 تم تحميل 16 حساب من session_cache.json
[2026-09-12 20:38:00][INFO]   Auth resp: 200 TWpVNUBhMjlvWDJkaGJXVmZNalk9QE1URTVMamd1TWpFekxqRXpNUT09QE5EQXdNQT09QE1qZ3hOall5QE1UQTJNREEzTkRN
[2026-09-12 20:38:00][INFO]   Gate: 119.8.213.131:4000
[2026-09-12 20:38:00][INFO]   UID: 10600743 Server: koh_game_26
[2026-09-12 20:38:00][INFO] [Login] ✓ johan2003@yopmail.com → Gate 119.8.213.131:4000 uid=10600743
[2026-09-12 20:38:00][INFO]   Handshake resp: 200 challenge success
[2026-09-12 20:38:00][INFO]   Handshake resp: 200 challenge success
[2026-09-12 20:38:00][INFO] DH Handshake...
[2026-09-12 20:38:00][INFO] 📋 تم تحميل 16 حساب من session_cache.json
[2026-09-12 20:38:00][INFO] ✅ تم تحميل إعدادات Firebase من: E:\osmanli\.bot_config_e4tWS8v10m2nDHyzad0M.json
[2026-09-12 20:38:00][INFO] 📋 تم تحميل 16 حساب من session_cache.json
[2026-09-12 20:38:00][INFO] ✅ تم تحميل إعدادات Firebase من: E:\osmanli\.bot_config_e4tWS8v10m2nDHyzad0M.json
[2026-09-12 20:38:00][INFO] 📋 تم تحميل 16 حساب من session_cache.json
[2026-09-12 20:38:00][INFO] 🔁 وضع التشغيل المستمر نشط — دورة كل 90 دقيقة
[2026-09-12 20:38:00][INFO]   📅 مهام مُجدوَلة (9 مهمة):
     • research: {'times_per_day': 2} | آخر تشغيل: لم تُشغَّل بعد
     • tactics_hall: {'times_per_day': 2} | آخر تشغيل: لم تُشغَّل بعد
     • fountain: {'times_per_day': 2} | آخر تشغيل: لم تُشغَّل بعد
     • material_workshop: {'times_per_day': 2} | آخر تشغيل: لم تُشغَّل بعد
     • caravan: {'times_per_day': 2} | آخر تشغيل: لم تُشغَّل بعد
     • port_delegate: {'times_per_day': 3} | آخر تشغيل: لم تُشغَّل بعد
     • savings_bank: {'times_per_day': 1} | آخر تشغيل: لم تُشغَّل بعد
     • building: {'times_per_day': 1} | آخر تشغيل: لم تُشغَّل بعد
     • prestige: {'hours': [3]} | آخر تشغيل: لم تُشغَّل بعد
[2026-09-12 20:38:00][INFO] 🔄 دورة رقم #1 — بدأت 2026-09-12 20:38:00
[2026-09-12 20:38:00][INFO] 🔁 وضع التشغيل المستمر نشط — دورة كل 90 دقيقة
[2026-09-12 20:38:00][INFO] 🔐 [تسجيل الدخول] بدء الاتصال بالحساب: johan2003@yopmail.com...
[2026-09-12 20:38:00][INFO]   📅 مهام مُجدوَلة (9 مهمة):
     • research: {'times_per_day': 2} | آخر تشغيل: لم تُشغَّل بعد
     • tactics_hall: {'times_per_day': 2} | آخر تشغيل: لم تُشغَّل بعد
     • fountain: {'times_per_day': 2} | آخر تشغيل: لم تُشغَّل بعد
     • material_workshop: {'times_per_day': 2} | آخر تشغيل: لم تُشغَّل بعد
     • caravan: {'times_per_day': 2} | آخر تشغيل: لم تُشغَّل بعد
     • port_delegate: {'times_per_day': 3} | آخر تشغيل: لم تُشغَّل بعد
     • savings_bank: {'times_per_day': 1} | آخر تشغيل: لم تُشغَّل بعد
     • building: {'times_per_day': 1} | آخر تشغيل: لم تُشغَّل بعد
     • prestige: {'hours': [3]} | آخر تشغيل: لم تُشغَّل بعد
[2026-09-12 20:38:00][INFO] 🔄 دورة رقم #1 — بدأت 2026-09-12 20:38:00
[2026-09-12 20:38:00][INFO] 🔐 [تسجيل الدخول] بدء الاتصال بالحساب: johan2003@yopmail.com...
[2026-09-12 20:38:00][INFO] DH Handshake...
[2026-09-12 20:38:00][INFO]   ServerKey: IGNmVpS5cRY=
[2026-09-12 20:38:00][INFO]   Secret: 3f2be0a5d9552a20
[2026-09-12 20:38:00][INFO]   HMAC sent: ry+5mf5YvKo=
[2026-09-12 20:38:00][INFO]   Handshake resp: 200 challenge success
[2026-09-12 20:38:00][INFO]   ServerKey: Nzz4yxEYh0c=
[2026-09-12 20:38:00][INFO]   Secret: e516ed3ee2f94adb
[2026-09-12 20:38:00][INFO]   HMAC sent: MjtIX4b53xk=
[2026-09-12 20:38:00][INFO]   Token sent
[2026-09-12 20:38:00][INFO]   Token sent
[2026-09-12 20:38:00][INFO]   Challenge: xEoPI2ikh3c=
[2026-09-12 20:38:00][INFO]   ClientKey sent: DzOG/njN1BA=
[2026-09-12 20:38:00][INFO] Login Server: 119.8.212.255:10000
[2026-09-12 20:38:00][INFO]   Challenge: 6SkTLBXge7U=
[2026-09-12 20:38:00][INFO]   ClientKey sent: vv9C/H94G7w=
[2026-09-12 20:38:00][INFO] 📋 تم تحميل 16 حساب من session_cache.json
[2026-09-12 20:38:00][INFO] 📋 تم تحميل 16 حساب من session_cache.json
[2026-09-12 20:38:00][INFO]   Token sent
[2026-09-12 20:38:00][INFO] ✅ تم تحميل إعدادات Firebase من: E:\osmanli\.bot_config_e4tWS8v10m2nDHyzad0M.json
[2026-09-12 20:38:00][INFO] 📋 تم تحميل 16 حساب من session_cache.json
[2026-09-12 20:38:00][INFO] 🔁 وضع التشغيل المستمر نشط — دورة كل 90 دقيقة
[2026-09-12 20:38:00][INFO]   📅 مهام مُجدوَلة (9 مهمة):
     • research: {'times_per_day': 2} | آخر تشغيل: لم تُشغَّل بعد
     • tactics_hall: {'times_per_day': 2} | آخر تشغيل: لم تُشغَّل بعد
     • fountain: {'times_per_day': 2} | آخر تشغيل: لم تُشغَّل بعد
     • material_workshop: {'times_per_day': 2} | آخر تشغيل: لم تُشغَّل بعد
     • caravan: {'times_per_day': 2} | آخر تشغيل: لم تُشغَّل بعد
     • port_delegate: {'times_per_day': 3} | آخر تشغيل: لم تُشغَّل بعد
     • savings_bank: {'times_per_day': 1} | آخر تشغيل: لم تُشغَّل بعد
     • building: {'times_per_day': 1} | آخر تشغيل: لم تُشغَّل بعد
     • prestige: {'hours': [3]} | آخر تشغيل: لم تُشغَّل بعد
[2026-09-12 20:38:00][INFO]   Handshake resp: 200 challenge success
[2026-09-12 20:38:00][INFO] 🔄 دورة رقم #1 — بدأت 2026-09-12 20:38:00
[2026-09-12 20:38:00][INFO] 🔐 [تسجيل الدخول] بدء الاتصال بالحساب: johan2003@yopmail.com...
[2026-09-12 20:38:00][INFO]   Handshake resp: 200 challenge success
[2026-09-12 20:38:00][INFO] [Gate] ✓ 119.8.213.131:4000 uid=10600743
[2026-09-12 20:38:00][INFO] ⏳ انتظار مزامنة الحزم الأولية من السيرفر...
[2026-09-12 20:38:00][INFO]   Auth resp: 406 Not Acceptable
[2026-09-12 20:38:00][ERROR] [Login] johan2003@yopmail.com: SDK token error - sessionId منتهي الصلاحية
[2026-09-12 20:38:00][ERROR] ❌ [تسجيل الدخول] فشل الاتصال بالحساب johan2003@yopmail.com!
[2026-09-12 20:38:00][INFO] Login Server: 119.8.212.255:10000
[2026-09-12 20:38:00][INFO] 🔒 تم إغلاق اتصال الحساب johan2003@yopmail.com بأمان.
[2026-09-12 20:38:00][INFO] ✅ انتهت الدورة #1 في 1ث — الدورة القادمة الساعة: 22:07:59
[2026-09-12 20:38:00][INFO] 💤 انتظار 90.0 دقيقة...
[2026-09-12 20:38:00][INFO]   ServerKey: bKty1lcBavQ=
[2026-09-12 20:38:00][INFO]   Secret: 90afc53ded8a0833
[2026-09-12 20:38:00][INFO]   HMAC sent: T5gynH88phI=
[2026-09-12 20:38:00][INFO]   Token sent
[2026-09-12 20:38:00][INFO]   Token sent
[2026-09-12 20:38:00][INFO]   Token sent
[2026-09-12 20:38:00][INFO] DH Handshake...
[2026-09-12 20:38:00][INFO]   ServerKey: Umo6V4lLWDE=
[2026-09-12 20:38:00][INFO]   Secret: 38d3ffd902224d69
[2026-09-12 20:38:00][INFO]   HMAC sent: oSIKjIflkRg=
[2026-09-12 20:38:00][INFO]   Auth resp: 406 Not Acceptable
[2026-09-12 20:38:00][ERROR] [Login] johan2003@yopmail.com: SDK token error - sessionId منتهي الصلاحية
[2026-09-12 20:38:00][ERROR] ❌ [تسجيل الدخول] فشل الاتصال بالحساب johan2003@yopmail.com!
[2026-09-12 20:38:00][INFO] 🔒 تم إغلاق اتصال الحساب johan2003@yopmail.com بأمان.
[2026-09-12 20:38:00][INFO] ✅ انتهت الدورة #1 في 1ث — الدورة القادمة الساعة: 22:07:59
[2026-09-12 20:38:00][INFO] 💤 انتظار 90.0 دقيقة...
[2026-09-12 20:38:00][INFO] ✅ تم تحميل إعدادات Firebase من: E:\osmanli\.bot_config_e4tWS8v10m2nDHyzad0M.json
[2026-09-12 20:38:00][INFO] 📋 تم تحميل 16 حساب من session_cache.json
[2026-09-12 20:38:00][INFO] 🔁 وضع التشغيل المستمر نشط — دورة كل 90 دقيقة
[2026-09-12 20:38:00][INFO]   📅 مهام مُجدوَلة (9 مهمة):
     • research: {'times_per_day': 2} | آخر تشغيل: لم تُشغَّل بعد
     • tactics_hall: {'times_per_day': 2} | آخر تشغيل: لم تُشغَّل بعد
     • fountain: {'times_per_day': 2} | آخر تشغيل: لم تُشغَّل بعد
     • material_workshop: {'times_per_day': 2} | آخر تشغيل: لم تُشغَّل بعد
     • caravan: {'times_per_day': 2} | آخر تشغيل: لم تُشغَّل بعد
     • port_delegate: {'times_per_day': 3} | آخر تشغيل: لم تُشغَّل بعد
     • savings_bank: {'times_per_day': 1} | آخر تشغيل: لم تُشغَّل بعد
     • building: {'times_per_day': 1} | آخر تشغيل: لم تُشغَّل بعد
     • prestige: {'hours': [3]} | آخر تشغيل: لم تُشغَّل بعد
[2026-09-12 20:38:00][INFO] 🔄 دورة رقم #1 — بدأت 2026-09-12 20:38:00
[2026-09-12 20:38:00][INFO] 🔐 [تسجيل الدخول] بدء الاتصال بالحساب: johan2003@yopmail.com...
[2026-09-12 20:38:00][WARNING] [Gate] ⚠️ انقطع الاتصال بالحساب (السبب: other_device)
[2026-09-12 20:38:00][WARNING] ⚠️ [تنبيه السيرفر] انقطع اتصال الحساب johan2003@yopmail.com (السبب: other_device)
[2026-09-12 20:38:00][INFO]   Handshake resp: 200 challenge success
[2026-09-12 20:38:00][INFO] Login Server: 119.8.212.255:10000
[2026-09-12 20:38:00][INFO] DH Handshake...
[2026-09-12 20:38:00][INFO]   Auth resp: 406 Not Acceptable
[2026-09-12 20:38:00][INFO]   Challenge: mWPyO8AslKA=
[2026-09-12 20:38:00][ERROR] [Login] johan2003@yopmail.com: SDK token error - sessionId منتهي الصلاحية
[2026-09-12 20:38:00][INFO]   Auth resp: 406 Not Acceptable
[2026-09-12 20:38:00][ERROR] ❌ [تسجيل الدخول] فشل الاتصال بالحساب johan2003@yopmail.com!
[2026-09-12 20:38:00][INFO]   ClientKey sent: P716PjRyD1A=
[2026-09-12 20:38:00][INFO] 🔒 تم إغلاق اتصال الحساب johan2003@yopmail.com بأمان.
[2026-09-12 20:38:00][ERROR] [Login] johan2003@yopmail.com: SDK token error - sessionId منتهي الصلاحية
[2026-09-12 20:38:00][ERROR] ❌ [تسجيل الدخول] فشل الاتصال بالحساب johan2003@yopmail.com!
[2026-09-12 20:38:00][INFO] 🔒 تم إغلاق اتصال الحساب johan2003@yopmail.com بأمان.
[2026-09-12 20:38:00][INFO] ✅ انتهت الدورة #1 في 1ث — الدورة القادمة الساعة: 22:07:59
[2026-09-12 20:38:00][INFO] 💤 انتظار 90.0 دقيقة...
[2026-09-12 20:38:00][INFO] ✅ انتهت الدورة #1 في 1ث — الدورة القادمة الساعة: 22:08:00
[2026-09-12 20:38:00][INFO] 💤 انتظار 90.0 دقيقة...
[2026-09-12 20:38:00][INFO]   Auth resp: 406 Not Acceptable
[2026-09-12 20:38:00][INFO]   Handshake resp: 200 challenge success
[2026-09-12 20:38:00][ERROR] [Login] johan2003@yopmail.com: SDK token error - sessionId منتهي الصلاحية
[2026-09-12 20:38:00][ERROR] ❌ [تسجيل الدخول] فشل الاتصال بالحساب johan2003@yopmail.com!
[2026-09-12 20:38:00][INFO] 🔒 تم إغلاق اتصال الحساب johan2003@yopmail.com بأمان.
[2026-09-12 20:38:00][INFO] ✅ انتهت الدورة #1 في 1ث — الدورة القادمة الساعة: 22:08:00
[2026-09-12 20:38:00][INFO] 💤 انتظار 90.0 دقيقة...
[2026-09-12 20:38:00][INFO]   Token sent
[2026-09-12 20:38:00][INFO]   Challenge: DMiV3kM0kDo=
[2026-09-12 20:38:00][INFO]   ClientKey sent: WYDzGswK4rk=
[2026-09-12 20:38:00][INFO] DH Handshake...
[2026-09-12 20:38:00][INFO]   ServerKey: 8bITmMRHx3I=
[2026-09-12 20:38:00][INFO]   Secret: 6579397b7f4ae8f0
[2026-09-12 20:38:00][INFO]   HMAC sent: Nb2+zJW0600=
[2026-09-12 20:38:00][INFO]   Auth resp: 200 TWpVNUBhMjlvWDJkaGJXVmZNalk9QE1URTVMamd1TWpFekxqRXpNUT09QE5EQXdNQT09QE1qZ3hOall6QE1UQTJNREEzTkRN
[2026-09-12 20:38:00][INFO]   Gate: 119.8.213.131:4000
[2026-09-12 20:38:00][INFO]   UID: 10600743 Server: koh_game_26
[2026-09-12 20:38:00][INFO] [Login] ✓ johan2003@yopmail.com → Gate 119.8.213.131:4000 uid=10600743
[2026-09-12 20:38:00][INFO] 📋 تم تحميل 16 حساب من session_cache.json
[2026-09-12 20:38:00][INFO] 📋 تم تحميل 16 حساب من session_cache.json
[2026-09-12 20:38:00][INFO] Login Server: 119.8.212.255:10000
[2026-09-12 20:38:00][INFO]   ServerKey: 7TRFJuDr61c=
[2026-09-12 20:38:00][INFO]   Secret: cfdc2dc8c938e337
[2026-09-12 20:38:00][INFO]   HMAC sent: Cra/jA0VoE4=
[2026-09-12 20:38:00][INFO] ✅ تم تحميل إعدادات Firebase من: E:\osmanli\.bot_config_e4tWS8v10m2nDHyzad0M.json
[2026-09-12 20:38:00][INFO] 📋 تم تحميل 16 حساب من session_cache.json
[2026-09-12 20:38:00][INFO]   Challenge: 6rTveu92KQs=
[2026-09-12 20:38:00][INFO]   ClientKey sent: 7jOdQG52psY=
[2026-09-12 20:38:00][INFO] 🔁 وضع التشغيل المستمر نشط — دورة كل 90 دقيقة
[2026-09-12 20:38:00][INFO]   📅 مهام مُجدوَلة (9 مهمة):
     • research: {'times_per_day': 2} | آخر تشغيل: لم تُشغَّل بعد
     • tactics_hall: {'times_per_day': 2} | آخر تشغيل: لم تُشغَّل بعد
     • fountain: {'times_per_day': 2} | آخر تشغيل: لم تُشغَّل بعد
     • material_workshop: {'times_per_day': 2} | آخر تشغيل: لم تُشغَّل بعد
     • caravan: {'times_per_day': 2} | آخر تشغيل: لم تُشغَّل بعد
     • port_delegate: {'times_per_day': 3} | آخر تشغيل: لم تُشغَّل بعد
     • savings_bank: {'times_per_day': 1} | آخر تشغيل: لم تُشغَّل بعد
     • building: {'times_per_day': 1} | آخر تشغيل: لم تُشغَّل بعد
     • prestige: {'hours': [3]} | آخر تشغيل: لم تُشغَّل بعد
[2026-09-12 20:38:00][INFO] 🔄 دورة رقم #1 — بدأت 2026-09-12 20:38:00
[2026-09-12 20:38:00][INFO] 🔐 [تسجيل الدخول] بدء الاتصال بالحساب: johan2003@yopmail.com...
[2026-09-12 20:38:00][INFO] ✅ تم تحميل إعدادات Firebase من: E:\osmanli\.bot_config_e4tWS8v10m2nDHyzad0M.json
[2026-09-12 20:38:00][INFO] 📋 تم تحميل 16 حساب من session_cache.json
[2026-09-12 20:38:00][INFO] 🔁 وضع التشغيل المستمر نشط — دورة كل 90 دقيقة
[2026-09-12 20:38:00][INFO]   Handshake resp: 200 challenge success
[2026-09-12 20:38:00][INFO]   📅 مهام مُجدوَلة (9 مهمة):
     • research: {'times_per_day': 2} | آخر تشغيل: لم تُشغَّل بعد
     • tactics_hall: {'times_per_day': 2} | آخر تشغيل: لم تُشغَّل بعد
     • fountain: {'times_per_day': 2} | آخر تشغيل: لم تُشغَّل بعد
     • material_workshop: {'times_per_day': 2} | آخر تشغيل: لم تُشغَّل بعد
     • caravan: {'times_per_day': 2} | آخر تشغيل: لم تُشغَّل بعد
     • port_delegate: {'times_per_day': 3} | آخر تشغيل: لم تُشغَّل بعد
     • savings_bank: {'times_per_day': 1} | آخر تشغيل: لم تُشغَّل بعد
     • building: {'times_per_day': 1} | آخر تشغيل: لم تُشغَّل بعد
     • prestige: {'hours': [3]} | آخر تشغيل: لم تُشغَّل بعد
[2026-09-12 20:38:00][INFO] 🔄 دورة رقم #1 — بدأت 2026-09-12 20:38:00
[2026-09-12 20:38:00][INFO] 🔐 [تسجيل الدخول] بدء الاتصال بالحساب: johan2003@yopmail.com...
[2026-09-12 20:38:00][INFO]   Token sent
[2026-09-12 20:38:00][INFO]   Token sent
[2026-09-12 20:38:00][INFO] 📋 تم تحميل 16 حساب من session_cache.json
[2026-09-12 20:38:00][INFO]   Handshake resp: 200 challenge success
[2026-09-12 20:38:00][INFO]   ServerKey: 8URZhXvyk4w=
[2026-09-12 20:38:00][INFO]   Secret: 6376a1a5d8bae0ef
[2026-09-12 20:38:00][INFO]   HMAC sent: 8FN21IYds6A=
[2026-09-12 20:38:00][INFO] DH Handshake...
[2026-09-12 20:38:01][ERROR] [Gate] Handshake failed: b'404 User Not Found'
[2026-09-12 20:38:01][ERROR] ❌ [تسجيل الدخول] فشل الاتصال بالحساب johan2003@yopmail.com!
[2026-09-12 20:38:01][INFO] 🔒 تم إغلاق اتصال الحساب johan2003@yopmail.com بأمان.
[2026-09-12 20:38:01][INFO] ✅ انتهت الدورة #1 في 1ث — الدورة القادمة الساعة: 22:07:59
[2026-09-12 20:38:01][INFO] 💤 انتظار 90.0 دقيقة...
[2026-09-12 20:38:01][INFO]   Token sent
[2026-09-12 20:38:01][INFO] ✅ تم تحميل إعدادات Firebase من: E:\osmanli\.bot_config_e4tWS8v10m2nDHyzad0M.json
[2026-09-12 20:38:01][INFO] 📋 تم تحميل 16 حساب من session_cache.json
[2026-09-12 20:38:01][INFO] 🔁 وضع التشغيل المستمر نشط — دورة كل 90 دقيقة
[2026-09-12 20:38:01][INFO]   📅 مهام مُجدوَلة (9 مهمة):
     • research: {'times_per_day': 2} | آخر تشغيل: لم تُشغَّل بعد
     • tactics_hall: {'times_per_day': 2} | آخر تشغيل: لم تُشغَّل بعد
     • fountain: {'times_per_day': 2} | آخر تشغيل: لم تُشغَّل بعد
     • material_workshop: {'times_per_day': 2} | آخر تشغيل: لم تُشغَّل بعد
     • caravan: {'times_per_day': 2} | آخر تشغيل: لم تُشغَّل بعد
     • port_delegate: {'times_per_day': 3} | آخر تشغيل: لم تُشغَّل بعد
     • savings_bank: {'times_per_day': 1} | آخر تشغيل: لم تُشغَّل بعد
     • building: {'times_per_day': 1} | آخر تشغيل: لم تُشغَّل بعد
     • prestige: {'hours': [3]} | آخر تشغيل: لم تُشغَّل بعد
[2026-09-12 20:38:01][INFO] 🔄 دورة رقم #1 — بدأت 2026-09-12 20:38:01
[2026-09-12 20:38:01][INFO] 🔐 [تسجيل الدخول] بدء الاتصال بالحساب: johan2003@yopmail.com...
[2026-09-12 20:38:01][INFO] ✅ [تسجيل الدخول] تم الاتصال والمصافحة بنجاح 100%!
[2026-09-12 20:38:01][INFO] 🔍 [الاستعلام الشامل] جلب كافة بيانات ومعلومات الحساب من السيرفر...
[2026-09-12 20:38:01][WARNING] ⚠️ تم رصد انقطاع الاتصال قبل بدء المهمة [🌾 حصد مزارع المدينة (City Harvest)] (السبب: دخول شخص آخر إلى الحساب (Other Device Login))
[2026-09-12 20:38:01][WARNING] ⚠️ [انقطاع الاتصال] تم رصد انقطاع الاتصال بالحساب (السبب: دخول شخص آخر إلى الحساب (Other Device Login))!
[2026-09-12 20:38:01][WARNING] ⏳ سيتوقف البوت مؤقتاً وينتظر 60 ثانية (دقيقة واحدة) لإفساح المجال ثم إعادة الدخول...
[2026-09-12 20:38:01][INFO] ⏳ [المحاولة 1/10] انتظار 60 ثانية (دقيقة واحدة)...
[2026-09-12 20:38:01][INFO] ⏳ متبقي على إعادة محاولة الدخول: 60 ثانية...
[2026-09-12 20:38:01][INFO]   Auth resp: 406 Not Acceptable
[2026-09-12 20:38:01][ERROR] [Login] johan2003@yopmail.com: SDK token error - sessionId منتهي الصلاحية
[2026-09-12 20:38:01][ERROR] ❌ [تسجيل الدخول] فشل الاتصال بالحساب johan2003@yopmail.com!
[2026-09-12 20:38:01][INFO] 🔒 تم إغلاق اتصال الحساب johan2003@yopmail.com بأمان.
[2026-09-12 20:38:01][INFO]   Auth resp: 406 Not Acceptable
[2026-09-12 20:38:01][INFO] ✅ انتهت الدورة #1 في 1ث — الدورة القادمة الساعة: 22:08:00
[2026-09-12 20:38:01][INFO] 💤 انتظار 90.0 دقيقة...
[2026-09-12 20:38:01][ERROR] [Login] johan2003@yopmail.com: SDK token error - sessionId منتهي الصلاحية
[2026-09-12 20:38:01][ERROR] ❌ [تسجيل الدخول] فشل الاتصال بالحساب johan2003@yopmail.com!
[2026-09-12 20:38:01][INFO] 🔒 تم إغلاق اتصال الحساب johan2003@yopmail.com بأمان.
[2026-09-12 20:38:01][INFO] ✅ انتهت الدورة #1 في 1ث — الدورة القادمة الساعة: 22:08:00
[2026-09-12 20:38:01][INFO] 💤 انتظار 90.0 دقيقة...
[2026-09-12 20:38:01][INFO] Login Server: 119.8.212.255:10000
[2026-09-12 20:38:01][INFO]   Handshake resp: 200 challenge success
[2026-09-12 20:38:01][INFO]   Challenge: Xi7fkgfOcv0=
[2026-09-12 20:38:01][INFO]   ClientKey sent: 2GlSbHU+cq4=
[2026-09-12 20:38:01][INFO] 📋 تم تحميل 16 حساب من session_cache.json
[2026-09-12 20:38:01][INFO]   Auth resp: 406 Not Acceptable
[2026-09-12 20:38:01][ERROR] [Login] johan2003@yopmail.com: SDK token error - sessionId منتهي الصلاحية
[2026-09-12 20:38:01][ERROR] ❌ [تسجيل الدخول] فشل الاتصال بالحساب johan2003@yopmail.com!
[2026-09-12 20:38:01][INFO] 🔒 تم إغلاق اتصال الحساب johan2003@yopmail.com بأمان.
[2026-09-12 20:38:01][INFO] ✅ انتهت الدورة #1 في 1ث — الدورة القادمة الساعة: 22:08:00
[2026-09-12 20:38:01][INFO] 💤 انتظار 90.0 دقيقة...
[2026-09-12 20:38:01][INFO]   Token sent
[2026-09-12 20:38:01][INFO] ✅ تم تحميل إعدادات Firebase من: E:\osmanli\.bot_config_e4tWS8v10m2nDHyzad0M.json
[2026-09-12 20:38:01][INFO] 📋 تم تحميل 16 حساب من session_cache.json
[2026-09-12 20:38:01][INFO] 📋 تم تحميل 16 حساب من session_cache.json
[2026-09-12 20:38:01][INFO] 🔁 وضع التشغيل المستمر نشط — دورة كل 90 دقيقة
[2026-09-12 20:38:01][ERROR] ❌ خطأ في قراءة ملف إعدادات Firebase: Expecting value: line 1 column 1 (char 0)
[2026-09-12 20:38:01][INFO]   📅 مهام مُجدوَلة (9 مهمة):
     • research: {'times_per_day': 2} | آخر تشغيل: لم تُشغَّل بعد
     • tactics_hall: {'times_per_day': 2} | آخر تشغيل: لم تُشغَّل بعد
     • fountain: {'times_per_day': 2} | آخر تشغيل: لم تُشغَّل بعد
     • material_workshop: {'times_per_day': 2} | آخر تشغيل: لم تُشغَّل بعد
     • caravan: {'times_per_day': 2} | آخر تشغيل: لم تُشغَّل بعد
     • port_delegate: {'times_per_day': 3} | آخر تشغيل: لم تُشغَّل بعد
     • savings_bank: {'times_per_day': 1} | آخر تشغيل: لم تُشغَّل بعد
     • building: {'times_per_day': 1} | آخر تشغيل: لم تُشغَّل بعد
     • prestige: {'hours': [3]} | آخر تشغيل: لم تُشغَّل بعد
[2026-09-12 20:38:01][INFO] 🔄 دورة رقم #1 — بدأت 2026-09-12 20:38:01
[2026-09-12 20:38:01][INFO] 🔐 [تسجيل الدخول] بدء الاتصال بالحساب: johan2003@yopmail.com...
[2026-09-12 20:38:01][INFO]   Auth resp: 200 TWpVNUBhMjlvWDJkaGJXVmZNalk9QE1URTVMamd1TWpFekxqRXpNUT09QE5EQXdNQT09QE1qZ3hOalkwQE1UQTJNREEzTkRN
[2026-09-12 20:38:01][INFO]   Gate: 119.8.213.131:4000
[2026-09-12 20:38:01][INFO]   UID: 10600743 Server: koh_game_26
[2026-09-12 20:38:01][INFO] [Login] ✓ johan2003@yopmail.com → Gate 119.8.213.131:4000 uid=10600743
[2026-09-12 20:38:01][INFO] DH Handshake...
[2026-09-12 20:38:01][INFO] 📋 تم تحميل 16 حساب من session_cache.json
[2026-09-12 20:38:01][INFO]   ServerKey: N+fhjpCez0I=
[2026-09-12 20:38:01][INFO]   Secret: 4d2e175bffe90f2f
[2026-09-12 20:38:01][INFO]   HMAC sent: HMSInHiOSOI=
[2026-09-12 20:38:01][INFO] ✅ تم تحميل إعدادات Firebase من: E:\osmanli\.bot_config_e4tWS8v10m2nDHyzad0M.json
[2026-09-12 20:38:01][INFO] 📋 تم تحميل 16 حساب من session_cache.json
[2026-09-12 20:38:01][INFO] 🔁 وضع التشغيل المستمر نشط — دورة كل 90 دقيقة
[2026-09-12 20:38:01][INFO]   📅 مهام مُجدوَلة (9 مهمة):
     • research: {'times_per_day': 2} | آخر تشغيل: لم تُشغَّل بعد
     • tactics_hall: {'times_per_day': 2} | آخر تشغيل: لم تُشغَّل بعد
     • fountain: {'times_per_day': 2} | آخر تشغيل: لم تُشغَّل بعد
     • material_workshop: {'times_per_day': 2} | آخر تشغيل: لم تُشغَّل بعد
     • caravan: {'times_per_day': 2} | آخر تشغيل: لم تُشغَّل بعد
     • port_delegate: {'times_per_day': 3} | آخر تشغيل: لم تُشغَّل بعد
     • savings_bank: {'times_per_day': 1} | آخر تشغيل: لم تُشغَّل بعد
     • building: {'times_per_day': 1} | آخر تشغيل: لم تُشغَّل بعد
     • prestige: {'hours': [3]} | آخر تشغيل: لم تُشغَّل بعد
[2026-09-12 20:38:01][INFO] 🔄 دورة رقم #1 — بدأت 2026-09-12 20:38:01
[2026-09-12 20:38:01][INFO] 🔐 [تسجيل الدخول] بدء الاتصال بالحساب: johan2003@yopmail.com...
[2026-09-12 20:38:01][INFO] Login Server: 119.8.212.255:10000
[2026-09-12 20:38:01][INFO] Login Server: 119.8.212.255:10000
[2026-09-12 20:38:01][INFO] Login Server: 119.8.212.255:10000
[2026-09-12 20:38:01][INFO]   Challenge: pzTf3WZxnI0=
[2026-09-12 20:38:01][INFO]   ClientKey sent: dYP6MC9ELkQ=
[2026-09-12 20:38:01][INFO]   Handshake resp: 200 challenge success
[2026-09-12 20:38:01][INFO] DH Handshake...
[2026-09-12 20:38:01][INFO] 📋 تم تحميل 16 حساب من session_cache.json
[2026-09-12 20:38:01][INFO] ✅ تم تحميل إعدادات Firebase من: E:\osmanli\.bot_config_e4tWS8v10m2nDHyzad0M.json
[2026-09-12 20:38:01][INFO] 📋 تم تحميل 16 حساب من session_cache.json
[2026-09-12 20:38:01][INFO]   Token sent
[2026-09-12 20:38:01][INFO] 🔁 وضع التشغيل المستمر نشط — دورة كل 90 دقيقة
[2026-09-12 20:38:01][INFO]   📅 مهام مُجدوَلة (9 مهمة):
     • research: {'times_per_day': 2} | آخر تشغيل: لم تُشغَّل بعد
     • tactics_hall: {'times_per_day': 2} | آخر تشغيل: لم تُشغَّل بعد
     • fountain: {'times_per_day': 2} | آخر تشغيل: لم تُشغَّل بعد
     • material_workshop: {'times_per_day': 2} | آخر تشغيل: لم تُشغَّل بعد
     • caravan: {'times_per_day': 2} | آخر تشغيل: لم تُشغَّل بعد
     • port_delegate: {'times_per_day': 3} | آخر تشغيل: لم تُشغَّل بعد
     • savings_bank: {'times_per_day': 1} | آخر تشغيل: لم تُشغَّل بعد
     • building: {'times_per_day': 1} | آخر تشغيل: لم تُشغَّل بعد
     • prestige: {'hours': [3]} | آخر تشغيل: لم تُشغَّل بعد
[2026-09-12 20:38:01][INFO] 🔄 دورة رقم #1 — بدأت 2026-09-12 20:38:01
[2026-09-12 20:38:01][INFO] 🔐 [تسجيل الدخول] بدء الاتصال بالحساب: johan2003@yopmail.com...
[2026-09-12 20:38:01][ERROR] [Gate] Handshake failed: b'404 User Not Found'
[2026-09-12 20:38:01][ERROR] ❌ [تسجيل الدخول] فشل الاتصال بالحساب johan2003@yopmail.com!
[2026-09-12 20:38:01][INFO] 🔒 تم إغلاق اتصال الحساب johan2003@yopmail.com بأمان.
[2026-09-12 20:38:01][INFO] ✅ انتهت الدورة #1 في 1ث — الدورة القادمة الساعة: 22:08:00
[2026-09-12 20:38:01][INFO] 💤 انتظار 90.0 دقيقة...
[2026-09-12 20:38:01][INFO] 📋 تم تحميل 16 حساب من session_cache.json
[2026-09-12 20:38:01][INFO] Login Server: 119.8.212.255:10000
[2026-09-12 20:38:01][INFO] ⏳ متبقي على إعادة محاولة الدخول: 45 ثانية...
[2026-09-12 20:38:01][INFO]   ServerKey: eg8v1Fo8lIQ=
[2026-09-12 20:38:01][INFO]   Secret: 09500606073e55d1
[2026-09-12 20:38:01][INFO]   HMAC sent: G9HXk5DJ/T0=
[2026-09-12 20:38:01][INFO] DH Handshake...
[2026-09-12 20:38:01][INFO] DH Handshake...
[2026-09-12 20:38:01][INFO] DH Handshake...
[2026-09-12 20:38:01][INFO]   Challenge: OJUWPq4g184=
[2026-09-12 20:38:01][INFO]   ClientKey sent: 0ZS59xZ+iqg=
[2026-09-12 20:38:01][INFO]   Auth resp: 406 Not Acceptable
[2026-09-12 20:38:01][ERROR] [Login] johan2003@yopmail.com: SDK token error - sessionId منتهي الصلاحية
[2026-09-12 20:38:01][ERROR] ❌ [تسجيل الدخول] فشل الاتصال بالحساب johan2003@yopmail.com!
[2026-09-12 20:38:01][INFO] 🔒 تم إغلاق اتصال الحساب johan2003@yopmail.com بأمان.
[2026-09-12 20:38:01][INFO] ✅ انتهت الدورة #1 في 1ث — الدورة القادمة الساعة: 22:08:00
[2026-09-12 20:38:01][INFO] 💤 انتظار 90.0 دقيقة...
[2026-09-12 20:38:01][INFO] ✅ تم تحميل إعدادات Firebase من: E:\osmanli\.bot_config_e4tWS8v10m2nDHyzad0M.json
[2026-09-12 20:38:01][INFO] 📋 تم تحميل 16 حساب من session_cache.json
[2026-09-12 20:38:01][INFO] 🔁 وضع التشغيل المستمر نشط — دورة كل 90 دقيقة
[2026-09-12 20:38:01][INFO]   📅 مهام مُجدوَلة (9 مهمة):
     • research: {'times_per_day': 2} | آخر تشغيل: لم تُشغَّل بعد
     • tactics_hall: {'times_per_day': 2} | آخر تشغيل: لم تُشغَّل بعد
     • fountain: {'times_per_day': 2} | آخر تشغيل: لم تُشغَّل بعد
     • material_workshop: {'times_per_day': 2} | آخر تشغيل: لم تُشغَّل بعد
     • caravan: {'times_per_day': 2} | آخر تشغيل: لم تُشغَّل بعد
     • port_delegate: {'times_per_day': 3} | آخر تشغيل: لم تُشغَّل بعد
     • savings_bank: {'times_per_day': 1} | آخر تشغيل: لم تُشغَّل بعد
     • building: {'times_per_day': 1} | آخر تشغيل: لم تُشغَّل بعد
     • prestige: {'hours': [3]} | آخر تشغيل: لم تُشغَّل بعد
[2026-09-12 20:38:01][INFO] 🔄 دورة رقم #1 — بدأت 2026-09-12 20:38:01
[2026-09-12 20:38:01][INFO] 🔐 [تسجيل الدخول] بدء الاتصال بالحساب: johan2003@yopmail.com...
[2026-09-12 20:38:01][INFO] 📋 تم تحميل 16 حساب من session_cache.json
[2026-09-12 20:38:01][INFO] ✅ تم تحميل إعدادات Firebase من: E:\osmanli\.bot_config_e4tWS8v10m2nDHyzad0M.json
[2026-09-12 20:38:01][INFO] DH Handshake...
[2026-09-12 20:38:01][INFO] 📋 تم تحميل 16 حساب من session_cache.json
[2026-09-12 20:38:01][INFO] 🔁 وضع التشغيل المستمر نشط — دورة كل 90 دقيقة
[2026-09-12 20:38:01][INFO]   📅 مهام مُجدوَلة (9 مهمة):
     • research: {'times_per_day': 2} | آخر تشغيل: لم تُشغَّل بعد
     • tactics_hall: {'times_per_day': 2} | آخر تشغيل: لم تُشغَّل بعد
     • fountain: {'times_per_day': 2} | آخر تشغيل: لم تُشغَّل بعد
     • material_workshop: {'times_per_day': 2} | آخر تشغيل: لم تُشغَّل بعد
     • caravan: {'times_per_day': 2} | آخر تشغيل: لم تُشغَّل بعد
     • port_delegate: {'times_per_day': 3} | آخر تشغيل: لم تُشغَّل بعد
     • savings_bank: {'times_per_day': 1} | آخر تشغيل: لم تُشغَّل بعد
     • building: {'times_per_day': 1} | آخر تشغيل: لم تُشغَّل بعد
     • prestige: {'hours': [3]} | آخر تشغيل: لم تُشغَّل بعد
[2026-09-12 20:38:01][INFO] 🔄 دورة رقم #1 — بدأت 2026-09-12 20:38:01
[2026-09-12 20:38:01][INFO] 🔐 [تسجيل الدخول] بدء الاتصال بالحساب: johan2003@yopmail.com...
[2026-09-12 20:38:01][INFO]   Challenge: fXfI7hNWOHA=
[2026-09-12 20:38:01][INFO]   ClientKey sent: 8nmiIDjNS0Y=
[2026-09-12 20:38:01][INFO]   Handshake resp: 200 challenge success
[2026-09-12 20:38:01][INFO]   ServerKey: VEKGmPRRs/o=
[2026-09-12 20:38:01][INFO]   Secret: 202055efd92fa2e1
[2026-09-12 20:38:01][INFO]   HMAC sent: iaJI7eKliM4=
[2026-09-12 20:38:01][INFO]   Challenge: vdGh6286Tew=
[2026-09-12 20:38:01][INFO]   ClientKey sent: l/u7+s9IyMY=
[2026-09-12 20:38:01][INFO]   Auth resp: 200 TWpVNUBhMjlvWDJkaGJXVmZNalk9QE1URTVMamd1TWpFekxqRXpNUT09QE5EQXdNQT09QE1qZ3hOalkxQE1UQTJNREEzTkRN
[2026-09-12 20:38:01][INFO]   Gate: 119.8.213.131:4000
[2026-09-12 20:38:01][INFO]   UID: 10600743 Server: koh_game_26
[2026-09-12 20:38:01][INFO] [Login] ✓ johan2003@yopmail.com → Gate 119.8.213.131:4000 uid=10600743
[2026-09-12 20:38:01][INFO]   Challenge: vfYC3s3R1q8=
[2026-09-12 20:38:01][INFO]   ClientKey sent: ut1u6dfTuD0=
[2026-09-12 20:38:01][INFO] Login Server: 119.8.212.255:10000
[2026-09-12 20:38:01][INFO]   Challenge: FtvEbBM1Wig=
[2026-09-12 20:38:01][INFO]   ClientKey sent: isPLjkYHUzg=
[2026-09-12 20:38:01][INFO]   ServerKey: dSuME+jcJ3M=
[2026-09-12 20:38:01][INFO]   Secret: 3323c0eacf088831
[2026-09-12 20:38:01][INFO]   HMAC sent: m0hrAwRYgIE=
[2026-09-12 20:38:01][INFO] 📋 تم تحميل 16 حساب من session_cache.json
[2026-09-12 20:38:01][INFO] 📋 تم تحميل 16 حساب من session_cache.json
[2026-09-12 20:38:01][INFO] Login Server: 119.8.212.255:10000
[2026-09-12 20:38:01][INFO]   ServerKey: su2LK4kbnrs=
[2026-09-12 20:38:01][INFO]   Secret: 64b5fd8ecbe80bb8
[2026-09-12 20:38:01][INFO]   HMAC sent: GYoIteWoWaA=
[2026-09-12 20:38:01][INFO]   Handshake resp: 200 challenge success
[2026-09-12 20:38:01][INFO]   ServerKey: WFdfEzeRYTk=
[2026-09-12 20:38:01][INFO]   Secret: ae691839f27f974a
[2026-09-12 20:38:01][INFO]   HMAC sent: /xg1hS8m5zI=
[2026-09-12 20:38:01][INFO] ✅ تم تحميل إعدادات Firebase من: E:\osmanli\.bot_config_e4tWS8v10m2nDHyzad0M.json
[2026-09-12 20:38:01][INFO] 📋 تم تحميل 16 حساب من session_cache.json
[2026-09-12 20:38:01][INFO] 🔁 وضع التشغيل المستمر نشط — دورة كل 90 دقيقة
[2026-09-12 20:38:01][INFO]   📅 مهام مُجدوَلة (9 مهمة):
     • research: {'times_per_day': 2} | آخر تشغيل: لم تُشغَّل بعد
     • tactics_hall: {'times_per_day': 2} | آخر تشغيل: لم تُشغَّل بعد
     • fountain: {'times_per_day': 2} | آخر تشغيل: لم تُشغَّل بعد
     • material_workshop: {'times_per_day': 2} | آخر تشغيل: لم تُشغَّل بعد
     • caravan: {'times_per_day': 2} | آخر تشغيل: لم تُشغَّل بعد
     • port_delegate: {'times_per_day': 3} | آخر تشغيل: لم تُشغَّل بعد
     • savings_bank: {'times_per_day': 1} | آخر تشغيل: لم تُشغَّل بعد
     • building: {'times_per_day': 1} | آخر تشغيل: لم تُشغَّل بعد
     • prestige: {'hours': [3]} | آخر تشغيل: لم تُشغَّل بعد
[2026-09-12 20:38:01][INFO] 🔄 دورة رقم #1 — بدأت 2026-09-12 20:38:01
[2026-09-12 20:38:01][INFO] 🔐 [تسجيل الدخول] بدء الاتصال بالحساب: johan2003@yopmail.com...
[2026-09-12 20:38:01][INFO] ✅ تم تحميل إعدادات Firebase من: E:\osmanli\.bot_config_e4tWS8v10m2nDHyzad0M.json
[2026-09-12 20:38:01][INFO] 📋 تم تحميل 16 حساب من session_cache.json
[2026-09-12 20:38:01][INFO] 🔁 وضع التشغيل المستمر نشط — دورة كل 90 دقيقة
[2026-09-12 20:38:01][INFO]   📅 مهام مُجدوَلة (9 مهمة):
     • research: {'times_per_day': 2} | آخر تشغيل: لم تُشغَّل بعد
     • tactics_hall: {'times_per_day': 2} | آخر تشغيل: لم تُشغَّل بعد
     • fountain: {'times_per_day': 2} | آخر تشغيل: لم تُشغَّل بعد
     • material_workshop: {'times_per_day': 2} | آخر تشغيل: لم تُشغَّل بعد
     • caravan: {'times_per_day': 2} | آخر تشغيل: لم تُشغَّل بعد
     • port_delegate: {'times_per_day': 3} | آخر تشغيل: لم تُشغَّل بعد
     • savings_bank: {'times_per_day': 1} | آخر تشغيل: لم تُشغَّل بعد
     • building: {'times_per_day': 1} | آخر تشغيل: لم تُشغَّل بعد
     • prestige: {'hours': [3]} | آخر تشغيل: لم تُشغَّل بعد
[2026-09-12 20:38:01][INFO] 🔄 دورة رقم #1 — بدأت 2026-09-12 20:38:01
[2026-09-12 20:38:01][INFO] 🔐 [تسجيل الدخول] بدء الاتصال بالحساب: johan2003@yopmail.com...
[2026-09-12 20:38:01][INFO] Login Server: 119.8.212.255:10000
[2026-09-12 20:38:01][INFO] DH Handshake...
[2026-09-12 20:38:01][INFO]   ServerKey: 7Hxw0CaqmUQ=
[2026-09-12 20:38:01][INFO]   Secret: 26adb22278501081
[2026-09-12 20:38:01][INFO]   HMAC sent: pW9VFrtjxvs=
[2026-09-12 20:38:01][INFO]   Handshake resp: 200 challenge success
[2026-09-12 20:38:01][INFO] DH Handshake...
[2026-09-12 20:38:01][INFO]   Handshake resp: 200 challenge success
[2026-09-12 20:38:01][INFO] [Gate] ✓ 119.8.213.131:4000 uid=10600743
[2026-09-12 20:38:01][INFO] ⏳ انتظار مزامنة الحزم الأولية من السيرفر...
[2026-09-12 20:38:01][INFO]   Handshake resp: 200 challenge success
[2026-09-12 20:38:01][INFO] 📋 تم تحميل 16 حساب من session_cache.json
[2026-09-12 20:38:01][INFO] ✅ تم تحميل إعدادات Firebase من: E:\osmanli\.bot_config_e4tWS8v10m2nDHyzad0M.json
[2026-09-12 20:38:01][INFO] 📋 تم تحميل 16 حساب من session_cache.json
[2026-09-12 20:38:01][INFO] 🔁 وضع التشغيل المستمر نشط — دورة كل 90 دقيقة
[2026-09-12 20:38:01][INFO]   📅 مهام مُجدوَلة (9 مهمة):
     • research: {'times_per_day': 2} | آخر تشغيل: لم تُشغَّل بعد
     • tactics_hall: {'times_per_day': 2} | آخر تشغيل: لم تُشغَّل بعد
     • fountain: {'times_per_day': 2} | آخر تشغيل: لم تُشغَّل بعد
     • material_workshop: {'times_per_day': 2} | آخر تشغيل: لم تُشغَّل بعد
     • caravan: {'times_per_day': 2} | آخر تشغيل: لم تُشغَّل بعد
     • port_delegate: {'times_per_day': 3} | آخر تشغيل: لم تُشغَّل بعد
     • savings_bank: {'times_per_day': 1} | آخر تشغيل: لم تُشغَّل بعد
     • building: {'times_per_day': 1} | آخر تشغيل: لم تُشغَّل بعد
     • prestige: {'hours': [3]} | آخر تشغيل: لم تُشغَّل بعد
[2026-09-12 20:38:01][INFO] 🔄 دورة رقم #1 — بدأت 2026-09-12 20:38:01
[2026-09-12 20:38:01][INFO] 🔐 [تسجيل الدخول] بدء الاتصال بالحساب: johan2003@yopmail.com...
[2026-09-12 20:38:01][INFO] DH Handshake...
[2026-09-12 20:38:01][INFO] Login Server: 119.8.212.255:10000
[2026-09-12 20:38:01][INFO]   Handshake resp: 200 challenge success
[2026-09-12 20:38:01][INFO]   Challenge: 3SsHr9yg1Z0=
[2026-09-12 20:38:01][INFO]   ClientKey sent: Q695XM5DgXk=
[2026-09-12 20:38:01][INFO] 📋 تم تحميل 16 حساب من session_cache.json
[2026-09-12 20:38:01][INFO]   Challenge: Qv4rwMpziHQ=
[2026-09-12 20:38:01][INFO]   ClientKey sent: bqWIYOVmOK0=
[2026-09-12 20:38:01][INFO]   Token sent
[2026-09-12 20:38:01][INFO]   Token sent
[2026-09-12 20:38:01][INFO] Login Server: 119.8.212.255:10000
[2026-09-12 20:38:01][INFO]   Challenge: wYetK5g7Hs4=
[2026-09-12 20:38:01][INFO]   ClientKey sent: 2gAl+0BzUB0=
[2026-09-12 20:38:01][INFO] ✅ تم تحميل إعدادات Firebase من: E:\osmanli\.bot_config_e4tWS8v10m2nDHyzad0M.json
[2026-09-12 20:38:01][INFO] 📋 تم تحميل 16 حساب من session_cache.json
[2026-09-12 20:38:01][INFO] DH Handshake...
[2026-09-12 20:38:01][INFO] 🔁 وضع التشغيل المستمر نشط — دورة كل 90 دقيقة
[2026-09-12 20:38:01][INFO]   📅 مهام مُجدوَلة (9 مهمة):
     • research: {'times_per_day': 2} | آخر تشغيل: لم تُشغَّل بعد
     • tactics_hall: {'times_per_day': 2} | آخر تشغيل: لم تُشغَّل بعد
     • fountain: {'times_per_day': 2} | آخر تشغيل: لم تُشغَّل بعد
     • material_workshop: {'times_per_day': 2} | آخر تشغيل: لم تُشغَّل بعد
     • caravan: {'times_per_day': 2} | آخر تشغيل: لم تُشغَّل بعد
     • port_delegate: {'times_per_day': 3} | آخر تشغيل: لم تُشغَّل بعد
     • savings_bank: {'times_per_day': 1} | آخر تشغيل: لم تُشغَّل بعد
     • building: {'times_per_day': 1} | آخر تشغيل: لم تُشغَّل بعد
     • prestige: {'hours': [3]} | آخر تشغيل: لم تُشغَّل بعد
[2026-09-12 20:38:01][INFO] 🔄 دورة رقم #1 — بدأت 2026-09-12 20:38:01
[2026-09-12 20:38:01][INFO] 🔐 [تسجيل الدخول] بدء الاتصال بالحساب: johan2003@yopmail.com...
[2026-09-12 20:38:01][INFO]   ServerKey: Okjl3JW3xXQ=
[2026-09-12 20:38:01][INFO]   Secret: ba053d0741807143
[2026-09-12 20:38:01][INFO]   HMAC sent: ORn6e6HT68A=
[2026-09-12 20:38:01][INFO]   ServerKey: k7beADz0Lbw=
[2026-09-12 20:38:01][INFO]   Secret: 112a8933e5cb5844
[2026-09-12 20:38:01][INFO]   HMAC sent: crzLbFdS8Po=
[2026-09-12 20:38:01][INFO] DH Handshake...
[2026-09-12 20:38:01][INFO]   Auth resp: 406 Not Acceptable
[2026-09-12 20:38:01][ERROR] [Login] johan2003@yopmail.com: SDK token error - sessionId منتهي الصلاحية
[2026-09-12 20:38:01][ERROR] ❌ [تسجيل الدخول] فشل الاتصال بالحساب johan2003@yopmail.com!
[2026-09-12 20:38:01][INFO] 🔒 تم إغلاق اتصال الحساب johan2003@yopmail.com بأمان.
[2026-09-12 20:38:01][INFO] ✅ انتهت الدورة #1 في 1ث — الدورة القادمة الساعة: 22:08:01
[2026-09-12 20:38:01][INFO] 💤 انتظار 90.0 دقيقة...
[2026-09-12 20:38:01][INFO]   ServerKey: ASkwqeyGvrU=
[2026-09-12 20:38:01][INFO]   Secret: 9848d081227b8441
[2026-09-12 20:38:01][INFO]   HMAC sent: KveeMGx+pwo=
[2026-09-12 20:38:02][INFO] Login Server: 119.8.212.255:10000
[2026-09-12 20:38:02][INFO]   Challenge: RER0K/LgEMw=
[2026-09-12 20:38:02][INFO]   Handshake resp: 200 challenge success
[2026-09-12 20:38:02][WARNING] [Gate] ⚠️ انقطع الاتصال بالحساب (السبب: other_device)
[2026-09-12 20:38:02][INFO]   ClientKey sent: KAdp+IZchjM=
[2026-09-12 20:38:02][WARNING] ⚠️ [تنبيه السيرفر] انقطع اتصال الحساب johan2003@yopmail.com (السبب: other_device)
[2026-09-12 20:38:02][INFO]   Handshake resp: 200 challenge success
[2026-09-12 20:38:02][INFO]   Challenge: DL8ZwOIn+7M=
[2026-09-12 20:38:02][INFO]   ClientKey sent: aHO7s/blK0Q=
[2026-09-12 20:38:02][INFO]   Handshake resp: 200 challenge success
[2026-09-12 20:38:02][INFO] DH Handshake...
[2026-09-12 20:38:02][INFO] ✅ [تسجيل الدخول] تم الاتصال والمصافحة بنجاح 100%!
[2026-09-12 20:38:02][INFO] 🔍 [الاستعلام الشامل] جلب كافة بيانات ومعلومات الحساب من السيرفر...
[2026-09-12 20:38:02][WARNING] ⚠️ تم رصد انقطاع الاتصال قبل بدء المهمة [🌾 حصد مزارع المدينة (City Harvest)] (السبب: دخول شخص آخر إلى الحساب (Other Device Login))
[2026-09-12 20:38:02][WARNING] ⚠️ [انقطاع الاتصال] تم رصد انقطاع الاتصال بالحساب (السبب: دخول شخص آخر إلى الحساب (Other Device Login))!
[2026-09-12 20:38:02][WARNING] ⏳ سيتوقف البوت مؤقتاً وينتظر 60 ثانية (دقيقة واحدة) لإفساح المجال ثم إعادة الدخول...
[2026-09-12 20:38:02][INFO] ⏳ [المحاولة 1/10] انتظار 60 ثانية (دقيقة واحدة)...
[2026-09-12 20:38:02][INFO] ⏳ متبقي على إعادة محاولة الدخول: 60 ثانية...
[2026-09-12 20:38:02][INFO]   ServerKey: b0w0fwjOsp4=
[2026-09-12 20:38:02][INFO]   Secret: 8b5e771f49107f4f
[2026-09-12 20:38:02][INFO]   HMAC sent: UyQjfyg9H4g=
[2026-09-12 20:38:02][INFO]   ServerKey: TdEpYWtCpkM=
[2026-09-12 20:38:02][INFO]   Secret: 8dfbaeaedc2e9cb6
[2026-09-12 20:38:02][INFO] ⏳ متبقي على إعادة محاولة الدخول: 15 ثانية...
[2026-09-12 20:38:02][INFO]   HMAC sent: Uqh3quz65FY=
[2026-09-12 20:38:02][INFO] 📋 تم تحميل 16 حساب من session_cache.json
[2026-09-12 20:38:02][INFO]   Token sent
[2026-09-12 20:38:02][INFO]   Auth resp: 200 TWpVNUBhMjlvWDJkaGJXVmZNalk9QE1URTVMamd1TWpFekxqRXpNUT09QE5EQXdNQT09QE1qZ3hOalkyQE1UQTJNREEzTkRN
[2026-09-12 20:38:02][INFO]   Gate: 119.8.213.131:4000
[2026-09-12 20:38:02][INFO]   UID: 10600743 Server: koh_game_26
[2026-09-12 20:38:02][INFO] [Login] ✓ johan2003@yopmail.com → Gate 119.8.213.131:4000 uid=10600743
[2026-09-12 20:38:02][INFO]   Challenge: K9WA3jZOne8=
[2026-09-12 20:38:02][INFO]   ClientKey sent: Qkcx6JqbHAY=
[2026-09-12 20:38:02][INFO] ✅ تم تحميل إعدادات Firebase من: E:\osmanli\.bot_config_e4tWS8v10m2nDHyzad0M.json
[2026-09-12 20:38:02][INFO] 📋 تم تحميل 16 حساب من session_cache.json
[2026-09-12 20:38:02][INFO]   Token sent
[2026-09-12 20:38:02][INFO] 🔁 وضع التشغيل المستمر نشط — دورة كل 90 دقيقة
[2026-09-12 20:38:02][INFO]   📅 مهام مُجدوَلة (9 مهمة):
     • research: {'times_per_day': 2} | آخر تشغيل: لم تُشغَّل بعد
     • tactics_hall: {'times_per_day': 2} | آخر تشغيل: لم تُشغَّل بعد
     • fountain: {'times_per_day': 2} | آخر تشغيل: لم تُشغَّل بعد
     • material_workshop: {'times_per_day': 2} | آخر تشغيل: لم تُشغَّل بعد
     • caravan: {'times_per_day': 2} | آخر تشغيل: لم تُشغَّل بعد
     • port_delegate: {'times_per_day': 3} | آخر تشغيل: لم تُشغَّل بعد
     • savings_bank: {'times_per_day': 1} | آخر تشغيل: لم تُشغَّل بعد
     • building: {'times_per_day': 1} | آخر تشغيل: لم تُشغَّل بعد
     • prestige: {'hours': [3]} | آخر تشغيل: لم تُشغَّل بعد
[2026-09-12 20:38:02][INFO] 🔄 دورة رقم #1 — بدأت 2026-09-12 20:38:02
[2026-09-12 20:38:02][INFO] 🔐 [تسجيل الدخول] بدء الاتصال بالحساب: johan2003@yopmail.com...
[2026-09-12 20:38:02][INFO]   Handshake resp: 200 challenge success
[2026-09-12 20:38:02][INFO]   Handshake resp: 200 challenge success
[2026-09-12 20:38:02][INFO] 📋 تم تحميل 16 حساب من session_cache.json
[2026-09-12 20:38:02][INFO]   ServerKey: UVyhDkfECbM=
[2026-09-12 20:38:02][INFO]   Secret: 446c5cae8e2f8763
[2026-09-12 20:38:02][INFO]   HMAC sent: ClisNzfcZhE=
[2026-09-12 20:38:02][INFO]   Auth resp: 406 Not Acceptable
[2026-09-12 20:38:02][ERROR] [Login] johan2003@yopmail.com: SDK token error - sessionId منتهي الصلاحية
[2026-09-12 20:38:02][ERROR] ❌ [تسجيل الدخول] فشل الاتصال بالحساب johan2003@yopmail.com!
[2026-09-12 20:38:02][INFO] 🔒 تم إغلاق اتصال الحساب johan2003@yopmail.com بأمان.
[2026-09-12 20:38:02][INFO] ✅ انتهت الدورة #1 في 1ث — الدورة القادمة الساعة: 22:08:01
[2026-09-12 20:38:02][INFO] 💤 انتظار 90.0 دقيقة...
[2026-09-12 20:38:02][INFO] ✅ تم تحميل إعدادات Firebase من: E:\osmanli\.bot_config_e4tWS8v10m2nDHyzad0M.json
[2026-09-12 20:38:02][INFO] 📋 تم تحميل 16 حساب من session_cache.json
[2026-09-12 20:38:02][INFO] 🔁 وضع التشغيل المستمر نشط — دورة كل 90 دقيقة
[2026-09-12 20:38:02][INFO]   📅 مهام مُجدوَلة (9 مهمة):
     • research: {'times_per_day': 2} | آخر تشغيل: لم تُشغَّل بعد
     • tactics_hall: {'times_per_day': 2} | آخر تشغيل: لم تُشغَّل بعد
     • fountain: {'times_per_day': 2} | آخر تشغيل: لم تُشغَّل بعد
     • material_workshop: {'times_per_day': 2} | آخر تشغيل: لم تُشغَّل بعد
     • caravan: {'times_per_day': 2} | آخر تشغيل: لم تُشغَّل بعد
     • port_delegate: {'times_per_day': 3} | آخر تشغيل: لم تُشغَّل بعد
     • savings_bank: {'times_per_day': 1} | آخر تشغيل: لم تُشغَّل بعد
     • building: {'times_per_day': 1} | آخر تشغيل: لم تُشغَّل بعد
     • prestige: {'hours': [3]} | آخر تشغيل: لم تُشغَّل بعد
[2026-09-12 20:38:02][INFO] 🔄 دورة رقم #1 — بدأت 2026-09-12 20:38:02
[2026-09-12 20:38:02][INFO] 🔐 [تسجيل الدخول] بدء الاتصال بالحساب: johan2003@yopmail.com...
[2026-09-12 20:38:02][INFO]   Token sent
[2026-09-12 20:38:02][INFO]   Token sent
[2026-09-12 20:38:02][INFO]   Token sent
[2026-09-12 20:38:02][INFO] 📋 تم تحميل 16 حساب من session_cache.json
[2026-09-12 20:38:02][INFO]   Token sent
[2026-09-12 20:38:02][INFO] ✅ تم تحميل إعدادات Firebase من: E:\osmanli\.bot_config_e4tWS8v10m2nDHyzad0M.json
[2026-09-12 20:38:02][INFO] 📋 تم تحميل 16 حساب من session_cache.json
[2026-09-12 20:38:02][INFO] Login Server: 119.8.212.255:10000
[2026-09-12 20:38:02][INFO] 🔁 وضع التشغيل المستمر نشط — دورة كل 90 دقيقة
[2026-09-12 20:38:02][INFO]   📅 مهام مُجدوَلة (9 مهمة):
     • research: {'times_per_day': 2} | آخر تشغيل: لم تُشغَّل بعد
     • tactics_hall: {'times_per_day': 2} | آخر تشغيل: لم تُشغَّل بعد
     • fountain: {'times_per_day': 2} | آخر تشغيل: لم تُشغَّل بعد
     • material_workshop: {'times_per_day': 2} | آخر تشغيل: لم تُشغَّل بعد
     • caravan: {'times_per_day': 2} | آخر تشغيل: لم تُشغَّل بعد
     • port_delegate: {'times_per_day': 3} | آخر تشغيل: لم تُشغَّل بعد
     • savings_bank: {'times_per_day': 1} | آخر تشغيل: لم تُشغَّل بعد
     • building: {'times_per_day': 1} | آخر تشغيل: لم تُشغَّل بعد
     • prestige: {'hours': [3]} | آخر تشغيل: لم تُشغَّل بعد
[2026-09-12 20:38:02][INFO] 🔄 دورة رقم #1 — بدأت 2026-09-12 20:38:02
[2026-09-12 20:38:02][INFO] 🔐 [تسجيل الدخول] بدء الاتصال بالحساب: johan2003@yopmail.com...
[2026-09-12 20:38:02][ERROR] [Gate] Handshake failed: b'404 User Not Found'
[2026-09-12 20:38:02][ERROR] ❌ [تسجيل الدخول] فشل الاتصال بالحساب johan2003@yopmail.com!
[2026-09-12 20:38:02][INFO] 🔒 تم إغلاق اتصال الحساب johan2003@yopmail.com بأمان.
[2026-09-12 20:38:02][INFO] ✅ انتهت الدورة #1 في 1ث — الدورة القادمة الساعة: 22:08:01
[2026-09-12 20:38:02][INFO] 💤 انتظار 90.0 دقيقة...
[2026-09-12 20:38:02][INFO] ⏳ متبقي على إعادة محاولة الدخول: 15 ثانية...
[2026-09-12 20:38:02][INFO]   Handshake resp: 200 challenge success
[2026-09-12 20:38:02][INFO]   Token sent
[2026-09-12 20:38:02][INFO]   Token sent
[2026-09-12 20:38:02][INFO]   Auth resp: 406 Not Acceptable
[2026-09-12 20:38:02][ERROR] [Login] johan2003@yopmail.com: SDK token error - sessionId منتهي الصلاحية
[2026-09-12 20:38:02][ERROR] ❌ [تسجيل الدخول] فشل الاتصال بالحساب johan2003@yopmail.com!
[2026-09-12 20:38:02][INFO] 🔒 تم إغلاق اتصال الحساب johan2003@yopmail.com بأمان.
[2026-09-12 20:38:02][INFO] ✅ انتهت الدورة #1 في 2ث — الدورة القادمة الساعة: 22:08:00
[2026-09-12 20:38:02][INFO] 💤 انتظار 90.0 دقيقة...
[2026-09-12 20:38:02][INFO] DH Handshake...
[2026-09-12 20:38:02][INFO]   Auth resp: 406 Not Acceptable
[2026-09-12 20:38:02][INFO]   Auth resp: 406 Not Acceptable
[2026-09-12 20:38:02][ERROR] [Login] johan2003@yopmail.com: SDK token error - sessionId منتهي الصلاحية
[2026-09-12 20:38:02][ERROR] ❌ [تسجيل الدخول] فشل الاتصال بالحساب johan2003@yopmail.com!
[2026-09-12 20:38:02][ERROR] ❌ [تسجيل الدخول] فشل الاتصال بالحساب johan2003@yopmail.com!
[2026-09-12 20:38:02][INFO] 🔒 تم إغلاق اتصال الحساب johan2003@yopmail.com بأمان.
[2026-09-12 20:38:02][INFO] 🔒 تم إغلاق اتصال الحساب johan2003@yopmail.com بأمان.
[2026-09-12 20:38:02][INFO] ✅ انتهت الدورة #1 في 1ث — الدورة القادمة الساعة: 22:08:01
[2026-09-12 20:38:02][INFO] 💤 انتظار 90.0 دقيقة...
[2026-09-12 20:38:02][ERROR] ❌ [تسجيل الدخول] فشل الاتصال بالحساب johan2003@yopmail.com!
[2026-09-12 20:38:02][INFO] 🔒 تم إغلاق اتصال الحساب johan2003@yopmail.com بأمان.
[2026-09-12 20:38:02][INFO] ✅ انتهت الدورة #1 في 1ث — الدورة القادمة الساعة: 22:08:01
[2026-09-12 20:38:02][INFO] 💤 انتظار 90.0 دقيقة...
[2026-09-12 20:38:02][INFO] ✅ انتهت الدورة #1 في 1ث — الدورة القادمة الساعة: 22:08:01
[2026-09-12 20:38:02][INFO] 💤 انتظار 90.0 دقيقة...
[2026-09-12 20:38:02][INFO]   Token sent
[2026-09-12 20:38:02][INFO] 📋 تم تحميل 16 حساب من session_cache.json
[2026-09-12 20:38:02][INFO]   Token sent
[2026-09-12 20:38:02][INFO] ✅ تم تحميل إعدادات Firebase من: E:\osmanli\.bot_config_e4tWS8v10m2nDHyzad0M.json
[2026-09-12 20:38:02][INFO] 📋 تم تحميل 16 حساب من session_cache.json
[2026-09-12 20:38:02][INFO] 🔁 وضع التشغيل المستمر نشط — دورة كل 90 دقيقة
[2026-09-12 20:38:02][INFO]   📅 مهام مُجدوَلة (9 مهمة):
     • research: {'times_per_day': 2} | آخر تشغيل: لم تُشغَّل بعد
     • tactics_hall: {'times_per_day': 2} | آخر تشغيل: لم تُشغَّل بعد
     • fountain: {'times_per_day': 2} | آخر تشغيل: لم تُشغَّل بعد
     • material_workshop: {'times_per_day': 2} | آخر تشغيل: لم تُشغَّل بعد
     • caravan: {'times_per_day': 2} | آخر تشغيل: لم تُشغَّل بعد
     • port_delegate: {'times_per_day': 3} | آخر تشغيل: لم تُشغَّل بعد
     • savings_bank: {'times_per_day': 1} | آخر تشغيل: لم تُشغَّل بعد
     • building: {'times_per_day': 1} | آخر تشغيل: لم تُشغَّل بعد
     • prestige: {'hours': [3]} | آخر تشغيل: لم تُشغَّل بعد
[2026-09-12 20:38:02][INFO] 🔄 دورة رقم #1 — بدأت 2026-09-12 20:38:02
[2026-09-12 20:38:02][INFO] 🔐 [تسجيل الدخول] بدء الاتصال بالحساب: johan2003@yopmail.com...
[2026-09-12 20:38:02][INFO]   Auth resp: 406 Not Acceptable
[2026-09-12 20:38:02][INFO]   Auth resp: 406 Not Acceptable
[2026-09-12 20:38:02][ERROR] [Login] johan2003@yopmail.com: SDK token error - sessionId منتهي الصلاحية
[2026-09-12 20:38:02][ERROR] [Login] johan2003@yopmail.com: SDK token error - sessionId منتهي الصلاحية
[2026-09-12 20:38:02][ERROR] ❌ [تسجيل الدخول] فشل الاتصال بالحساب johan2003@yopmail.com!
[2026-09-12 20:38:02][ERROR] ❌ [تسجيل الدخول] فشل الاتصال بالحساب johan2003@yopmail.com!
[2026-09-12 20:38:02][INFO] 🔒 تم إغلاق اتصال الحساب johan2003@yopmail.com بأمان.
[2026-09-12 20:38:02][INFO] 🔒 تم إغلاق اتصال الحساب johan2003@yopmail.com بأمان.
[2026-09-12 20:38:02][INFO] ✅ انتهت الدورة #1 في 2ث — الدورة القادمة الساعة: 22:08:00
[2026-09-12 20:38:02][INFO] 💤 انتظار 90.0 دقيقة...
[2026-09-12 20:38:02][INFO]   Auth resp: 200 TWpVNUBhMjlvWDJkaGJXVmZNalk9QE1URTVMamd1TWpFekxqRXpNUT09QE5EQXdNQT09QE1qZ3hOalkzQE1UQTJNREEzTkRN
[2026-09-12 20:38:02][INFO]   Gate: 119.8.213.131:4000
[2026-09-12 20:38:02][INFO]   UID: 10600743 Server: koh_game_26
[2026-09-12 20:38:02][INFO] [Login] ✓ johan2003@yopmail.com → Gate 119.8.213.131:4000 uid=10600743
[2026-09-12 20:38:02][INFO] ✅ انتهت الدورة #1 في 1ث — الدورة القادمة الساعة: 22:08:01
[2026-09-12 20:38:02][INFO] 💤 انتظار 90.0 دقيقة...
[2026-09-12 20:38:02][INFO] 📋 تم تحميل 16 حساب من session_cache.json
[2026-09-12 20:38:02][INFO] ✅ تم تحميل إعدادات Firebase من: E:\osmanli\.bot_config_e4tWS8v10m2nDHyzad0M.json
[2026-09-12 20:38:02][INFO] 📋 تم تحميل 16 حساب من session_cache.json
[2026-09-12 20:38:02][INFO] 🔁 وضع التشغيل المستمر نشط — دورة كل 90 دقيقة
[2026-09-12 20:38:02][INFO]   📅 مهام مُجدوَلة (9 مهمة):
     • research: {'times_per_day': 2} | آخر تشغيل: لم تُشغَّل بعد
     • tactics_hall: {'times_per_day': 2} | آخر تشغيل: لم تُشغَّل بعد
     • fountain: {'times_per_day': 2} | آخر تشغيل: لم تُشغَّل بعد
     • material_workshop: {'times_per_day': 2} | آخر تشغيل: لم تُشغَّل بعد
     • caravan: {'times_per_day': 2} | آخر تشغيل: لم تُشغَّل بعد
     • port_delegate: {'times_per_day': 3} | آخر تشغيل: لم تُشغَّل بعد
     • savings_bank: {'times_per_day': 1} | آخر تشغيل: لم تُشغَّل بعد
     • building: {'times_per_day': 1} | آخر تشغيل: لم تُشغَّل بعد
     • prestige: {'hours': [3]} | آخر تشغيل: لم تُشغَّل بعد
[2026-09-12 20:38:02][INFO] 🔄 دورة رقم #1 — بدأت 2026-09-12 20:38:02
[2026-09-12 20:38:02][INFO] 🔐 [تسجيل الدخول] بدء الاتصال بالحساب: johan2003@yopmail.com...
[2026-09-12 20:38:02][INFO]   Challenge: mIwLMTcxVHY=
[2026-09-12 20:38:02][INFO]   ClientKey sent: 0n/WUpGVtCw=
[2026-09-12 20:38:02][INFO] Login Server: 119.8.212.255:10000
[2026-09-12 20:38:02][INFO] ⏳ متبقي على إعادة محاولة الدخول: 45 ثانية...
[2026-09-12 20:38:02][INFO]   Auth resp: 406 Not Acceptable
[2026-09-12 20:38:02][ERROR] [Login] johan2003@yopmail.com: SDK token error - sessionId منتهي الصلاحية
[2026-09-12 20:38:02][ERROR] ❌ [تسجيل الدخول] فشل الاتصال بالحساب johan2003@yopmail.com!
[2026-09-12 20:38:02][INFO] 🔒 تم إغلاق اتصال الحساب johan2003@yopmail.com بأمان.
[2026-09-12 20:38:02][INFO] ✅ انتهت الدورة #1 في 1ث — الدورة القادمة الساعة: 22:08:01
[2026-09-12 20:38:02][INFO] 💤 انتظار 90.0 دقيقة...
[2026-09-12 20:38:02][INFO] DH Handshake...
[2026-09-12 20:38:02][INFO]   ServerKey: Inf69f8E6e4=
[2026-09-12 20:38:02][INFO]   Secret: 8bfece202a9726ef
[2026-09-12 20:38:02][INFO]   HMAC sent: KgPjUCAT/7w=
[2026-09-12 20:38:02][INFO] 📋 تم تحميل 16 حساب من session_cache.json
[2026-09-12 20:38:02][INFO] Login Server: 119.8.212.255:10000
[2026-09-12 20:38:02][INFO] ✅ تم تحميل إعدادات Firebase من: E:\osmanli\.bot_config_e4tWS8v10m2nDHyzad0M.json
[2026-09-12 20:38:02][INFO] 📋 تم تحميل 16 حساب من session_cache.json
[2026-09-12 20:38:02][INFO] 🔁 وضع التشغيل المستمر نشط — دورة كل 90 دقيقة
[2026-09-12 20:38:02][INFO]   📅 مهام مُجدوَلة (9 مهمة):
     • research: {'times_per_day': 2} | آخر تشغيل: لم تُشغَّل بعد
     • tactics_hall: {'times_per_day': 2} | آخر تشغيل: لم تُشغَّل بعد
     • fountain: {'times_per_day': 2} | آخر تشغيل: لم تُشغَّل بعد
     • material_workshop: {'times_per_day': 2} | آخر تشغيل: لم تُشغَّل بعد
     • caravan: {'times_per_day': 2} | آخر تشغيل: لم تُشغَّل بعد
     • port_delegate: {'times_per_day': 3} | آخر تشغيل: لم تُشغَّل بعد
     • savings_bank: {'times_per_day': 1} | آخر تشغيل: لم تُشغَّل بعد
     • building: {'times_per_day': 1} | آخر تشغيل: لم تُشغَّل بعد
     • prestige: {'hours': [3]} | آخر تشغيل: لم تُشغَّل بعد
[2026-09-12 20:38:02][INFO] 🔄 دورة رقم #1 — بدأت 2026-09-12 20:38:02
[2026-09-12 20:38:02][INFO] 🔐 [تسجيل الدخول] بدء الاتصال بالحساب: johan2003@yopmail.com...
[2026-09-12 20:38:02][INFO] 📋 تم تحميل 16 حساب من session_cache.json
[2026-09-12 20:38:02][INFO] ✅ تم تحميل إعدادات Firebase من: E:\osmanli\.bot_config_e4tWS8v10m2nDHyzad0M.json
[2026-09-12 20:38:02][INFO] 📋 تم تحميل 16 حساب من session_cache.json
[2026-09-12 20:38:02][INFO] 🔁 وضع التشغيل المستمر نشط — دورة كل 90 دقيقة
[2026-09-12 20:38:02][INFO]   📅 مهام مُجدوَلة (9 مهمة):
     • research: {'times_per_day': 2} | آخر تشغيل: لم تُشغَّل بعد
     • tactics_hall: {'times_per_day': 2} | آخر تشغيل: لم تُشغَّل بعد
     • fountain: {'times_per_day': 2} | آخر تشغيل: لم تُشغَّل بعد
     • material_workshop: {'times_per_day': 2} | آخر تشغيل: لم تُشغَّل بعد
     • caravan: {'times_per_day': 2} | آخر تشغيل: لم تُشغَّل بعد
     • port_delegate: {'times_per_day': 3} | آخر تشغيل: لم تُشغَّل بعد
     • savings_bank: {'times_per_day': 1} | آخر تشغيل: لم تُشغَّل بعد
     • building: {'times_per_day': 1} | آخر تشغيل: لم تُشغَّل بعد
     • prestige: {'hours': [3]} | آخر تشغيل: لم تُشغَّل بعد
[2026-09-12 20:38:02][INFO] 🔄 دورة رقم #1 — بدأت 2026-09-12 20:38:02
[2026-09-12 20:38:02][INFO] 🔐 [تسجيل الدخول] بدء الاتصال بالحساب: johan2003@yopmail.com...
[2026-09-12 20:38:02][ERROR] [Gate] Handshake failed: b'404 User Not Found'
[2026-09-12 20:38:02][ERROR] ❌ [تسجيل الدخول] فشل الاتصال بالحساب johan2003@yopmail.com!
[2026-09-12 20:38:02][INFO] 🔒 تم إغلاق اتصال الحساب johan2003@yopmail.com بأمان.
[2026-09-12 20:38:02][INFO]   Challenge: venQut8pmNg=
[2026-09-12 20:38:02][INFO]   Handshake resp: 200 challenge success
[2026-09-12 20:38:02][INFO] ✅ انتهت الدورة #1 في 2ث — الدورة القادمة الساعة: 22:08:01
[2026-09-12 20:38:02][INFO]   ClientKey sent: dGNJwgVO+Zo=
[2026-09-12 20:38:02][INFO] 💤 انتظار 90.0 دقيقة...
[2026-09-12 20:38:02][INFO] 📋 تم تحميل 16 حساب من session_cache.json
[2026-09-12 20:38:02][INFO] ✅ تم تحميل إعدادات Firebase من: E:\osmanli\.bot_config_e4tWS8v10m2nDHyzad0M.json
[2026-09-12 20:38:02][INFO] 📋 تم تحميل 16 حساب من session_cache.json
[2026-09-12 20:38:02][INFO] 🔁 وضع التشغيل المستمر نشط — دورة كل 90 دقيقة
[2026-09-12 20:38:02][INFO]   📅 مهام مُجدوَلة (9 مهمة):
     • research: {'times_per_day': 2} | آخر تشغيل: لم تُشغَّل بعد
     • tactics_hall: {'times_per_day': 2} | آخر تشغيل: لم تُشغَّل بعد
     • fountain: {'times_per_day': 2} | آخر تشغيل: لم تُشغَّل بعد
     • material_workshop: {'times_per_day': 2} | آخر تشغيل: لم تُشغَّل بعد
     • caravan: {'times_per_day': 2} | آخر تشغيل: لم تُشغَّل بعد
     • port_delegate: {'times_per_day': 3} | آخر تشغيل: لم تُشغَّل بعد
     • savings_bank: {'times_per_day': 1} | آخر تشغيل: لم تُشغَّل بعد
     • building: {'times_per_day': 1} | آخر تشغيل: لم تُشغَّل بعد
     • prestige: {'hours': [3]} | آخر تشغيل: لم تُشغَّل بعد
[2026-09-12 20:38:02][INFO] 🔄 دورة رقم #1 — بدأت 2026-09-12 20:38:02
[2026-09-12 20:38:02][INFO] 🔐 [تسجيل الدخول] بدء الاتصال بالحساب: johan2003@yopmail.com...
[2026-09-12 20:38:02][INFO]   Auth resp: 200 TWpVNUBhMjlvWDJkaGJXVmZNalk9QE1URTVMamd1TWpFekxqRXpNUT09QE5EQXdNQT09QE1qZ3hOalk0QE1UQTJNREEzTkRN
[2026-09-12 20:38:02][INFO]   Gate: 119.8.213.131:4000
[2026-09-12 20:38:02][INFO]   UID: 10600743 Server: koh_game_26
[2026-09-12 20:38:02][INFO] [Login] ✓ johan2003@yopmail.com → Gate 119.8.213.131:4000 uid=10600743
[2026-09-12 20:38:02][INFO]   Token sent
[2026-09-12 20:38:02][INFO] Login Server: 119.8.212.255:10000
[2026-09-12 20:38:02][INFO] DH Handshake...
[2026-09-12 20:38:02][INFO]   ServerKey: Hj60QsLl/xo=
[2026-09-12 20:38:02][INFO]   Secret: 559f408dacf6bb43
[2026-09-12 20:38:02][INFO]   HMAC sent: vzM5S4A1iig=
[2026-09-12 20:38:02][INFO] 🔒 تم إغلاق اتصال الحساب johan2003@yopmail.com بأمان.
[2026-09-12 20:38:02][INFO] 🔒 تم إغلاق اتصال الحساب johan2003@yopmail.com بأمان.
[2026-09-12 20:38:02][INFO] 🔒 تم إغلاق اتصال الحساب johan2003@yopmail.com بأمان.
[2026-09-12 20:38:02][INFO] 🔒 تم إغلاق اتصال الحساب johan2003@yopmail.com بأمان.
[2026-09-12 20:38:02][INFO]   Handshake resp: 200 challenge success
[2026-09-12 20:38:02][INFO] DH Handshake...
[2026-09-12 20:38:02][INFO]   Challenge: KGfsCjkce8I=
[2026-09-12 20:38:02][INFO]   ClientKey sent: EGduTafcdRU=
[2026-09-12 20:38:03][INFO]   Token sent
[2026-09-12 20:38:03][INFO] 🔒 تم إغلاق اتصال الحساب johan2003@yopmail.com بأمان.
[2026-09-12 20:38:03][INFO] 🔒 تم إغلاق اتصال الحساب johan2003@yopmail.com بأمان.
[2026-09-12 20:38:03][INFO]   Challenge: hJodMlB/cGQ=
[2026-09-12 20:38:03][INFO]   ClientKey sent: 35pXX/h7Xho=
[2026-09-12 20:38:03][INFO]   ServerKey: +CCH/BA2f+c=
[2026-09-12 20:38:03][INFO]   Secret: 88e959a422a907f8
[2026-09-12 20:38:03][INFO]   HMAC sent: TPWDZNZxD04=
[2026-09-12 20:38:03][INFO] 🔒 تم إغلاق اتصال الحساب johan2003@yopmail.com بأمان.
[2026-09-12 20:38:03][INFO]   Auth resp: 406 Not Acceptable
[2026-09-12 20:38:03][INFO] 🔒 تم إغلاق اتصال الحساب johan2003@yopmail.com بأمان.
[2026-09-12 20:38:03][INFO]   Auth resp: 200 TWpVNUBhMjlvWDJkaGJXVmZNalk9QE1URTVMamd1TWpFekxqRXpNUT09QE5EQXdNQT09QE1qZ3hOalk1QE1UQTJNREEzTkRN
[2026-09-12 20:38:03][INFO]   Gate: 119.8.213.131:4000
[2026-09-12 20:38:03][INFO]   UID: 10600743 Server: koh_game_26
[2026-09-12 20:38:03][INFO]   ServerKey: fyAWsLyMA4I=
[2026-09-12 20:38:03][INFO]   Secret: c96d6d3a1ce29a23
�ل الحساب johan2003@yopmail.com بأمان.
[2026-09-12 20:38:03][INFO]   HMAC sent: 978FRDoqHo8=
[2026-09-12 20:38:03][INFO]   Handshake resp: 200 challenge success
[2026-09-12 20:38:03][INFO]   Token sent
[2026-09-12 20:38:03][INFO]   Handshake resp: 200 challenge success
[2026-09-12 20:38:03][INFO]   Token sent
[2026-09-12 20:38:03][INFO] 🔒 تم إغلاق اتصال الحساب johan2003@yopmail.com بأمان.
[2026-09-12 20:38:03][INFO] Login Server: 119.8.212.255:10000
[2026-09-12 20:38:03][INFO] 🔒 تم إغلاق اتصال الحساب johan2003@yopmail.com بأمان.
[2026-09-12 20:38:03][INFO]   Auth resp: 406 Not Acceptable
[2026-09-12 20:38:03][INFO] 🔒 تم إغلاق اتصال الحساب johan2003@yopmail.com بأمان.
[2026-09-12 20:38:03][INFO] DH Handshake...
[2026-09-12 20:38:03][INFO]   Challenge: WrpwvBqx4zA=
[2026-09-12 20:38:03][INFO]   ClientKey sent: 8JFbnntXgno=
[2026-09-12 20:38:03][INFO]   Auth resp: 200 TWpVNUBhMjlvWDJkaGJXVmZNalk9QE1URTVMamd1TWpFekxqRXpNUT09QE5EQXdNQT09QE1qZ3hOamN3QE1UQTJNREEzTkRN
[2026-09-12 20:38:03][INFO]   Gate: 119.8.213.131:4000
[2026-09-12 20:38:03][INFO]   UID: 10600743 Server: koh_game_26
[2026-09-12 20:38:03][INFO] 🔒 تم إغلاق اتصال الحساب johan2003@yopmail.com بأمان.
[2026-09-12 20:38:03][INFO]   ServerKey: uF22SIft6Mk=
[2026-09-12 20:38:03][INFO]   Secret: 5da6fa8bf231793e
[2026-09-12 20:38:03][INFO]   HMAC sent: oMmmKcQLKTY=
[2026-09-12 20:38:03][INFO] 🔒 تم إغلاق اتصال الحساب johan2003@yopmail.com بأمان.
[2026-09-12 20:38:03][INFO]   Handshake resp: 200 challenge success
[2026-09-12 20:38:03][INFO]   Token sent
[2026-09-12 20:38:03][INFO] 🔒 تم إغلاق اتصال الحساب johan2003@yopmail.com بأمان.
[2026-09-12 20:38:04][INFO] 🔒 تم إغلاق اتصال الحساب johan2003@yopmail.com بأمان.
[2026-09-12 20:38:04][INFO]   Auth resp: 200 TWpVNUBhMjlvWDJkaGJXVmZNalk9QE1URTVMamd1TWpFekxqRXpNUT09QE5EQXdNQT09QE1qZ3hOamN4QE1UQTJNREEzTkRN
[2026-09-12 20:38:04][INFO]   Gate: 119.8.213.131:4000
[2026-09-12 20:38:04][INFO]   UID: 10600743 Server: koh_game_26
[2026-09-12 20:38:04][INFO] 🔒 تم إغلاق اتصال الحساب johan2003@yopmail.com بأمان.
[2026-09-12 20:38:04][INFO] Login Server: 119.8.212.255:10000
[2026-09-12 20:38:04][INFO] 🔒 تم إغلاق اتصال الحساب johan2003@yopmail.com بأمان.
[2026-09-12 20:38:04][INFO] DH Handshake...
[2026-09-12 20:38:04][INFO]   Challenge: nAHU3DS1zcs=
[2026-09-12 20:38:04][INFO]   ClientKey sent: POJ35I/biUM=
[2026-09-12 20:38:04][INFO] 🔒 تم إغلاق اتصال الحساب johan2003@yopmail.com بأمان.
[2026-09-12 20:38:04][INFO] 🔒 تم إغلاق اتصال الحساب johan2003@yopmail.com بأمان.
[2026-09-12 20:38:04][INFO] 🔒 تم إغلاق اتصال الحساب johan2003@yopmail.com بأمان.
[2026-09-12 20:38:04][INFO]   ServerKey: YC+9gLaOjpQ=
[2026-09-12 20:38:04][INFO]   Secret: 081ccc5c1d2978f7
[2026-09-12 20:38:04][INFO]   HMAC sent: nh1AWcXv5DM=
[2026-09-12 20:38:04][INFO]   Handshake resp: 200 challenge success
[2026-09-12 20:38:04][INFO]   Token sent
[2026-09-12 20:38:05][INFO] 🔒 تم إغلاق اتصال الحساب johan2003@yopmail.com بأمان.
[2026-09-12 20:38:05][INFO] 🔒 تم إغلاق اتصال الحساب johan2003@yopmail.com بأمان.
[2026-09-12 20:38:05][INFO]   Auth resp: 200 TWpVNUBhMjlvWDJkaGJXVmZNalk9QE1URTVMamd1TWpFekxqRXpNUT09QE5EQXdNQT09QE1qZ3hOamN5QE1UQTJNREEzTkRN
[2026-09-12 20:38:05][INFO]   Gate: 119.8.213.131:4000
[2026-09-12 20:38:05][INFO]   UID: 10600743 Server: koh_game_26
[2026-09-12 20:38:05][INFO] 🔒 تم إغلاق اتصال الحساب johan2003@yopmail.com بأمان.
[2026-09-12 20:38:05][INFO] 🔒 تم إغلاق اتصال الحساب johan2003@yopmail.com بأمان.
[2026-09-12 20:38:05][INFO] Login Server: 119.8.212.255:10000
[2026-09-12 20:38:05][INFO] 🔒 تم إغلاق اتصال الحساب johan2003@yopmail.com بأمان.
[2026-09-12 20:38:05][INFO] Login Server: 119.8.212.255:10000
[2026-09-12 20:38:05][INFO] 🔒 تم إغلاق اتصال الحساب johan2003@yopmail.com بأمان.
[2026-09-12 20:38:05][INFO] DH Handshake...
[2026-09-12 20:38:05][INFO]   Challenge: maDcSjXIPWc=
[2026-09-12 20:38:05][INFO] DH Handshake...
[2026-09-12 20:38:05][INFO]   ClientKey sent: Y4qeiyrZd0k=
[2026-09-12 20:38:05][INFO]   ServerKey: YkC6bU9LpH0=
[2026-09-12 20:38:05][INFO]   Secret: 4e448fc8b797e8c2
[2026-09-12 20:38:05][INFO]   HMAC sent: IAG89JrVmSg=
[2026-09-12 20:38:05][INFO]   Challenge: 4FmA2WeTrQA=
[2026-09-12 20:38:05][INFO]   ClientKey sent: srHrKQCdPbQ=
[2026-09-12 20:38:05][INFO]   Handshake resp: 200 challenge success
[2026-09-12 20:38:05][INFO] 🔒 تم إغلاق اتصال الحساب johan2003@yopmail.com بأمان.
[2026-09-12 20:38:05][INFO]   ServerKey: wWY113Qe2vQ=
[2026-09-12 20:38:05][INFO]   Secret: e9b9a49636bba226
[2026-09-12 20:38:05][INFO]   HMAC sent: 965IsndrGJc=
[2026-09-12 20:38:05][INFO] 🔒 تم إغلاق اتصال الحساب johan2003@yopmail.com بأمان.
[2026-09-12 20:38:05][INFO]   Token sent
[2026-09-12 20:38:06][INFO]   Handshake resp: 200 challenge success
[2026-09-12 20:38:06][INFO] 🔒 تم إغلاق اتصال الحساب johan2003@yopmail.com بأمان.
[2026-09-12 20:38:06][INFO]   Token sent
[2026-09-12 20:38:06][INFO]   Auth resp: 406 Not Acceptable
[2026-09-12 20:38:06][INFO]   Auth resp: 200 TWpVNUBhMjlvWDJkaGJXVmZNalk9QE1URTVMamd1TWpFekxqRXpNUT09QE5EQXdNQT09QE1qZ3hOamMwQE1UQTJNREEzTkRN
[2026-09-12 20:38:06][INFO]   Gate: 119.8.213.131:4000
[2026-09-12 20:38:06][INFO]   UID: 10600743 Server: koh_game_26
[2026-09-12 20:38:06][INFO] 🔒 تم إغلاق اتصال الحساب johan2003@yopmail.com بأمان.
[2026-09-12 20:38:06][INFO] 🔒 تم إغلاق اتصال الحساب johan2003@yopmail.com بأمان.
[2026-09-12 20:38:06][INFO] 🔒 تم إغلاق اتصال الحساب johan2003@yopmail.com بأمان.
[2026-09-12 20:38:07][INFO] 🔒 تم إغلاق اتصال الحساب johan2003@yopmail.com بأمان.
[2026-09-12 20:38:07][INFO] 🔒 تم إغلاق اتصال الحساب johan2003@yopmail.com بأمان.
[2026-09-12 20:38:07][INFO] 🔒 تم إغلاق اتصال الحساب johan2003@yopmail.com بأمان.
[2026-09-12 20:38:07][INFO] 🔒 تم إغلاق اتصال الحساب johan2003@yopmail.com بأمان.
[2026-09-12 20:38:07][INFO] 🔒 تم إغلاق اتصال الحساب johan2003@yopmail.com بأمان.
[2026-09-12 20:38:07][INFO] 🔒 تم إغلاق اتصال الحساب johan2003@yopmail.com بأمان.
[2026-09-12 20:38:07][INFO] 🔒 تم إغلاق اتصال الحساب johan2003@yopmail.com بأمان.
[2026-09-12 20:38:11][INFO] 📋 تم تحميل 16 حساب من session_cache.json
[2026-09-12 20:38:11][INFO] 📋 تم تحميل 16 حساب من session_cache.json
[2026-09-12 20:38:11][INFO] 🔁 وضع التشغيل المستمر نشط — دورة كل 90 دقيقة
[2026-09-12 20:38:11][INFO]   📅 مهام مُجدوَلة (10 مهمة):
     • research: {'times_per_day': 2} | آخر تشغيل: لم تُشغَّل بعد
     • tactics_hall: {'times_per_day': 2} | آخر تشغيل: لم تُشغَّل بعد
     • fountain: {'times_per_day': 2} | آخر تشغيل: لم تُشغَّل بعد
     • material_workshop: {'times_per_day': 2} | آخر تشغيل: لم تُشغَّل بعد
     • caravan: {'times_per_day': 4, 'active_window': {'from': 7, 'to': 23}} | آخر تشغيل: لم تُشغَّل بعد
     • port_delegate: {'times_per_day': 3} | آخر تشغيل: لم تُشغَّل بعد
     • savings_bank: {'times_per_day': 1} | آخر تشغيل: لم تُشغَّل بعد
     • building: {'times_per_day': 1} | آخر تشغيل: لم تُشغَّل بعد
     • prestige: {'hours': [3]} | آخر تشغيل: لم تُشغَّل بعد
     • march_manager: {'times_per_day': 4} | آخر تشغيل: لم تُشغَّل بعد
[2026-09-12 20:38:11][INFO] 🔄 دورة رقم #1 — بدأت 2026-09-12 20:38:11
[2026-09-12 20:38:11][INFO] 🔐 [تسجيل الدخول] بدء الاتصال بالحساب: johan2003@yopmail.com...
[2026-09-12 20:38:11][INFO] Login Server: 119.8.212.255:10000
[2026-09-12 20:38:11][INFO] DH Handshake...
[2026-09-12 20:38:11][INFO]   Challenge: 5Yrebs8jF14=
[2026-09-12 20:38:11][INFO]   ClientKey sent: nhMHsiCSYpY=
[2026-09-12 20:38:11][INFO]   ServerKey: TStxVKJsa0Q=
[2026-09-12 20:38:11][INFO]   Secret: c00d04bf216529bf
[2026-09-12 20:38:11][INFO]   HMAC sent: b07pd0AOWS0=
[2026-09-12 20:38:11][INFO]   Handshake resp: 200 challenge success
[2026-09-12 20:38:12][INFO]   Token sent
[2026-09-12 20:38:12][INFO] 📋 تم تحميل 16 حساب من session_cache.json
[2026-09-12 20:38:12][INFO] 📋 تم تحميل 16 حساب من session_cache.json
[2026-09-12 20:38:12][INFO] 🔁 وضع التشغيل المستمر نشط — دورة كل 90 دقيقة
[2026-09-12 20:38:12][INFO]   📅 مهام مُجدوَلة (10 مهمة):
     • research: {'times_per_day': 2} | آخر تشغيل: لم تُشغَّل بعد
     • tactics_hall: {'times_per_day': 2} | آخر تشغيل: لم تُشغَّل بعد
     • fountain: {'times_per_day': 2} | آخر تشغيل: لم تُشغَّل بعد
     • material_workshop: {'times_per_day': 2} | آخر تشغيل: لم تُشغَّل بعد
     • caravan: {'times_per_day': 4, 'active_window': {'from': 7, 'to': 23}} | آخر تشغيل: لم تُشغَّل بعد
     • port_delegate: {'times_per_day': 3} | آخر تشغيل: لم تُشغَّل بعد
     • savings_bank: {'times_per_day': 1} | آخر تشغيل: لم تُشغَّل بعد
     • building: {'times_per_day': 1} | آخر تشغيل: لم تُشغَّل بعد
     • prestige: {'hours': [3]} | آخر تشغيل: لم تُشغَّل بعد
     • march_manager: {'times_per_day': 4} | آخر تشغيل: لم تُشغَّل بعد
[2026-09-12 20:38:12][INFO] 🔄 دورة رقم #1 — بدأت 2026-09-12 20:38:12
[2026-09-12 20:38:12][INFO] 🔐 [تسجيل الدخول] بدء الاتصال بالحساب: johan2003@yopmail.com...
[2026-09-12 20:38:12][INFO] 📋 تم تحميل 16 حساب من session_cache.json
[2026-09-12 20:38:12][INFO] 📋 تم تحميل 16 حساب من session_cache.json
[2026-09-12 20:38:12][INFO] 🔁 وضع التشغيل المستمر نشط — دورة كل 90 دقيقة
[2026-09-12 20:38:12][INFO]   📅 مهام مُجدوَلة (10 مهمة):
     • research: {'times_per_day': 2} | آخر تشغيل: لم تُشغَّل بعد
     • tactics_hall: {'times_per_day': 2} | آخر تشغيل: لم تُشغَّل بعد
     • fountain: {'times_per_day': 2} | آخر تشغيل: لم تُشغَّل بعد
     • material_workshop: {'times_per_day': 2} | آخر تشغيل: لم تُشغَّل بعد
     • caravan: {'times_per_day': 4, 'active_window': {'from': 7, 'to': 23}} | آخر تشغيل: لم تُشغَّل بعد
     • port_delegate: {'times_per_day': 3} | آخر تشغيل: لم تُشغَّل بعد
     • savings_bank: {'times_per_day': 1} | آخر تشغيل: لم تُشغَّل بعد
     • building: {'times_per_day': 1} | آخر تشغيل: لم تُشغَّل بعد
     • prestige: {'hours': [3]} | آخر تشغيل: لم تُشغَّل بعد
     • march_manager: {'times_per_day': 4} | آخر تشغيل: لم تُشغَّل بعد
[2026-09-12 20:38:12][INFO] 🔄 دورة رقم #1 — بدأت 2026-09-12 20:38:12
[2026-09-12 20:38:12][INFO] 🔐 [تسجيل الدخول] بدء الاتصال بالحساب: johan2003@yopmail.com...
[2026-09-12 20:38:12][INFO] Login Server: 119.8.212.255:10000
[2026-09-12 20:38:12][INFO] 📋 تم تحميل 16 حساب من session_cache.json
[2026-09-12 20:38:12][INFO] 📋 تم تحميل 16 حساب من session_cache.json
[2026-09-12 20:38:12][INFO] 🔁 وضع التشغيل المستمر نشط — دورة كل 90 دقيقة
[2026-09-12 20:38:12][INFO]   📅 مهام مُجدوَلة (10 مهمة):
     • research: {'times_per_day': 2} | آخر تشغيل: لم تُشغَّل بعد
     • tactics_hall: {'times_per_day': 2} | آخر تشغيل: لم تُشغَّل بعد
     • fountain: {'times_per_day': 2} | آخر تشغيل: لم تُشغَّل بعد
     • material_workshop: {'times_per_day': 2} | آخر تشغيل: لم تُشغَّل بعد
     • caravan: {'times_per_day': 4, 'active_window': {'from': 7, 'to': 23}} | آخر تشغيل: لم تُشغَّل بعد
     • port_delegate: {'times_per_day': 3} | آخر تشغيل: لم تُشغَّل بعد
     • savings_bank: {'times_per_day': 1} | آخر تشغيل: لم تُشغَّل بعد
     • building: {'times_per_day': 1} | آخر تشغيل: لم تُشغَّل بعد
     • prestige: {'hours': [3]} | آخر تشغيل: لم تُشغَّل بعد
     • march_manager: {'times_per_day': 4} | آخر تشغيل: لم تُشغَّل بعد
[2026-09-12 20:38:12][INFO] 🔄 دورة رقم #1 — بدأت 2026-09-12 20:38:12
[2026-09-12 20:38:12][INFO] 🔐 [تسجيل الدخول] بدء الاتصال بالحساب: johan2003@yopmail.com...
[2026-09-12 20:38:12][INFO] Login Server: 119.8.212.255:10000
[2026-09-12 20:38:12][INFO] Login Server: 119.8.212.255:10000
[2026-09-12 20:38:12][INFO] 📋 تم تحميل 16 حساب من session_cache.json
[2026-09-12 20:38:12][INFO] 📋 تم تحميل 16 حساب من session_cache.json
[2026-09-12 20:38:12][INFO] 🔁 وضع التشغيل المستمر نشط — دورة كل 90 دقيقة
[2026-09-12 20:38:12][INFO]   📅 مهام مُجدوَلة (10 مهمة):
     • research: {'times_per_day': 2} | آخر تشغيل: لم تُشغَّل بعد
     • tactics_hall: {'times_per_day': 2} | آخر تشغيل: لم تُشغَّل بعد
     • fountain: {'times_per_day': 2} | آخر تشغيل: لم تُشغَّل بعد
     • material_workshop: {'times_per_day': 2} | آخر تشغيل: لم تُشغَّل بعد
     • caravan: {'times_per_day': 4, 'active_window': {'from': 7, 'to': 23}} | آخر تشغيل: لم تُشغَّل بعد
     • port_delegate: {'times_per_day': 3} | آخر تشغيل: لم تُشغَّل بعد
     • savings_bank: {'times_per_day': 1} | آخر تشغيل: لم تُشغَّل بعد
     • building: {'times_per_day': 1} | آخر تشغيل: لم تُشغَّل بعد
     • prestige: {'hours': [3]} | آخر تشغيل: لم تُشغَّل بعد
     • march_manager: {'times_per_day': 4} | آخر تشغيل: لم تُشغَّل بعد
[2026-09-12 20:38:12][INFO] 🔄 دورة رقم #1 — بدأت 2026-09-12 20:38:12
[2026-09-12 20:38:12][INFO] 🔐 [تسجيل الدخول] بدء الاتصال بالحساب: johan2003@yopmail.com...
[2026-09-12 20:38:12][INFO] 📋 تم تحميل 16 حساب من session_cache.json
[2026-09-12 20:38:12][INFO] 📋 تم تحميل 16 حساب من session_cache.json
[2026-09-12 20:38:12][INFO] 🔁 وضع التشغيل المستمر نشط — دورة كل 90 دقيقة
[2026-09-12 20:38:12][INFO]   📅 مهام مُجدوَلة (10 مهمة):
     • research: {'times_per_day': 2} | آخر تشغيل: لم تُشغَّل بعد
     • tactics_hall: {'times_per_day': 2} | آخر تشغيل: لم تُشغَّل بعد
     • fountain: {'times_per_day': 2} | آخر تشغيل: لم تُشغَّل بعد
     • material_workshop: {'times_per_day': 2} | آخر تشغيل: لم تُشغَّل بعد
     • caravan: {'times_per_day': 4, 'active_window': {'from': 7, 'to': 23}} | آخر تشغيل: لم تُشغَّل بعد
     • port_delegate: {'times_per_day': 3} | آخر تشغيل: لم تُشغَّل بعد
     • savings_bank: {'times_per_day': 1} | آخر تشغيل: لم تُشغَّل بعد
     • building: {'times_per_day': 1} | آخر تشغيل: لم تُشغَّل بعد
     • prestige: {'hours': [3]} | آخر تشغيل: لم تُشغَّل بعد
     • march_manager: {'times_per_day': 4} | آخر تشغيل: لم تُشغَّل بعد
[2026-09-12 20:38:12][INFO] 🔄 دورة رقم #1 — بدأت 2026-09-12 20:38:12
[2026-09-12 20:38:12][INFO] 🔐 [تسجيل الدخول] بدء الاتصال بالحساب: johan2003@yopmail.com...
[2026-09-12 20:38:12][INFO] Login Server: 119.8.212.255:10000
[2026-09-12 20:38:12][INFO] Login Server: 119.8.212.255:10000
[2026-09-12 20:38:12][INFO] DH Handshake...
[2026-09-12 20:38:12][INFO] DH Handshake...
[2026-09-12 20:38:12][INFO]   Auth resp: 200 TWpVNUBhMjlvWDJkaGJXVmZNalk9QE1URTVMamd1TWpFekxqRXpNUT09QE5EQXdNQT09QE1qZ3hOamMyQE1UQTJNREEzTkRN
[2026-09-12 20:38:12][INFO]   Gate: 119.8.213.131:4000
[2026-09-12 20:38:12][INFO]   UID: 10600743 Server: koh_game_26
[2026-09-12 20:38:12][INFO] [Login] ✓ johan2003@yopmail.com → Gate 119.8.213.131:4000 uid=10600743
[2026-09-12 20:38:12][INFO] 📋 تم تحميل 16 حساب من session_cache.json
[2026-09-12 20:38:12][INFO] 📋 تم تحميل 16 حساب من session_cache.json
[2026-09-12 20:38:12][INFO] 🔁 وضع التشغيل المستمر نشط — دورة كل 90 دقيقة
[2026-09-12 20:38:12][INFO]   📅 مهام مُجدوَلة (10 مهمة):
     • research: {'times_per_day': 2} | آخر تشغيل: لم تُشغَّل بعد
     • tactics_hall: {'times_per_day': 2} | آخر تشغيل: لم تُشغَّل بعد
     • fountain: {'times_per_day': 2} | آخر تشغيل: لم تُشغَّل بعد
     • material_workshop: {'times_per_day': 2} | آخر تشغيل: لم تُشغَّل بعد
     • caravan: {'times_per_day': 4, 'active_window': {'from': 7, 'to': 23}} | آخر تشغيل: لم تُشغَّل بعد
     • port_delegate: {'times_per_day': 3} | آخر تشغيل: لم تُشغَّل بعد
     • savings_bank: {'times_per_day': 1} | آخر تشغيل: لم تُشغَّل بعد
     • building: {'times_per_day': 1} | آخر تشغيل: لم تُشغَّل بعد
     • prestige: {'hours': [3]} | آخر تشغيل: لم تُشغَّل بعد
     • march_manager: {'times_per_day': 4} | آخر تشغيل: لم تُشغَّل بعد
[2026-09-12 20:38:12][INFO] 🔄 دورة رقم #1 — بدأت 2026-09-12 20:38:12
[2026-09-12 20:38:12][INFO] 🔐 [تسجيل الدخول] بدء الاتصال بالحساب: johan2003@yopmail.com...
[2026-09-12 20:38:12][INFO] DH Handshake...
[2026-09-12 20:38:12][INFO] Login Server: 119.8.212.255:10000
[2026-09-12 20:38:12][INFO] DH Handshake...
[2026-09-12 20:38:12][INFO]   Challenge: UfZWfYnceD4=
[2026-09-12 20:38:12][INFO]   ClientKey sent: 5MM5BIbYPYI=
[2026-09-12 20:38:12][INFO]   Challenge: edIE9afZwj8=
[2026-09-12 20:38:12][INFO] DH Handshake...
[2026-09-12 20:38:12][INFO]   ClientKey sent: ppNaPGJc6rg=
[2026-09-12 20:38:12][INFO]   Challenge: rFJ6kdq06RQ=
[2026-09-12 20:38:12][INFO]   ClientKey sent: 5Aw7I4gvfWg=
[2026-09-12 20:38:12][INFO] 📋 تم تحميل 16 حساب من session_cache.json
[2026-09-12 20:38:12][INFO] ✅ تم تحميل إعدادات Firebase من: E:\osmanli\.bot_config_e4tWS8v10m2nDHyzad0M.json
[2026-09-12 20:38:12][INFO] 📋 تم تحميل 16 حساب من session_cache.json
[2026-09-12 20:38:12][INFO] 🔁 وضع التشغيل المستمر نشط — دورة كل 90 دقيقة
[2026-09-12 20:38:12][INFO]   📅 مهام مُجدوَلة (9 مهمة):
     • research: {'times_per_day': 2} | آخر تشغيل: لم تُشغَّل بعد
     • tactics_hall: {'times_per_day': 2} | آخر تشغيل: لم تُشغَّل بعد
     • fountain: {'times_per_day': 2} | آخر تشغيل: لم تُشغَّل بعد
     • material_workshop: {'times_per_day': 2} | آخر تشغيل: لم تُشغَّل بعد
     • caravan: {'times_per_day': 2} | آخر تشغيل: لم تُشغَّل بعد
     • port_delegate: {'times_per_day': 3} | آخر تشغيل: لم تُشغَّل بعد
     • savings_bank: {'times_per_day': 1} | آخر تشغيل: لم تُشغَّل بعد
     • building: {'times_per_day': 1} | آخر تشغيل: لم تُشغَّل بعد
     • prestige: {'hours': [3]} | آخر تشغيل: لم تُشغَّل بعد
[2026-09-12 20:38:12][INFO] 🔄 دورة رقم #1 — بدأت 2026-09-12 20:38:12
[2026-09-12 20:38:12][INFO] 🔐 [تسجيل الدخول] بدء الاتصال بالحساب: johan2003@yopmail.com...
[2026-09-12 20:38:12][INFO] Login Server: 119.8.212.255:10000
[2026-09-12 20:38:12][INFO]   ServerKey: PiA7WD8kxpQ=
[2026-09-12 20:38:12][INFO]   Challenge: s+ZBj15/CDA=
[2026-09-12 20:38:12][INFO]   Secret: 73dc1f11c6209f09
[2026-09-12 20:38:12][INFO]   ClientKey sent: 8tiyrBBRQ5s=
[2026-09-12 20:38:12][INFO]   HMAC sent: UtNDV0WMWYM=
[2026-09-12 20:38:12][INFO]   ServerKey: B0LOgdxyFis=
[2026-09-12 20:38:12][INFO] DH Handshake...
RIznWPQ=
[2026-09-12 20:38:12][INFO]   Secret: 6b351466bc2b809d
[2026-09-12 20:38:12][INFO]   ClientKey sent: fkz0ujGT5UE=
[2026-09-12 20:38:12][INFO]   HMAC sent: aloEdAnNgxs=
[2026-09-12 20:38:12][INFO] 📋 تم تحميل 16 حساب من session_cache.json
[2026-09-12 20:38:12][INFO] 📋 تم تحميل 16 حساب من session_cache.json
[2026-09-12 20:38:12][INFO] ✅ تم تحميل إعدادات Firebase من: E:\osmanli\.bot_config_e4tWS8v10m2nDHyzad0M.json
[2026-09-12 20:38:12][INFO]   Handshake resp: 200 challenge success
[2026-09-12 20:38:12][INFO]   ServerKey: +bwMY17X0DY=
[2026-09-12 20:38:12][INFO] 📋 تم تحميل 16 حساب من session_cache.json
[2026-09-12 20:38:12][INFO]   Secret: 776a2fc7897fd573
[2026-09-12 20:38:12][INFO]   HMAC sent: 4I8qnZuexJg=
[2026-09-12 20:38:12][INFO] 🔁 وضع التشغيل المستمر نشط — دورة كل 90 دقيقة
[2026-09-12 20:38:12][INFO] DH Handshake...
[2026-09-12 20:38:12][INFO]   📅 مهام مُجدوَلة (9 مهمة):
     • research: {'times_per_day': 2} | آخر تشغيل: لم تُشغَّل بعد
     • tactics_hall: {'times_per_day': 2} | آخر تشغيل: لم تُشغَّل بعد
     • fountain: {'times_per_day': 2} | آخر تشغيل: لم تُشغَّل بعد
     • material_workshop: {'times_per_day': 2} | آخر تشغيل: لم تُشغَّل بعد
     • caravan: {'times_per_day': 2} | آخر تشغيل: لم تُشغَّل بعد
     • port_delegate: {'times_per_day': 3} | آخر تشغيل: لم تُشغَّل بعد
     • savings_bank: {'times_per_day': 1} | آخر تشغيل: لم تُشغَّل بعد
     • building: {'times_per_day': 1} | آخر تشغيل: لم تُشغَّل بعد
     • prestige: {'hours': [3]} | آخر تشغيل: لم تُشغَّل بعد
[2026-09-12 20:38:12][INFO] ⏳ انتظار مزامنة الحزم الأولية من السيرفر...
[2026-09-12 20:38:12][INFO] 🔄 دورة رقم #1 — بدأت 2026-09-12 20:38:12
[2026-09-12 20:38:12][INFO] 🔐 [تسجيل الدخول] بدء الاتصال بالحساب: johan2003@yopmail.com...
[2026-09-12 20:38:12][INFO]   ServerKey: AO6TkLfWSaI=
[2026-09-12 20:38:12][INFO]   Secret: 0268bdb0908f1539
[2026-09-12 20:38:12][INFO]   HMAC sent: 7v9D1mjldv8=
[2026-09-12 20:38:12][INFO]   Challenge: V0S4K7mYshU=
[2026-09-12 20:38:12][INFO]   ClientKey sent: UbTXlZw9/zg=
[2026-09-12 20:38:12][INFO]   ServerKey: xOHK/uQrh58=
[2026-09-12 20:38:12][INFO]   Secret: dc95cf9f3102489a
[2026-09-12 20:38:12][INFO]   HMAC sent: 9zha9jYLVz4=
[2026-09-12 20:38:12][INFO] ✅ تم تحميل إعدادات Firebase من: E:\osmanli\.bot_config_e4tWS8v10m2nDHyzad0M.json
[2026-09-12 20:38:12][INFO] 📋 تم تحميل 16 حساب من session_cache.json
[2026-09-12 20:38:12][INFO] 📋 تم تحميل 16 حساب من session_cache.json
[2026-09-12 20:38:12][INFO] ✅ تم تحميل إعدادات Firebase من: E:\osmanli\.bot_config_e4tWS8v10m2nDHyzad0M.json
[2026-09-12 20:38:12][INFO] 📋 تم تحميل 16 حساب من session_cache.json
[2026-09-12 20:38:12][INFO] 🔁 وضع التشغيل المستمر نشط — دورة كل 90 دقيقة
[2026-09-12 20:38:12][INFO]   📅 مهام مُجدوَلة (9 مهمة):
     • research: {'times_per_day': 2} | آخر تشغيل: لم تُشغَّل بعد
     • tactics_hall: {'times_per_day': 2} | آخر تشغيل: لم تُشغَّل بعد
     • fountain: {'times_per_day': 2} | آخر تشغيل: لم تُشغَّل بعد
     • material_workshop: {'times_per_day': 2} | آخر تشغيل: لم تُشغَّل بعد
     • caravan: {'times_per_day': 2} | آخر تشغيل: لم تُشغَّل بعد
     • port_delegate: {'times_per_day': 3} | آخر تشغيل: لم تُشغَّل بعد
     • savings_bank: {'times_per_day': 1} | آخر تشغيل: لم تُشغَّل بعد
     • building: {'times_per_day': 1} | آخر تشغيل: لم تُشغَّل بعد
     • prestige: {'hours': [3]} | آخر تشغيل: لم تُشغَّل بعد
[2026-09-12 20:38:12][INFO] 🔄 دورة رقم #1 — بدأت 2026-09-12 20:38:12
[2026-09-12 20:38:12][INFO] 🔐 [تسجيل الدخول] بدء الاتصال بالحساب: johan2003@yopmail.com...
[2026-09-12 20:38:12][INFO] 📋 تم تحميل 16 حساب من session_cache.json
[2026-09-12 20:38:12][INFO] ✅ تم تحميل إعدادات Firebase من: E:\osmanli\.bot_config_e4tWS8v10m2nDHyzad0M.json
[2026-09-12 20:38:12][INFO] 🔁 وضع التشغيل المستمر نشط — دورة كل 90 دقيقة
[2026-09-12 20:38:12][INFO]   📅 مهام مُجدوَلة (9 مهمة):
     • research: {'times_per_day': 2} | آخر تشغيل: لم تُشغَّل بعد
     • tactics_hall: {'times_per_day': 2} | آخر تشغيل: لم تُشغَّل بعد
     • fountain: {'times_per_day': 2} | آخر تشغيل: لم تُشغَّل بعد
     • material_workshop: {'times_per_day': 2} | آخر تشغيل: لم تُشغَّل بعد
     • caravan: {'times_per_day': 2} | آخر تشغيل: لم تُشغَّل بعد
     • port_delegate: {'times_per_day': 3} | آخر تشغيل: لم تُشغَّل بعد
     • savings_bank: {'times_per_day': 1} | آخر تشغيل: لم تُشغَّل بعد
     • building: {'times_per_day': 1} | آخر تشغيل: لم تُشغَّل بعد
     • prestige: {'hours': [3]} | آخر تشغيل: لم تُشغَّل بعد
[2026-09-12 20:38:12][INFO] 📋 تم تحميل 16 حساب من session_cache.json
[2026-09-12 20:38:12][INFO] 🔄 دورة رقم #1 — بدأت 2026-09-12 20:38:12
[2026-09-12 20:38:12][INFO] 🔐 [تسجيل الدخول] بدء الاتصال بالحساب: johan2003@yopmail.com...
[2026-09-12 20:38:12][INFO] 🔁 وضع التشغيل المستمر نشط — دورة كل 90 دقيقة
[2026-09-12 20:38:12][INFO]   📅 مهام مُجدوَلة (9 مهمة):
     • research: {'times_per_day': 2} | آخر تشغيل: لم تُشغَّل بعد
     • tactics_hall: {'times_per_day': 2} | آخر تشغيل: لم تُشغَّل بعد
     • fountain: {'times_per_day': 2} | آخر تشغيل: لم تُشغَّل بعد
     • material_workshop: {'times_per_day': 2} | آخر تشغيل: لم تُشغَّل بعد
     • caravan: {'times_per_day': 2} | آخر تشغيل: لم تُشغَّل بعد
     • port_delegate: {'times_per_day': 3} | آخر تشغيل: لم تُشغَّل بعد
     • savings_bank: {'times_per_day': 1} | آخر تشغيل: لم تُشغَّل بعد
     • building: {'times_per_day': 1} | آخر تشغيل: لم تُشغَّل بعد
     • prestige: {'hours': [3]} | آخر تشغيل: لم تُشغَّل بعد
[2026-09-12 20:38:12][INFO] 🔄 دورة رقم #1 — بدأت 2026-09-12 20:38:12
[2026-09-12 20:38:12][INFO] 🔐 [تسجيل الدخول] بدء الاتصال بالحساب: johan2003@yopmail.com...
[2026-09-12 20:38:12][INFO]   Token sent
[2026-09-12 20:38:12][INFO]   Token sent
[2026-09-12 20:38:12][INFO] Login Server: 119.8.212.255:10000
[2026-09-12 20:38:12][INFO] Login Server: 119.8.212.255:10000
[2026-09-12 20:38:12][INFO] Login Server: 119.8.212.255:10000
[2026-09-12 20:38:12][INFO] Login Server: 119.8.212.255:10000
[2026-09-12 20:38:12][INFO]   Challenge: /u+D5KkA5SU=
enge success
[2026-09-12 20:38:12][INFO]   ClientKey sent: kRjPPDXz1XU=
[2026-09-12 20:38:12][INFO] 📋 تم تحميل 16 حساب من session_cache.json
[2026-09-12 20:38:12][INFO] 📋 تم تحميل 16 حساب من session_cache.json
[2026-09-12 20:38:12][INFO] 📋 تم تحميل 16 حساب من session_cache.json
[2026-09-12 20:38:12][INFO] 📋 تم تحميل 16 حساب من session_cache.json
[2026-09-12 20:38:12][INFO] 🔁 وضع التشغيل المستمر نشط — دورة كل 90 دقيقة
[2026-09-12 20:38:12][INFO]   📅 مهام مُجدوَلة (10 مهمة):
     • research: {'times_per_day': 2} | آخر تشغيل: لم تُشغَّل بعد
     • tactics_hall: {'times_per_day': 2} | آخر تشغيل: لم تُشغَّل بعد
     • fountain: {'times_per_day': 2} | آخر تشغيل: لم تُشغَّل بعد
     • material_workshop: {'times_per_day': 2} | آخر تشغيل: لم تُشغَّل بعد
     • caravan: {'times_per_day': 4, 'active_window': {'from': 7, 'to': 23}} | آخر تشغيل: لم تُشغَّل بعد
     • port_delegate: {'times_per_day': 3} | آخر تشغيل: لم تُشغَّل بعد
     • savings_bank: {'times_per_day': 1} | آخر تشغيل: لم تُشغَّل بعد
     • building: {'times_per_day': 1} | آخر تشغيل: لم تُشغَّل بعد
     • prestige: {'hours': [3]} | آخر تشغيل: لم تُشغَّل بعد
     • march_manager: {'times_per_day': 4} | آخر تشغيل: لم تُشغَّل بعد
[2026-09-12 20:38:12][INFO] 🔄 دورة رقم #1 — بدأت 2026-09-12 20:38:12
[2026-09-12 20:38:12][INFO] 🔐 [تسجيل الدخول] بدء الاتصال بالحساب: johan2003@yopmail.com...
[2026-09-12 20:38:12][INFO]   📅 مهام مُجدوَلة (10 مهمة):
     • research: {'times_per_day': 2} | آخر تشغيل: لم تُشغَّل بعد
     • tactics_hall: {'times_per_day': 2} | آخر تشغيل: لم تُشغَّل بعد
     • fountain: {'times_per_day': 2} | آخر تشغيل: لم تُشغَّل بعد
     • material_workshop: {'times_per_day': 2} | آخر تشغيل: لم تُشغَّل بعد
     • caravan: {'times_per_day': 4, 'active_window': {'from': 7, 'to': 23}} | آخر تشغيل: لم تُشغَّل بعد
     • port_delegate: {'times_per_day': 3} | آخر تشغيل: لم تُشغَّل بعد
     • savings_bank: {'times_per_day': 1} | آخر تشغيل: لم تُشغَّل بعد
     • building: {'times_per_day': 1} | آخر تشغيل: لم تُشغَّل بعد
     • prestige: {'hours': [3]} | آخر تشغيل: لم تُشغَّل بعد
     • march_manager: {'times_per_day': 4} | آخر تشغيل: لم تُشغَّل بعد
[2026-09-12 20:38:12][INFO] 🔄 دورة رقم #1 — بدأت 2026-09-12 20:38:12
[2026-09-12 20:38:12][INFO] 🔐 [تسجيل الدخول] بدء الاتصال بالحساب: johan2003@yopmail.com...
[2026-09-12 20:38:12][INFO] 📋 تم تحميل 16 حساب من session_cache.json
[2026-09-12 20:38:12][INFO]   Token sent
[2026-09-12 20:38:12][INFO] ✅ تم تحميل إعدادات Firebase من: E:\osmanli\.bot_config_e4tWS8v10m2nDHyzad0M.json
[2026-09-12 20:38:12][INFO] 📋 تم تحميل 16 حساب من session_cache.json
[2026-09-12 20:38:12][INFO] 🔁 وضع التشغيل المستمر نشط — دورة كل 90 دقيقة
[2026-09-12 20:38:12][INFO]   📅 مهام مُجدوَلة (9 مهمة):
     • research: {'times_per_day': 2} | آخر تشغيل: لم تُشغَّل بعد
     • tactics_hall: {'times_per_day': 2} | آخر تشغيل: لم تُشغَّل بعد
     • fountain: {'times_per_day': 2} | آخر تشغيل: لم تُشغَّل بعد
     • material_workshop: {'times_per_day': 2} | آخر تشغيل: لم تُشغَّل بعد
     • caravan: {'times_per_day': 2} | آخر تشغيل: لم تُشغَّل بعد
     • port_delegate: {'times_per_day': 3} | آخر تشغيل: لم تُشغَّل بعد
     • savings_bank: {'times_per_day': 1} | آخر تشغيل: لم تُشغَّل بعد
     • building: {'times_per_day': 1} | آخر تشغيل: لم تُشغَّل بعد
     • prestige: {'hours': [3]} | آخر تشغيل: لم تُشغَّل بعد
[2026-09-12 20:38:12][INFO] 🔄 دورة رقم #1 — بدأت 2026-09-12 20:38:12
[2026-09-12 20:38:12][INFO] 🔐 [تسجيل الدخول] بدء الاتصال بالحساب: johan2003@yopmail.com...
[2026-09-12 20:38:12][INFO] Login Server: 119.8.212.255:10000
[2026-09-12 20:38:12][INFO] Login Server: 119.8.212.255:10000
[2026-09-12 20:38:12][INFO] Login Server: 119.8.212.255:10000
[2026-09-12 20:38:13][INFO] 📋 تم تحميل 16 حساب من session_cache.json
[2026-09-12 20:38:13][ERROR] ❌ خطأ في قراءة ملف إعدادات Firebase: Expecting value: line 1 column 1 (char 0)
[2026-09-12 20:38:13][INFO] DH Handshake...
[2026-09-12 20:38:13][INFO] DH Handshake...
[2026-09-12 20:38:13][INFO]   Auth resp: 406 Not Acceptable
[2026-09-12 20:38:13][INFO] DH Handshake...
[2026-09-12 20:38:13][ERROR] [Login] johan2003@yopmail.com: SDK token error - sessionId منتهي الصلاحية
[2026-09-12 20:38:13][ERROR] ❌ [تسجيل الدخول] فشل الاتصال بالحساب johan2003@yopmail.com!
[2026-09-12 20:38:13][INFO] 🔒 تم إغلاق اتصال الحساب johan2003@yopmail.com بأمان.
[2026-09-12 20:38:13][INFO]   Handshake resp: 200 challenge success
[2026-09-12 20:38:13][INFO] DH Handshake...
[2026-09-12 20:38:13][INFO]   Handshake resp: 200 challenge success
[2026-09-12 20:38:13][INFO]   ServerKey: v9D69KD81Lc=
[2026-09-12 20:38:13][INFO] ✅ انتهت الدورة #1 في 1ث — الدورة القادمة الساعة: 22:08:12
[2026-09-12 20:38:13][INFO] 💤 انتظار 90.0 دقيقة...
[2026-09-12 20:38:13][INFO]   HMAC sent: CUfWUUANdjk=
[2026-09-12 20:38:13][INFO]   ServerKey: aa0umMEYANI=
[2026-09-12 20:38:13][INFO]   Secret: 473190b66d40002b
[2026-09-12 20:38:13][INFO]   HMAC sent: GpATVAC/CHE=
[2026-09-12 20:38:13][INFO]   Token sent
[2026-09-12 20:38:13][INFO] 📋 تم تحميل 16 حساب من session_cache.json
[2026-09-12 20:38:13][INFO] DH Handshake...
[2026-09-12 20:38:13][INFO]   Token sent
[2026-09-12 20:38:13][WARNING] [Gate] ⚠️ انقطع الاتصال بالحساب (السبب: other_device)
[2026-09-12 20:38:13][WARNING] ⚠️ [تنبيه السيرفر] انقطع اتصال الحساب johan2003@yopmail.com (السبب: other_device)
[2026-09-12 20:38:13][INFO] DH Handshake...
[2026-09-12 20:38:13][INFO]   Auth resp: 406 Not Acceptable
[2026-09-12 20:38:13][INFO] DH Handshake...
[2026-09-12 20:38:13][ERROR] [Login] johan2003@yopmail.com: SDK token error - sessionId منتهي الصلاحية
[2026-09-12 20:38:13][ERROR] ❌ [تسجيل الدخول] فشل الاتصال بالحساب johan2003@yopmail.com!
[2026-09-12 20:38:13][INFO] 🔒 تم إغلاق اتصال الحساب johan2003@yopmail.com بأمان.
[2026-09-12 20:38:13][INFO] ✅ انتهت الدورة #1 في 1ث — الدورة القادمة الساعة: 22:08:12
[2026-09-12 20:38:13][INFO] 💤 انتظار 90.0 دقيقة...
[2026-09-12 20:38:13][INFO] ✅ تم تحميل إعدادات Firebase من: E:\osmanli\.bot_config_e4tWS8v10m2nDHyzad0M.json
[2026-09-12 20:38:13][INFO] 📋 تم تحميل 16 حساب من session_cache.json
[2026-09-12 20:38:13][INFO] 🔁 وضع التشغيل المستمر نشط — دورة كل 90 دقيقة
[2026-09-12 20:38:13][INFO]   📅 مهام مُجدوَلة (9 مهمة):
     • research: {'times_per_day': 2} | آخر تشغيل: لم تُشغَّل بعد
     • tactics_hall: {'times_per_day': 2} | آخر تشغيل: لم تُشغَّل بعد
     • fountain: {'times_per_day': 2} | آخر تشغيل: لم تُشغَّل بعد
     • material_workshop: {'times_per_day': 2} | آخر تشغيل: لم تُشغَّل بعد
     • caravan: {'times_per_day': 2} | آخر تشغيل: لم تُشغَّل بعد
     • port_delegate: {'times_per_day': 3} | آخر تشغيل: لم تُشغَّل بعد
     • savings_bank: {'times_per_day': 1} | آخر تشغيل: لم تُشغَّل بعد
     • building: {'times_per_day': 1} | آخر تشغيل: لم تُشغَّل بعد
     • prestige: {'hours': [3]} | آخر تشغيل: لم تُشغَّل بعد
[2026-09-12 20:38:13][INFO] 🔄 دورة رقم #1 — بدأت 2026-09-12 20:38:13
[2026-09-12 20:38:13][INFO] 🔐 [تسجيل الدخول] بدء الاتصال بالحساب: johan2003@yopmail.com...
[2026-09-12 20:38:13][INFO] Login Server: 119.8.212.255:10000
[2026-09-12 20:38:13][INFO]   Challenge: Zcu1XPkdUww=
[2026-09-12 20:38:13][INFO]   ClientKey sent: 8lOxdEWKK8E=
[2026-09-12 20:38:13][INFO]   Handshake resp: 200 challenge success
[2026-09-12 20:38:13][INFO]   Challenge: 9xON9NMIzrY=
[2026-09-12 20:38:13][INFO]   ClientKey sent: +FU37Ju1LVw=
[2026-09-12 20:38:13][INFO]   Handshake resp: 200 challenge success
[2026-09-12 20:38:13][INFO]   ClientKey sent: pbBjSyVji3g=
[2026-09-12 20:38:13][INFO]   Auth resp: 406 Not Acceptable
[2026-09-12 20:38:13][ERROR] [Login] johan2003@yopmail.com: SDK token error - sessionId منتهي الصلاحية
[2026-09-12 20:38:13][ERROR] ❌ [تسجيل الدخول] فشل الاتصال بالحساب johan2003@yopmail.com!
[2026-09-12 20:38:13][INFO] 📋 تم تحميل 16 حساب من session_cache.json
[2026-09-12 20:38:13][INFO] 🔒 تم إغلاق اتصال الحساب johan2003@yopmail.com بأمان.
[2026-09-12 20:38:13][INFO] ✅ انتهت الدورة #1 في 1ث — الدورة القادمة الساعة: 22:08:12
[2026-09-12 20:38:13][INFO] 💤 انتظار 90.0 دقيقة...
[2026-09-12 20:38:13][INFO] 📋 تم تحميل 16 حساب من session_cache.json
[2026-09-12 20:38:13][INFO] 🔁 وضع التشغيل المستمر نشط — دورة كل 90 دقيقة
[2026-09-12 20:38:13][INFO]   📅 مهام مُجدوَلة (10 مهمة):
     • research: {'times_per_day': 2} | آخر تشغيل: لم تُشغَّل بعد
     • tactics_hall: {'times_per_day': 2} | آخر تشغيل: لم تُشغَّل بعد
     • fountain: {'times_per_day': 2} | آخر تشغيل: لم تُشغَّل بعد
     • material_workshop: {'times_per_day': 2} | آخر تشغيل: لم تُشغَّل بعد
     • caravan: {'times_per_day': 4, 'active_window': {'from': 7, 'to': 23}} | آخر تشغيل: لم تُشغَّل بعد
     • port_delegate: {'times_per_day': 3} | آخر تشغيل: لم تُشغَّل بعد
     • savings_bank: {'times_per_day': 1} | آخر تشغيل: لم تُشغَّل بعد
     • building: {'times_per_day': 1} | آخر تشغيل: لم تُشغَّل بعد
     • prestige: {'hours': [3]} | آخر تشغيل: لم تُشغَّل بعد
     • march_manager: {'times_per_day': 4} | آخر تشغيل: لم تُشغَّل بعد
[2026-09-12 20:38:13][INFO] 🔄 دورة رقم #1 — بدأت 2026-09-12 20:38:13
[2026-09-12 20:38:13][INFO] 🔐 [تسجيل الدخول] بدء الاتصال بالحساب: johan2003@yopmail.com...
[2026-09-12 20:38:13][INFO]   ClientKey sent: HxmaHYbkNU8=
[2026-09-12 20:38:13][INFO]   Token sent
[2026-09-12 20:38:13][INFO]   Token sent
[2026-09-12 20:38:13][INFO]   Challenge: q0jgsxaW0VI=
[2026-09-12 20:38:13][INFO]   ClientKey sent: W7EHd9l3wnw=
[2026-09-12 20:38:13][INFO]   Challenge: lCXSbLOkQNI=
[2026-09-12 20:38:13][INFO]   ClientKey sent: 9wac/pDGUEY=
[2026-09-12 20:38:13][INFO] 📋 تم تحميل 16 حساب من session_cache.json
[2026-09-12 20:38:13][INFO]   Challenge: GukIQNuJNUE=
[2026-09-12 20:38:13][INFO]   ClientKey sent: 1BhhPhAnuzM=
[2026-09-12 20:38:13][INFO]   Auth resp: 200 TWpVNUBhMjlvWDJkaGJXVmZNalk9QE1URTVMamd1TWpFekxqRXpNUT09QE5EQXdNQT09QE1qZ3hOamMzQE1UQTJNREEzTkRN
[2026-09-12 20:38:13][INFO]   Gate: 119.8.213.131:4000
[2026-09-12 20:38:13][INFO]   UID: 10600743 Server: koh_game_26
[2026-09-12 20:38:13][INFO] Login Server: 119.8.212.255:10000
[2026-09-12 20:38:13][INFO] [Login] ✓ johan2003@yopmail.com → Gate 119.8.213.131:4000 uid=10600743
[2026-09-12 20:38:13][INFO] DH Handshake...
[2026-09-12 20:38:13][INFO]   Auth resp: 406 Not Acceptable
[2026-09-12 20:38:13][ERROR] [Login] johan2003@yopmail.com: SDK token error - sessionId منتهي الصلاحية
[2026-09-12 20:38:13][ERROR] ❌ [تسجيل الدخول] فشل الاتصال بالحساب johan2003@yopmail.com!
[2026-09-12 20:38:13][INFO] 🔒 تم إغلاق اتصال الحساب johan2003@yopmail.com بأمان.
[2026-09-12 20:38:13][INFO] ✅ انتهت الدورة #1 في 1ث — الدورة القادمة الساعة: 22:08:12
[2026-09-12 20:38:13][INFO] 💤 انتظار 90.0 دقيقة...
[2026-09-12 20:38:13][INFO] ✅ تم تحميل إعدادات Firebase من: E:\osmanli\.bot_config_e4tWS8v10m2nDHyzad0M.json
[2026-09-12 20:38:13][INFO] 📋 تم تحميل 16 حساب من session_cache.json
[2026-09-12 20:38:13][INFO] 🔁 وضع التشغيل المستمر نشط — دورة كل 90 دقيقة
[2026-09-12 20:38:13][INFO]   📅 مهام مُجدوَلة (9 مهمة):
     • research: {'times_per_day': 2} | آخر تشغيل: لم تُشغَّل بعد
     • tactics_hall: {'times_per_day': 2} | آخر تشغيل: لم تُشغَّل بعد
     • fountain: {'times_per_day': 2} | آخر تشغيل: لم تُشغَّل بعد
     • material_workshop: {'times_per_day': 2} | آخر تشغيل: لم تُشغَّل بعد
     • caravan: {'times_per_day': 2} | آخر تشغيل: لم تُشغَّل بعد
     • port_delegate: {'times_per_day': 3} | آخر تشغيل: لم تُشغَّل بعد
     • savings_bank: {'times_per_day': 1} | آخر تشغيل: لم تُشغَّل بعد
     • building: {'times_per_day': 1} | آخر تشغيل: لم تُشغَّل بعد
     • prestige: {'hours': [3]} | آخر تشغيل: لم تُشغَّل بعد
[2026-09-12 20:38:13][INFO] 🔄 دورة رقم #1 — بدأت 2026-09-12 20:38:13
[2026-09-12 20:38:13][INFO] 🔐 [تسجيل الدخول] بدء الاتصال بالحساب: johan2003@yopmail.com...
[2026-09-12 20:38:13][INFO]   ServerKey: Wb4lXDGYJ2I=
[2026-09-12 20:38:13][INFO]   Secret: f15c1921d419677c
[2026-09-12 20:38:13][INFO]   HMAC sent: 78uHW45pjyo=
[2026-09-12 20:38:13][INFO] 📋 تم تحميل 16 حساب من session_cache.json
[2026-09-12 20:38:13][INFO]   ServerKey: DXeZ+pgMdfk=
[2026-09-12 20:38:13][INFO]   Secret: 856d8291e1416073
[2026-09-12 20:38:13][ERROR] ❌ خطأ في قراءة ملف إعدادات Firebase: Expecting value: line 1 column 1 (char 0)
[2026-09-12 20:38:13][INFO]   HMAC sent: LddW74oI9yw=
[2026-09-12 20:38:13][INFO]   ServerKey: TNc9kyLMRj0=
[2026-09-12 20:38:13][INFO]   Secret: 0f8a2066d6f83fb9
[2026-09-12 20:38:13][INFO]   HMAC sent: p7g/lWoi0iE=
[2026-09-12 20:38:13][INFO]   ServerKey: c2i/rBII8sg=
[2026-09-12 20:38:13][INFO]   Secret: 99cd19de21fff04e
[2026-09-12 20:38:13][INFO]   HMAC sent: KvyeVBybkKU=
[2026-09-12 20:38:13][INFO]   Auth resp: 406 Not Acceptable
[2026-09-12 20:38:13][ERROR] [Login] johan2003@yopmail.com: SDK token error - sessionId منتهي الصلاحية
[2026-09-12 20:38:13][ERROR] ❌ [تسجيل الدخول] فشل الاتصال بالحساب johan2003@yopmail.com!
[2026-09-12 20:38:13][INFO] 🔒 تم إغلاق اتصال الحساب johan2003@yopmail.com بأمان.
[2026-09-12 20:38:13][INFO] ✅ انتهت الدورة #1 في 1ث — الدورة القادمة الساعة: 22:08:12
[2026-09-12 20:38:13][INFO] 💤 انتظار 90.0 دقيقة...
[2026-09-12 20:38:13][INFO]   ServerKey: jdD0FHeNAmQ=
[2026-09-12 20:38:13][INFO]   Secret: faab52a6e8fa2819
[2026-09-12 20:38:13][INFO]   HMAC sent: jkEciOTIT1g=
[2026-09-12 20:38:13][INFO]   ServerKey: coaS+JycLMo=
[2026-09-12 20:38:13][INFO]   Secret: 205097be34f81062
[2026-09-12 20:38:13][INFO]   HMAC sent: RcYw5UR6I10=
[2026-09-12 20:38:13][INFO]   ServerKey: h6KFVwm5Fvk=
[2026-09-12 20:38:13][INFO]   Secret: 9a9f7f11070c2124
[2026-09-12 20:38:13][INFO]   HMAC sent: eBopT5MKk6Y=
[2026-09-12 20:38:13][INFO] DH Handshake...
[2026-09-12 20:38:13][INFO] Login Server: 119.8.212.255:10000
[2026-09-12 20:38:13][INFO]   Challenge: e6wkP9Mp2W0=
[2026-09-12 20:38:13][INFO]   ClientKey sent: PPverOfdpE4=
[2026-09-12 20:38:13][INFO] 📋 تم تحميل 16 حساب من session_cache.json
[2026-09-12 20:38:13][INFO] 📋 تم تحميل 16 حساب من session_cache.json
[2026-09-12 20:38:13][INFO] 🔁 وضع التشغيل المستمر نشط — دورة كل 90 دقيقة
[2026-09-12 20:38:13][INFO]   📅 مهام مُجدوَلة (10 مهمة):
     • research: {'times_per_day': 2} | آخر تشغيل: لم تُشغَّل بعد
     • tactics_hall: {'times_per_day': 2} | آخر تشغيل: لم تُشغَّل بعد
     • fountain: {'times_per_day': 2} | آخر تشغيل: لم تُشغَّل بعد
     • material_workshop: {'times_per_day': 2} | آخر تشغيل: لم تُشغَّل بعد
     • caravan: {'times_per_day': 4, 'active_window': {'from': 7, 'to': 23}} | آخر تشغيل: لم تُشغَّل بعد
     • port_delegate: {'times_per_day': 3} | آخر تشغيل: لم تُشغَّل بعد
     • savings_bank: {'times_per_day': 1} | آخر تشغيل: لم تُشغَّل بعد
     • building: {'times_per_day': 1} | آخر تشغيل: لم تُشغَّل بعد
     • prestige: {'hours': [3]} | آخر تشغيل: لم تُشغَّل بعد
     • march_manager: {'times_per_day': 4} | آخر تشغيل: لم تُشغَّل بعد
[2026-09-12 20:38:13][INFO] 🔄 دورة رقم #1 — بدأت 2026-09-12 20:38:13
[2026-09-12 20:38:13][INFO] 🔐 [تسجيل الدخول] بدء الاتصال بالحساب: johan2003@yopmail.com...
[2026-09-12 20:38:13][INFO]   Handshake resp: 200 challenge success
[2026-09-12 20:38:13][INFO]   Handshake resp: 200 challenge success
[2026-09-12 20:38:13][INFO] Login Server: 119.8.212.255:10000
[2026-09-12 20:38:13][INFO]   Token sent
[2026-09-12 20:38:13][INFO]   Token sent
[2026-09-12 20:38:13][INFO]   Handshake resp: 200 challenge success
[2026-09-12 20:38:13][INFO]   Handshake resp: 200 challenge success
[2026-09-12 20:38:13][INFO]   Handshake resp: 200 challenge success
[2026-09-12 20:38:13][INFO]   Handshake resp: 200 challenge success
[2026-09-12 20:38:13][INFO]   Token sent
[2026-09-12 20:38:13][INFO]   Token sent
[2026-09-12 20:38:13][INFO]   Challenge: ++vpL59ZwRo=
[2026-09-12 20:38:13][ERROR] [Gate] Handshake failed: b'404 User Not Found'
[2026-09-12 20:38:13][INFO]   Secret: 6602f52001006188
[2026-09-12 20:38:13][ERROR] ❌ [تسجيل الدخول] فشل الاتصال بالحساب johan2003@yopmail.com!
[2026-09-12 20:38:13][INFO]   HMAC sent: bmdGkD7bQcg=
[2026-09-12 20:38:13][INFO] 🔒 تم إغلاق اتصال الحساب johan2003@yopmail.com بأمان.
[2026-09-12 20:38:13][INFO] ✅ انتهت الدورة #1 في 1ث — الدورة القادمة الساعة: 22:08:12
[2026-09-12 20:38:13][INFO] 💤 انتظار 90.0 دقيقة...
[2026-09-12 20:38:13][INFO] DH Handshake...
[2026-09-12 20:38:13][INFO] 📋 تم تحميل 16 حساب من session_cache.json
[2026-09-12 20:38:13][INFO]   ClientKey sent: TJLSty7Ucyw=
[2026-09-12 20:38:13][INFO]   Auth resp: 200 TWpVNUBhMjlvWDJkaGJXVmZNalk9QE1URTVMamd1TWpFekxqRXpNUT09QE5EQXdNQT09QE1qZ3hOamM0QE1UQTJNREEzTkRN
[2026-09-12 20:38:13][INFO]   Gate: 119.8.213.131:4000
[2026-09-12 20:38:13][INFO]   UID: 10600743 Server: koh_game_26
[2026-09-12 20:38:13][INFO] [Login] ✓ johan2003@yopmail.com → Gate 119.8.213.131:4000 uid=10600743
[2026-09-12 20:38:13][INFO] 📋 تم تحميل 16 حساب من session_cache.json
[2026-09-12 20:38:13][INFO] ✅ تم تحميل إعدادات Firebase من: E:\osmanli\.bot_config_e4tWS8v10m2nDHyzad0M.json
[2026-09-12 20:38:13][INFO] 📋 تم تحميل 16 حساب من session_cache.json
[2026-09-12 20:38:13][INFO] 🔁 وضع التشغيل المستمر نشط — دورة كل 90 دقيقة
[2026-09-12 20:38:13][INFO]   📅 مهام مُجدوَلة (9 مهمة):
     • research: {'times_per_day': 2} | آخر تشغيل: لم تُشغَّل بعد
     • tactics_hall: {'times_per_day': 2} | آخر تشغيل: لم تُشغَّل بعد
     • fountain: {'times_per_day': 2} | آخر تشغيل: لم تُشغَّل بعد
     • material_workshop: {'times_per_day': 2} | آخر تشغيل: لم تُشغَّل بعد
     • caravan: {'times_per_day': 2} | آخر تشغيل: لم تُشغَّل بعد
     • port_delegate: {'times_per_day': 3} | آخر تشغيل: لم تُشغَّل بعد
     • savings_bank: {'times_per_day': 1} | آخر تشغيل: لم تُشغَّل بعد
     • building: {'times_per_day': 1} | آخر تشغيل: لم تُشغَّل بعد
     • prestige: {'hours': [3]} | آخر تشغيل: لم تُشغَّل بعد
[2026-09-12 20:38:13][INFO] 🔄 دورة رقم #1 — بدأت 2026-09-12 20:38:13
[2026-09-12 20:38:13][INFO] 🔐 [تسجيل الدخول] بدء الاتصال بالحساب: johan2003@yopmail.com...
[2026-09-12 20:38:13][INFO] DH Handshake...
[2026-09-12 20:38:13][INFO] Login Server: 119.8.212.255:10000
[2026-09-12 20:38:13][INFO]   Auth resp: 406 Not Acceptable
[2026-09-12 20:38:13][ERROR] [Login] johan2003@yopmail.com: SDK token error - sessionId منتهي الصلاحية
[2026-09-12 20:38:13][ERROR] ❌ [تسجيل الدخول] فشل الاتصال بالحساب johan2003@yopmail.com!
[2026-09-12 20:38:13][INFO] 🔒 تم إغلاق اتصال الحساب johan2003@yopmail.com بأمان.
[2026-09-12 20:38:13][INFO] ✅ انتهت الدورة #1 في 1ث — الدورة القادمة الساعة: 22:08:12
[2026-09-12 20:38:13][INFO] 💤 انتظار 90.0 دقيقة...
[2026-09-12 20:38:13][INFO] ✅ تم تحميل إعدادات Firebase من: E:\osmanli\.bot_config_e4tWS8v10m2nDHyzad0M.json
[2026-09-12 20:38:13][INFO] 📋 تم تحميل 16 حساب من session_cache.json
[2026-09-12 20:38:13][INFO] 🔁 وضع التشغيل المستمر نشط — دورة كل 90 دقيقة
[2026-09-12 20:38:13][INFO]   📅 مهام مُجدوَلة (9 مهمة):
     • research: {'times_per_day': 2} | آخر تشغيل: لم تُشغَّل بعد
     • tactics_hall: {'times_per_day': 2} | آخر تشغيل: لم تُشغَّل بعد
     • fountain: {'times_per_day': 2} | آخر تشغيل: لم تُشغَّل بعد
     • material_workshop: {'times_per_day': 2} | آخر تشغيل: لم تُشغَّل بعد
     • caravan: {'times_per_day': 2} | آخر تشغيل: لم تُشغَّل بعد
     • port_delegate: {'times_per_day': 3} | آخر تشغيل: لم تُشغَّل بعد
     • savings_bank: {'times_per_day': 1} | آخر تشغيل: لم تُشغَّل بعد
     • building: {'times_per_day': 1} | آخر تشغيل: لم تُشغَّل بعد
     • prestige: {'hours': [3]} | آخر تشغيل: لم تُشغَّل بعد
[2026-09-12 20:38:13][INFO] 🔄 دورة رقم #1 — بدأت 2026-09-12 20:38:13
[2026-09-12 20:38:13][INFO] 🔐 [تسجيل الدخول] بدء الاتصال بالحساب: johan2003@yopmail.com...
[2026-09-12 20:38:13][INFO]   Auth resp: 406 Not Acceptable
[2026-09-12 20:38:13][ERROR] [Login] johan2003@yopmail.com: SDK token error - sessionId منتهي الصلاحية
[2026-09-12 20:38:13][ERROR] ❌ [تسجيل الدخول] فشل الاتصال بالحساب johan2003@yopmail.com!
[2026-09-12 20:38:13][INFO] 🔒 تم إغلاق اتصال الحساب johan2003@yopmail.com بأمان.
[2026-09-12 20:38:13][INFO] ✅ انتهت الدورة #1 في 1ث — الدورة القادمة الساعة: 22:08:12
[2026-09-12 20:38:13][INFO] 💤 انتظار 90.0 دقيقة...
[2026-09-12 20:38:13][INFO]   Auth resp: 406 Not Acceptable
[2026-09-12 20:38:13][INFO]   Challenge: nwQ6hF4TkpE=
[2026-09-12 20:38:13][INFO]   ClientKey sent: SHHam9XMHN0=
[2026-09-12 20:38:13][ERROR] [Login] johan2003@yopmail.com: SDK token error - sessionId منتهي الصلاحية
[2026-09-12 20:38:13][ERROR] ❌ [تسجيل الدخول] فشل الاتصال بالحساب johan2003@yopmail.com!
[2026-09-12 20:38:13][INFO] 🔒 تم إغلاق اتصال الحساب johan2003@yopmail.com بأمان.
[2026-09-12 20:38:13][INFO] ✅ انتهت الدورة #1 في 1ث — الدورة القادمة الساعة: 22:08:12
[2026-09-12 20:38:13][INFO] 💤 انتظار 90.0 دقيقة...
[2026-09-12 20:38:13][INFO]   Token sent
[2026-09-12 20:38:13][INFO]   Handshake resp: 200 challenge success
[2026-09-12 20:38:13][INFO]   ServerKey: r5xzZrdUPRk=
[2026-09-12 20:38:13][INFO]   Secret: f831179222d4c249
[2026-09-12 20:38:13][INFO]   HMAC sent: ezpoxv/heJY=
[2026-09-12 20:38:13][INFO] Login Server: 119.8.212.255:10000
[2026-09-12 20:38:13][INFO]   Challenge: n8GOep94rj4=
[2026-09-12 20:38:13][INFO]   ClientKey sent: U8HNlF1vuto=
[2026-09-12 20:38:13][INFO] DH Handshake...
[2026-09-12 20:38:13][INFO]   ServerKey: 26TUQIXQvcg=
[2026-09-12 20:38:13][INFO]   Secret: 26d2b4582005f1d6
[2026-09-12 20:38:13][INFO]   HMAC sent: WMWqwBcm7J4=
[2026-09-12 20:38:13][INFO]   Token sent
[2026-09-12 20:38:13][INFO] 📋 تم تحميل 16 حساب من session_cache.json
[2026-09-12 20:38:13][INFO] 📋 تم تحميل 16 حساب من session_cache.json
[2026-09-12 20:38:13][INFO] 🔁 وضع التشغيل المستمر نشط — دورة كل 90 دقيقة
[2026-09-12 20:38:13][INFO]   📅 مهام مُجدوَلة (10 مهمة):
     • research: {'times_per_day': 2} | آخر تشغيل: لم تُشغَّل بعد
     • tactics_hall: {'times_per_day': 2} | آخر تشغيل: لم تُشغَّل بعد
     • fountain: {'times_per_day': 2} | آخر تشغيل: لم تُشغَّل بعد
     • material_workshop: {'times_per_day': 2} | آخر تشغيل: لم تُشغَّل بعد
     • caravan: {'times_per_day': 4, 'active_window': {'from': 7, 'to': 23}} | آخر تشغيل: لم تُشغَّل بعد
     • port_delegate: {'times_per_day': 3} | آخر تشغيل: لم تُشغَّل بعد
     • savings_bank: {'times_per_day': 1} | آخر تشغيل: لم تُشغَّل بعد
     • building: {'times_per_day': 1} | آخر تشغيل: لم تُشغَّل بعد
     • prestige: {'hours': [3]} | آخر تشغيل: لم تُشغَّل بعد
     • march_manager: {'times_per_day': 4} | آخر تشغيل: لم تُشغَّل بعد
[2026-09-12 20:38:13][INFO] 🔄 دورة رقم #1 — بدأت 2026-09-12 20:38:13
[2026-09-12 20:38:13][INFO] 🔐 [تسجيل الدخول] بدء الاتصال بالحساب: johan2003@yopmail.com...
[2026-09-12 20:38:13][INFO] 📋 تم تحميل 16 حساب من session_cache.json
[2026-09-12 20:38:13][INFO] 📋 تم تحميل 16 حساب من session_cache.json
[2026-09-12 20:38:13][INFO] 🔁 وضع التشغيل المستمر نشط — دورة كل 90 دقيقة
[2026-09-12 20:38:13][INFO]   📅 مهام مُجدوَلة (10 مهمة):
     • research: {'times_per_day': 2} | آخر تشغيل: لم تُشغَّل بعد
     • tactics_hall: {'times_per_day': 2} | آخر تشغيل: لم تُشغَّل بعد
     • fountain: {'times_per_day': 2} | آخر تشغيل: لم تُشغَّل بعد
     • material_workshop: {'times_per_day': 2} | آخر تشغيل: لم تُشغَّل بعد
     • caravan: {'times_per_day': 4, 'active_window': {'from': 7, 'to': 23}} | آخر تشغيل: لم تُشغَّل بعد
     • port_delegate: {'times_per_day': 3} | آخر تشغيل: لم تُشغَّل بعد
     • savings_bank: {'times_per_day': 1} | آخر تشغيل: لم تُشغَّل بعد
     • building: {'times_per_day': 1} | آخر تشغيل: لم تُشغَّل بعد
     • prestige: {'hours': [3]} | آخر تشغيل: لم تُشغَّل بعد
     • march_manager: {'times_per_day': 4} | آخر تشغيل: لم تُشغَّل بعد
[2026-09-12 20:38:13][INFO] 🔄 دورة رقم #1 — بدأت 2026-09-12 20:38:13
[2026-09-12 20:38:13][INFO] 🔐 [تسجيل الدخول] بدء الاتصال بالحساب: johan2003@yopmail.com...
[2026-09-12 20:38:13][ERROR] [Gate] Handshake failed: b'404 User Not Found'
[2026-09-12 20:38:13][ERROR] ❌ [تسجيل الدخول] فشل الاتصال بالحساب johan2003@yopmail.com!
[2026-09-12 20:38:13][INFO] 🔒 تم إغلاق اتصال الحساب johan2003@yopmail.com بأمان.
[2026-09-12 20:38:13][INFO] ✅ انتهت الدورة #1 في 1ث — الدورة القادمة الساعة: 22:08:12
[2026-09-12 20:38:13][INFO] 💤 انتظار 90.0 دقيقة...
[2026-09-12 20:38:13][INFO] DH Handshake...
[2026-09-12 20:38:13][INFO]   Auth resp: 406 Not Acceptable
[2026-09-12 20:38:13][ERROR] [Login] johan2003@yopmail.com: SDK token error - sessionId منتهي الصلاحية
[2026-09-12 20:38:13][INFO]   Handshake resp: 200 challenge success
[2026-09-12 20:38:13][ERROR] ❌ [تسجيل الدخول] فشل الاتصال بالحساب johan2003@yopmail.com!
[2026-09-12 20:38:13][INFO] 🔒 تم إغلاق اتصال الحساب johan2003@yopmail.com بأمان.
[2026-09-12 20:38:13][INFO]   ServerKey: lKj/hTq6M4o=
[2026-09-12 20:38:13][INFO]   Secret: b83a41a7f8c5d010
[2026-09-12 20:38:13][INFO]   HMAC sent: aelGyG4fw0E=
[2026-09-12 20:38:13][INFO] ✅ انتهت الدورة #1 في 1ث — الدورة القادمة الساعة: 22:08:12
[2026-09-12 20:38:13][INFO] 💤 انتظار 90.0 دقيقة...
[2026-09-12 20:38:13][INFO]   Auth resp: 200 TWpVNUBhMjlvWDJkaGJXVmZNalk9QE1URTVMamd1TWpFekxqRXpNUT09QE5EQXdNQT09QE1qZ3hOamM1QE1UQTJNREEzTkRN
[2026-09-12 20:38:13][INFO]   Gate: 119.8.213.131:4000
[2026-09-12 20:38:13][INFO]   UID: 10600743 Server: koh_game_26
[2026-09-12 20:38:13][INFO] [Login] ✓ johan2003@yopmail.com → Gate 119.8.213.131:4000 uid=10600743
[2026-09-12 20:38:13][INFO]   Challenge: C0c7uoW4o0c=
[2026-09-12 20:38:13][INFO]   ClientKey sent: 5sppe7lhDko=
[2026-09-12 20:38:13][INFO] 📋 تم تحميل 16 حساب من session_cache.json
[2026-09-12 20:38:13][INFO] 📋 تم تحميل 16 حساب من session_cache.json
[2026-09-12 20:38:13][INFO] 🔁 وضع التشغيل المستمر نشط — دورة كل 90 دقيقة
[2026-09-12 20:38:13][INFO]   📅 مهام مُجدوَلة (10 مهمة):
     • research: {'times_per_day': 2} | آخر تشغيل: لم تُشغَّل بعد
     • tactics_hall: {'times_per_day': 2} | آخر تشغيل: لم تُشغَّل بعد
     • fountain: {'times_per_day': 2} | آخر تشغيل: لم تُشغَّل بعد
     • material_workshop: {'times_per_day': 2} | آخر تشغيل: لم تُشغَّل بعد
     • caravan: {'times_per_day': 4, 'active_window': {'from': 7, 'to': 23}} | آخر تشغيل: لم تُشغَّل بعد
     • port_delegate: {'times_per_day': 3} | آخر تشغيل: لم تُشغَّل بعد
     • savings_bank: {'times_per_day': 1} | آخر تشغيل: لم تُشغَّل بعد
     • building: {'times_per_day': 1} | آخر تشغيل: لم تُشغَّل بعد
     • prestige: {'hours': [3]} | آخر تشغيل: لم تُشغَّل بعد
     • march_manager: {'times_per_day': 4} | آخر تشغيل: لم تُشغَّل بعد
[2026-09-12 20:38:13][INFO] 🔄 دورة رقم #1 — بدأت 2026-09-12 20:38:13
[2026-09-12 20:38:13][INFO] 🔐 [تسجيل الدخول] بدء الاتصال بالحساب: johan2003@yopmail.com...
[2026-09-12 20:38:13][INFO]   Handshake resp: 200 challenge success
[2026-09-12 20:38:13][INFO] 📋 تم تحميل 16 حساب من session_cache.json
[2026-09-12 20:38:13][INFO] 📋 تم تحميل 16 حساب من session_cache.json
[2026-09-12 20:38:13][INFO] 🔁 وضع التشغيل المستمر نشط — دورة كل 90 دقيقة
[2026-09-12 20:38:13][INFO]   📅 مهام مُجدوَلة (10 مهمة):
     • research: {'times_per_day': 2} | آخر تشغيل: لم تُشغَّل بعد
     • tactics_hall: {'times_per_day': 2} | آخر تشغيل: لم تُشغَّل بعد
     • fountain: {'times_per_day': 2} | آخر تشغيل: لم تُشغَّل بعد
     • material_workshop: {'times_per_day': 2} | آخر تشغيل: لم تُشغَّل بعد
     • caravan: {'times_per_day': 4, 'active_window': {'from': 7, 'to': 23}} | آخر تشغيل: لم تُشغَّل بعد
     • port_delegate: {'times_per_day': 3} | آخر تشغيل: لم تُشغَّل بعد
     • savings_bank: {'times_per_day': 1} | آخر تشغيل: لم تُشغَّل بعد
     • building: {'times_per_day': 1} | آخر تشغيل: لم تُشغَّل بعد
     • prestige: {'hours': [3]} | آخر تشغيل: لم تُشغَّل بعد
     • march_manager: {'times_per_day': 4} | آخر تشغيل: لم تُشغَّل بعد
[2026-09-12 20:38:13][INFO] 🔄 دورة رقم #1 — بدأت 2026-09-12 20:38:13
[2026-09-12 20:38:13][INFO] 🔐 [تسجيل الدخول] بدء الاتصال بالحساب: johan2003@yopmail.com...
[2026-09-12 20:38:13][INFO] Login Server: 119.8.212.255:10000
[2026-09-12 20:38:13][INFO] Login Server: 119.8.212.255:10000
[2026-09-12 20:38:13][INFO]   Challenge: n5z+9mm5vrA=
[2026-09-12 20:38:13][INFO]   ClientKey sent: sfv5HCTdklk=
[2026-09-12 20:38:13][INFO]   Handshake resp: 200 challenge success
[2026-09-12 20:38:13][INFO]   Token sent
[2026-09-12 20:38:13][INFO]   ServerKey: t7xw05AnWr0=
[2026-09-12 20:38:13][INFO]   Secret: ce625c133d61b660
[2026-09-12 20:38:13][INFO]   HMAC sent: 6aH199Isy3g=
[2026-09-12 20:38:13][INFO]   Token sent
[2026-09-12 20:38:13][INFO] Login Server: 119.8.212.255:10000
[2026-09-12 20:38:13][INFO]   Token sent
[2026-09-12 20:38:13][INFO] Login Server: 119.8.212.255:10000
[2026-09-12 20:38:13][INFO] 📋 تم تحميل 16 حساب من session_cache.json
[2026-09-12 20:38:13][INFO] 📋 تم تحميل 16 حساب من session_cache.json
[2026-09-12 20:38:13][INFO]   Token sent
[2026-09-12 20:38:13][INFO] 🔁 وضع التشغيل المستمر نشط — دورة كل 90 دقيقة
[2026-09-12 20:38:13][INFO]   📅 مهام مُجدوَلة (10 مهمة):
     • research: {'times_per_day': 2} | آخر تشغيل: لم تُشغَّل بعد
     • tactics_hall: {'times_per_day': 2} | آخر تشغيل: لم تُشغَّل بعد
     • fountain: {'times_per_day': 2} | آخر تشغيل: لم تُشغَّل بعد
     • material_workshop: {'times_per_day': 2} | آخر تشغيل: لم تُشغَّل بعد
     • caravan: {'times_per_day': 4, 'active_window': {'from': 7, 'to': 23}} | آخر تشغيل: لم تُشغَّل بعد
     • port_delegate: {'times_per_day': 3} | آخر تشغيل: لم تُشغَّل بعد
     • savings_bank: {'times_per_day': 1} | آخر تشغيل: لم تُشغَّل بعد
     • building: {'times_per_day': 1} | آخر تشغيل: لم تُشغَّل بعد
     • prestige: {'hours': [3]} | آخر تشغيل: لم تُشغَّل بعد
     • march_manager: {'times_per_day': 4} | آخر تشغيل: لم تُشغَّل بعد
[2026-09-12 20:38:13][INFO] 🔄 دورة رقم #1 — بدأت 2026-09-12 20:38:13
[2026-09-12 20:38:13][INFO] 🔐 [تسجيل الدخول] بدء الاتصال بالحساب: johan2003@yopmail.com...
[2026-09-12 20:38:14][INFO] Login Server: 119.8.212.255:10000
[2026-09-12 20:38:14][INFO]   ServerKey: 31uxiJr7nmw=
[2026-09-12 20:38:14][INFO]   Secret: ef24a01917b954b0
[2026-09-12 20:38:14][INFO]   HMAC sent: aZ6Pzb64tAo=
[2026-09-12 20:38:14][INFO] DH Handshake...
[2026-09-12 20:38:14][ERROR] [Gate] Handshake failed: b'404 User Not Found'
[2026-09-12 20:38:14][ERROR] ❌ [تسجيل الدخول] فشل الاتصال بالحساب johan2003@yopmail.com!
[2026-09-12 20:38:14][INFO] 🔒 تم إغلاق اتصال الحساب johan2003@yopmail.com بأمان.
[2026-09-12 20:38:14][INFO] ✅ انتهت الدورة #1 في 1ث — الدورة القادمة الساعة: 22:08:12
[2026-09-12 20:38:14][INFO] 💤 انتظار 90.0 دقيقة...
[2026-09-12 20:38:14][INFO] DH Handshake...
[2026-09-12 20:38:14][INFO]   Auth resp: 200 TWpVNUBhMjlvWDJkaGJXVmZNalk9QE1URTVMamd1TWpFekxqRXpNUT09QE5EQXdNQT09QE1qZ3hOamd3QE1UQTJNREEzTkRN
[2026-09-12 20:38:14][INFO]   Gate: 119.8.213.131:4000
[2026-09-12 20:38:14][INFO] DH Handshake...
[2026-09-12 20:38:14][INFO]   UID: 10600743 Server: koh_game_26
[2026-09-12 20:38:14][INFO]   Auth resp: 406 Not Acceptable
[2026-09-12 20:38:14][INFO] [Login] ✓ johan2003@yopmail.com → Gate 119.8.213.131:4000 uid=10600743
[2026-09-12 20:38:14][ERROR] [Login] johan2003@yopmail.com: SDK token error - sessionId منتهي الصلاحية
[2026-09-12 20:38:14][ERROR] ❌ [تسجيل الدخول] فشل الاتصال بالحساب johan2003@yopmail.com!
[2026-09-12 20:38:14][INFO]   Handshake resp: 200 challenge success
[2026-09-12 20:38:14][INFO] 🔒 تم إغلاق اتصال الحساب johan2003@yopmail.com بأمان.
[2026-09-12 20:38:14][INFO]   Auth resp: 406 Not Acceptable
[2026-09-12 20:38:14][INFO] ✅ انتهت الدورة #1 في 1ث — الدورة القادمة الساعة: 22:08:12
[2026-09-12 20:38:14][INFO] 💤 انتظار 90.0 دقيقة...
[2026-09-12 20:38:14][ERROR] [Login] johan2003@yopmail.com: SDK token error - sessionId منتهي الصلاحية
[2026-09-12 20:38:14][ERROR] ❌ [تسجيل الدخول] فشل الاتصال بالحساب johan2003@yopmail.com!
[2026-09-12 20:38:14][INFO] 🔒 تم إغلاق اتصال الحساب johan2003@yopmail.com بأمان.
[2026-09-12 20:38:14][INFO] ✅ انتهت الدورة #1 في 1ث — الدورة القادمة الساعة: 22:08:13
[2026-09-12 20:38:14][INFO] 💤 انتظار 90.0 دقيقة...
[2026-09-12 20:38:14][INFO]   Auth resp: 406 Not Acceptable
[2026-09-12 20:38:14][ERROR] [Login] johan2003@yopmail.com: SDK token error - sessionId منتهي الصلاحية
[2026-09-12 20:38:14][ERROR] ❌ [تسجيل الدخول] فشل الاتصال بالحساب johan2003@yopmail.com!
[2026-09-12 20:38:14][INFO] 🔒 تم إغلاق اتصال الحساب johan2003@yopmail.com بأمان.
[2026-09-12 20:38:14][INFO] ✅ انتهت الدورة #1 في 1ث — الدورة القادمة الساعة: 22:08:13
[2026-09-12 20:38:14][INFO] 💤 انتظار 90.0 دقيقة...
[2026-09-12 20:38:14][INFO] DH Handshake...
[2026-09-12 20:38:14][INFO]   Token sent
[2026-09-12 20:38:14][INFO] DH Handshake...
[2026-09-12 20:38:14][INFO]   Token sent
[2026-09-12 20:38:14][INFO]   Challenge: 2zoF2TBuk+4=
[2026-09-12 20:38:14][INFO]   Challenge: HwtJiPqzNr4=
Qo=
[2026-09-12 20:38:14][INFO]   ClientKey sent: kJdpv7vHwJI=
[2026-09-12 20:38:14][INFO]   Handshake resp: 200 challenge success
[2026-09-12 20:38:14][INFO]   Token sent
[2026-09-12 20:38:14][INFO]   Challenge: ENdqogq/90g=
[2026-09-12 20:38:14][INFO]   ClientKey sent: Gtlsrv4yJzY=
[2026-09-12 20:38:14][INFO]   Auth resp: 406 Not Acceptable
[2026-09-12 20:38:14][INFO]   Challenge: W4hAfNHb5a0=
[2026-09-12 20:38:14][ERROR] [Login] johan2003@yopmail.com: SDK token error - sessionId منتهي الصلاحية
[2026-09-12 20:38:14][INFO]   ClientKey sent: 5wXO1UkItB0=
[2026-09-12 20:38:14][ERROR] ❌ [تسجيل الدخول] فشل الاتصال بالحساب johan2003@yopmail.com!
[2026-09-12 20:38:14][INFO] 🔒 تم إغلاق اتصال الحساب johan2003@yopmail.com بأمان.
[2026-09-12 20:38:14][INFO] ✅ انتهت الدورة #1 في 1ث — الدورة القادمة الساعة: 22:08:13
[2026-09-12 20:38:14][INFO] 💤 انتظار 90.0 دقيقة...
[2026-09-12 20:38:14][INFO]   Challenge: fgAeMTbdQQ4=
[2026-09-12 20:38:14][INFO]   ClientKey sent: 2hnIeEGwAHU=
[2026-09-12 20:38:14][INFO]   Auth resp: 406 Not Acceptable
[2026-09-12 20:38:14][INFO]   ServerKey: QpXdMuS3Aj0=
[2026-09-12 20:38:14][INFO]   ServerKey: f068TAR1Mcc=
[2026-09-12 20:38:14][INFO]   Secret: 1a68bae22f12b9a0
[2026-09-12 20:38:14][INFO]   Secret: 79748d5fbf944563
[2026-09-12 20:38:14][ERROR] [Login] johan2003@yopmail.com: SDK token error - sessionId منتهي الصلاحية
[2026-09-12 20:38:14][ERROR] ❌ [تسجيل الدخول] فشل الاتصال بالحساب johan2003@yopmail.com!
[2026-09-12 20:38:14][INFO]   HMAC sent: +W06f2PgTPM=
[2026-09-12 20:38:14][INFO] 🔒 تم إغلاق اتصال الحساب johan2003@yopmail.com بأمان.
[2026-09-12 20:38:14][INFO]   HMAC sent: CIPt3AwgN3Q=
[2026-09-12 20:38:14][INFO] ✅ انتهت الدورة #1 في 1ث — الدورة القادمة الساعة: 22:08:13
[2026-09-12 20:38:14][INFO] 💤 انتظار 90.0 دقيقة...
[2026-09-12 20:38:14][INFO]   Auth resp: 406 Not Acceptable
[2026-09-12 20:38:14][ERROR] [Login] johan2003@yopmail.com: SDK token error - sessionId منتهي الصلاحية
[2026-09-12 20:38:14][ERROR] ❌ [تسجيل الدخول] فشل الاتصال بالحساب johan2003@yopmail.com!
[2026-09-12 20:38:14][INFO] 🔒 تم إغلاق اتصال الحساب johan2003@yopmail.com بأمان.
[2026-09-12 20:38:14][INFO] ✅ انتهت الدورة #1 في 1ث — الدورة القادمة الساعة: 22:08:13
[2026-09-12 20:38:14][INFO] 💤 انتظار 90.0 دقيقة...
[2026-09-12 20:38:14][INFO]   ServerKey: 2yhtJxaSdKQ=
[2026-09-12 20:38:14][INFO]   Secret: 09ced669b00cd830
404 User Not Found'
[2026-09-12 20:38:14][ERROR] ❌ [تسجيل الدخول] فشل الاتصال بالحساب johan2003@yopmail.com!
[2026-09-12 20:38:14][INFO]   HMAC sent: t639PDz7x7A=
[2026-09-12 20:38:14][INFO] 🔒 تم إغلاق اتصال الحساب johan2003@yopmail.com بأمان.
[2026-09-12 20:38:14][INFO] ✅ انتهت الدورة #1 في 2ث — الدورة القادمة الساعة: 22:08:12
[2026-09-12 20:38:14][INFO] 💤 انتظار 90.0 دقيقة...
[2026-09-12 20:38:14][INFO]   ServerKey: 2kdpp40vTbo=
[2026-09-12 20:38:14][INFO]   Secret: fb3e6e0618d3fc7d
[2026-09-12 20:38:14][INFO]   HMAC sent: iiiZj1nHm/Y=
[2026-09-12 20:38:14][INFO]   Auth resp: 200 TWpVNUBhMjlvWDJkaGJXVmZNalk9QE1URTVMamd1TWpFekxqRXpNUT09QE5EQXdNQT09QE1qZ3hOamd4QE1UQTJNREEzTkRN
[2026-09-12 20:38:14][INFO]   Gate: 119.8.213.131:4000
[2026-09-12 20:38:14][INFO]   UID: 10600743 Server: koh_game_26
[2026-09-12 20:38:14][INFO] [Login] ✓ johan2003@yopmail.com → Gate 119.8.213.131:4000 uid=10600743
[2026-09-12 20:38:14][INFO]   Handshake resp: 200 challenge success
[2026-09-12 20:38:14][INFO]   Handshake resp: 200 challenge success
[2026-09-12 20:38:14][INFO]   ServerKey: OuvIZwZ1BCU=
[2026-09-12 20:38:14][INFO]   Secret: 3b95edaf357bd872
[2026-09-12 20:38:14][INFO]   HMAC sent: nkhX0Sccrj4=
[2026-09-12 20:38:14][INFO]   Token sent
[2026-09-12 20:38:14][INFO]   Token sent
[2026-09-12 20:38:14][INFO]   Handshake resp: 200 challenge success
[2026-09-12 20:38:14][INFO]   Handshake resp: 200 challenge success
[2026-09-12 20:38:14][INFO]   Token sent
[2026-09-12 20:38:14][INFO] 📋 تم تحميل 16 حساب من session_cache.json
[2026-09-12 20:38:14][INFO]   Token sent
[2026-09-12 20:38:14][INFO] 📋 تم تحميل 16 حساب من session_cache.json
[2026-09-12 20:38:14][INFO] 🔁 وضع التشغيل المستمر نشط — دورة كل 90 دقيقة
[2026-09-12 20:38:14][INFO]   📅 مهام مُجدوَلة (10 مهمة):
     • research: {'times_per_day': 2} | آخر تشغيل: لم تُشغَّل بعد
     • tactics_hall: {'times_per_day': 2} | آخر تشغيل: لم تُشغَّل بعد
     • fountain: {'times_per_day': 2} | آخر تشغيل: لم تُشغَّل بعد
     • material_workshop: {'times_per_day': 2} | آخر تشغيل: لم تُشغَّل بعد
     • caravan: {'times_per_day': 4, 'active_window': {'from': 7, 'to': 23}} | آخر تشغيل: لم تُشغَّل بعد
     • port_delegate: {'times_per_day': 3} | آخر تشغيل: لم تُشغَّل بعد
     • savings_bank: {'times_per_day': 1} | آخر تشغيل: لم تُشغَّل بعد
     • building: {'times_per_day': 1} | آخر تشغيل: لم تُشغَّل بعد
     • prestige: {'hours': [3]} | آخر تشغيل: لم تُشغَّل بعد
     • march_manager: {'times_per_day': 4} | آخر تشغيل: لم تُشغَّل بعد
[2026-09-12 20:38:14][INFO] 🔄 دورة رقم #1 — بدأت 2026-09-12 20:38:14
[2026-09-12 20:38:14][INFO] 🔐 [تسجيل الدخول] بدء الاتصال بالحساب: johan2003@yopmail.com...
[2026-09-12 20:38:14][INFO]   Auth resp: 406 Not Acceptable
[2026-09-12 20:38:14][ERROR] [Login] johan2003@yopmail.com: SDK token error - sessionId منتهي الصلاحية
[2026-09-12 20:38:14][ERROR] ❌ [تسجيل الدخول] فشل الاتصال بالحساب johan2003@yopmail.com!
[2026-09-12 20:38:14][INFO] 🔒 تم إغلاق اتصال الحساب johan2003@yopmail.com بأمان.
[2026-09-12 20:38:14][INFO] ✅ انتهت الدورة #1 في 1ث — الدورة القادمة الساعة: 22:08:13
[2026-09-12 20:38:14][INFO] 💤 انتظار 90.0 دقيقة...
[2026-09-12 20:38:14][INFO] Login Server: 119.8.212.255:10000
[2026-09-12 20:38:14][INFO]   Handshake resp: 200 challenge success
[2026-09-12 20:38:14][INFO] 📋 تم تحميل 16 حساب من session_cache.json
[2026-09-12 20:38:14][INFO] 📋 تم تحميل 16 حساب من session_cache.json
[2026-09-12 20:38:14][INFO] 🔁 وضع التشغيل المستمر نشط — دورة كل 90 دقيقة
[2026-09-12 20:38:14][INFO]   📅 مهام مُجدوَلة (10 مهمة):
     • research: {'times_per_day': 2} | آخر تشغيل: لم تُشغَّل بعد
     • tactics_hall: {'times_per_day': 2} | آخر تشغيل: لم تُشغَّل بعد
     • fountain: {'times_per_day': 2} | آخر تشغيل: لم تُشغَّل بعد
     • material_workshop: {'times_per_day': 2} | آخر تشغيل: لم تُشغَّل بعد
     • caravan: {'times_per_day': 4, 'active_window': {'from': 7, 'to': 23}} | آخر تشغيل: لم تُشغَّل بعد
     • port_delegate: {'times_per_day': 3} | آخر تشغيل: لم تُشغَّل بعد
     • savings_bank: {'times_per_day': 1} | آخر تشغيل: لم تُشغَّل بعد
     • building: {'times_per_day': 1} | آخر تشغيل: لم تُشغَّل بعد
     • prestige: {'hours': [3]} | آخر تشغيل: لم تُشغَّل بعد
     • march_manager: {'times_per_day': 4} | آخر تشغيل: لم تُشغَّل بعد
[2026-09-12 20:38:14][INFO] 🔄 دورة رقم #1 — بدأت 2026-09-12 20:38:14
[2026-09-12 20:38:14][INFO] 🔐 [تسجيل الدخول] بدء الاتصال بالحساب: johan2003@yopmail.com...
[2026-09-12 20:38:14][INFO] Login Server: 119.8.212.255:10000
[2026-09-12 20:38:14][INFO]   Token sent
[2026-09-12 20:38:14][INFO]   Auth resp: 406 Not Acceptable
[2026-09-12 20:38:14][ERROR] [Login] johan2003@yopmail.com: SDK token error - sessionId منتهي الصلاحية
[2026-09-12 20:38:14][ERROR] ❌ [تسجيل الدخول] فشل الاتصال بالحساب johan2003@yopmail.com!
[2026-09-12 20:38:14][INFO] 🔒 تم إغلاق اتصال الحساب johan2003@yopmail.com بأمان.
[2026-09-12 20:38:14][INFO] ✅ انتهت الدورة #1 في 1ث — الدورة القادمة الساعة: 22:08:13
[2026-09-12 20:38:14][INFO] 💤 انتظار 90.0 دقيقة...
[2026-09-12 20:38:14][ERROR] [Gate] Handshake failed: b'404 User Not Found'
[2026-09-12 20:38:14][ERROR] ❌ [تسجيل الدخول] فشل الاتصال بالحساب johan2003@yopmail.com!
[2026-09-12 20:38:14][INFO] 🔒 تم إغلاق اتصال الحساب johan2003@yopmail.com بأمان.
[2026-09-12 20:38:14][INFO] ✅ انتهت الدورة #1 في 2ث — الدورة القادمة الساعة: 22:08:13
[2026-09-12 20:38:14][INFO] 💤 انتظار 90.0 دقيقة...
[2026-09-12 20:38:14][INFO]   Auth resp: 406 Not Acceptable
[2026-09-12 20:38:14][ERROR] [Login] johan2003@yopmail.com: SDK token error - sessionId منتهي الصلاحية
[2026-09-12 20:38:14][ERROR] ❌ [تسجيل الدخول] فشل الاتصال بالحساب johan2003@yopmail.com!
[2026-09-12 20:38:14][INFO] 🔒 تم إغلاق اتصال الحساب johan2003@yopmail.com بأمان.
[2026-09-12 20:38:14][INFO] ✅ انتهت الدورة #1 في 1ث — الدورة القادمة الساعة: 22:08:13
[2026-09-12 20:38:14][INFO] 💤 انتظار 90.0 دقيقة...
[2026-09-12 20:38:14][INFO]   Auth resp: 406 Not Acceptable
[2026-09-12 20:38:14][INFO] DH Handshake...
[2026-09-12 20:38:14][INFO] DH Handshake...
[2026-09-12 20:38:14][ERROR] [Login] johan2003@yopmail.com: SDK token error - sessionId منتهي الصلاحية
[2026-09-12 20:38:14][ERROR] ❌ [تسجيل الدخول] فشل الاتصال بالحساب johan2003@yopmail.com!
[2026-09-12 20:38:14][INFO] 🔒 تم إغلاق اتصال الحساب johan2003@yopmail.com بأمان.
[2026-09-12 20:38:14][INFO] ✅ انتهت الدورة #1 في 1ث — الدورة القادمة الساعة: 22:08:13
[2026-09-12 20:38:14][INFO] 💤 انتظار 90.0 دقيقة...
[2026-09-12 20:38:14][INFO]   Auth resp: 200 TWpVNUBhMjlvWDJkaGJXVmZNalk9QE1URTVMamd1TWpFekxqRXpNUT09QE5EQXdNQT09QE1qZ3hOamd5QE1UQTJNREEzTkRN
[2026-09-12 20:38:14][INFO]   Gate: 119.8.213.131:4000
[2026-09-12 20:38:14][INFO]   UID: 10600743 Server: koh_game_26
[2026-09-12 20:38:14][INFO] [Login] ✓ johan2003@yopmail.com → Gate 119.8.213.131:4000 uid=10600743
[2026-09-12 20:38:14][INFO]   Challenge: hE1/l7X63wQ=
[2026-09-12 20:38:14][INFO]   ClientKey sent: Y2e2O7TY7SY=
[2026-09-12 20:38:14][INFO]   Challenge: FcQQ2cnlw5Q=
[2026-09-12 20:38:14][INFO]   ClientKey sent: Bg5OeraM5e4=
[2026-09-12 20:38:14][INFO] 🔒 تم إغلاق اتصال الحساب johan2003@yopmail.com بأمان.
[2026-09-12 20:38:14][INFO] 🔒 تم إغلاق اتصال الحساب johan2003@yopmail.com بأمان.
[2026-09-12 20:38:14][INFO]   ServerKey: 5fApNQ2eY3k=
[2026-09-12 20:38:14][INFO]   Secret: 4897f8d16a5c42b8
[2026-09-12 20:38:14][INFO]   HMAC sent: 4T5WQOeGZZs=
[2026-09-12 20:38:14][INFO]   ServerKey: V7w8cK9s3gA=
[2026-09-12 20:38:14][INFO]   Secret: cf97cfdd15ff4bbe
[2026-09-12 20:38:14][INFO]   HMAC sent: AngC8a7Wksg=
[2026-09-12 20:38:15][INFO]   Handshake resp: 200 challenge success
[2026-09-12 20:38:15][INFO]   Handshake resp: 200 challenge success
[2026-09-12 20:38:15][INFO]   Token sent
[2026-09-12 20:38:15][INFO]   Token sent
[2026-09-12 20:38:15][INFO]   Auth resp: 406 Not Acceptable
[2026-09-12 20:38:15][INFO] 🔒 تم إغلاق اتصال الحساب johan2003@yopmail.com بأمان.
[2026-09-12 20:38:15][INFO]   Auth resp: 200 TWpVNUBhMjlvWDJkaGJXVmZNalk9QE1URTVMamd1TWpFekxqRXpNUT09QE5EQXdNQT09QE1qZ3hOamd6QE1UQTJNREEzTkRN
[2026-09-12 20:38:15][INFO]   Gate: 119.8.213.131:4000
[2026-09-12 20:38:15][INFO]   UID: 10600743 Server: koh_game_26
[2026-09-12 20:38:15][INFO] 🔒 تم إغلاق اتصال الحساب johan2003@yopmail.com بأمان.
[2026-09-12 20:38:36][INFO] 📋 تم تحميل 16 حساب من session_cache.json
[2026-09-12 20:38:36][INFO] 📋 تم تحميل 16 حساب من session_cache.json
[2026-09-12 20:38:36][INFO] 📋 تم تحميل 16 حساب من session_cache.json
[2026-09-12 20:38:36][INFO] ✅ تم تحميل إعدادات Firebase من: E:\osmanli\.bot_config_e4tWS8v10m2nDHyzad0M.json
[2026-09-12 20:38:36][INFO] ✅ تم تحميل إعدادات Firebase من: E:\osmanli\.bot_config_e4tWS8v10m2nDHyzad0M.json
[2026-09-12 20:38:36][INFO] 📋 تم تحميل 16 حساب من session_cache.json
[2026-09-12 20:38:36][INFO] 📋 تم تحميل 16 حساب من session_cache.json
[2026-09-12 20:38:36][INFO] 📋 تم تحميل 16 حساب من session_cache.json
[2026-09-12 20:38:36][INFO] ✅ تم تحميل إعدادات Firebase من: E:\osmanli\.bot_config_e4tWS8v10m2nDHyzad0M.json
[2026-09-12 20:38:36][INFO] 📋 تم تحميل 16 حساب من session_cache.json
[2026-09-12 20:38:36][INFO] 🔁 وضع التشغيل المستمر نشط — دورة كل 90 دقيقة
[2026-09-12 20:38:36][INFO] 🔁 وضع التشغيل المستمر نشط — دورة كل 90 دقيقة
[2026-09-12 20:38:36][INFO]   📅 مهام مُجدوَلة (9 مهمة):
     • research: {'times_per_day': 2} | آخر تشغيل: لم تُشغَّل بعد
     • tactics_hall: {'times_per_day': 2} | آخر تشغيل: لم تُشغَّل بعد
     • fountain: {'times_per_day': 2} | آخر تشغيل: لم تُشغَّل بعد
     • material_workshop: {'times_per_day': 2} | آخر تشغيل: لم تُشغَّل بعد
     • caravan: {'times_per_day': 2} | آخر تشغيل: لم تُشغَّل بعد
     • port_delegate: {'times_per_day': 3} | آخر تشغيل: لم تُشغَّل بعد
     • savings_bank: {'times_per_day': 1} | آخر تشغيل: لم تُشغَّل بعد
     • building: {'times_per_day': 1} | آخر تشغيل: لم تُشغَّل بعد
     • prestige: {'hours': [3]} | آخر تشغيل: لم تُشغَّل بعد
[2026-09-12 20:38:36][INFO]   📅 مهام مُجدوَلة (9 مهمة):
     • research: {'times_per_day': 2} | آخر تشغيل: لم تُشغَّل بعد
     • tactics_hall: {'times_per_day': 2} | آخر تشغيل: لم تُشغَّل بعد
     • fountain: {'times_per_day': 2} | آخر تشغيل: لم تُشغَّل بعد
     • material_workshop: {'times_per_day': 2} | آخر تشغيل: لم تُشغَّل بعد
     • caravan: {'times_per_day': 2} | آخر تشغيل: لم تُشغَّل بعد
     • port_delegate: {'times_per_day': 3} | آخر تشغيل: لم تُشغَّل بعد
     • savings_bank: {'times_per_day': 1} | آخر تشغيل: لم تُشغَّل بعد
     • building: {'times_per_day': 1} | آخر تشغيل: لم تُشغَّل بعد
     • prestige: {'hours': [3]} | آخر تشغيل: لم تُشغَّل بعد
[2026-09-12 20:38:36][INFO]   📅 مهام مُجدوَلة (9 مهمة):
     • research: {'times_per_day': 2} | آخر تشغيل: لم تُشغَّل بعد
     • tactics_hall: {'times_per_day': 2} | آخر تشغيل: لم تُشغَّل بعد
     • fountain: {'times_per_day': 2} | آخر تشغيل: لم تُشغَّل بعد
     • material_workshop: {'times_per_day': 2} | آخر تشغيل: لم تُشغَّل بعد
     • caravan: {'times_per_day': 2} | آخر تشغيل: لم تُشغَّل بعد
     • port_delegate: {'times_per_day': 3} | آخر تشغيل: لم تُشغَّل بعد
     • savings_bank: {'times_per_day': 1} | آخر تشغيل: لم تُشغَّل بعد
     • building: {'times_per_day': 1} | آخر تشغيل: لم تُشغَّل بعد
     • prestige: {'hours': [3]} | آخر تشغيل: لم تُشغَّل بعد
[2026-09-12 20:38:36][INFO] 🔄 دورة رقم #1 — بدأت 2026-09-12 20:38:36
[2026-09-12 20:38:36][INFO] 🔄 دورة رقم #1 — بدأت 2026-09-12 20:38:36
[2026-09-12 20:38:36][INFO] 🔐 [تسجيل الدخول] بدء الاتصال بالحساب: johan2003@yopmail.com...
[2026-09-12 20:38:36][INFO] 🔐 [تسجيل الدخول] بدء الاتصال بالحساب: johan2003@yopmail.com...
[2026-09-12 20:38:36][INFO] 🔐 [تسجيل الدخول] بدء الاتصال بالحساب: johan2003@yopmail.com...
[2026-09-12 20:38:36][INFO] 🔁 وضع التشغيل المستمر نشط — دورة كل 90 دقيقة
[2026-09-12 20:38:36][INFO]   📅 مهام مُجدوَلة (9 مهمة):
     • research: {'times_per_day': 2} | آخر تشغيل: لم تُشغَّل بعد
     • tactics_hall: {'times_per_day': 2} | آخر تشغيل: لم تُشغَّل بعد
     • fountain: {'times_per_day': 2} | آخر تشغيل: لم تُشغَّل بعد
     • material_workshop: {'times_per_day': 2} | آخر تشغيل: لم تُشغَّل بعد
     • caravan: {'times_per_day': 2} | آخر تشغيل: لم تُشغَّل بعد
     • port_delegate: {'times_per_day': 3} | آخر تشغيل: لم تُشغَّل بعد
     • savings_bank: {'times_per_day': 1} | آخر تشغيل: لم تُشغَّل بعد
     • building: {'times_per_day': 1} | آخر تشغيل: لم تُشغَّل بعد
     • prestige: {'hours': [3]} | آخر تشغيل: لم تُشغَّل بعد
[2026-09-12 20:38:36][INFO] 🔄 دورة رقم #1 — بدأت 2026-09-12 20:38:36
[2026-09-12 20:38:36][INFO] 🔐 [تسجيل الدخول] بدء الاتصال بالحساب: johan2003@yopmail.com...
[2026-09-12 20:38:36][INFO] Login Server: 119.8.212.255:10000
[2026-09-12 20:38:36][INFO] Login Server: 119.8.212.255:10000
[2026-09-12 20:38:36][INFO] Login Server: 119.8.212.255:10000
[2026-09-12 20:38:36][INFO] Login Server: 119.8.212.255:10000
[2026-09-12 20:38:36][INFO] 📋 تم تحميل 16 حساب من session_cache.json
[2026-09-12 20:38:36][INFO] ✅ تم تحميل إعدادات Firebase من: E:\osmanli\.bot_config_e4tWS8v10m2nDHyzad0M.json
[2026-09-12 20:38:36][INFO] 📋 تم تحميل 16 حساب من session_cache.json
[2026-09-12 20:38:36][INFO] 📋 تم تحميل 16 حساب من session_cache.json
[2026-09-12 20:38:36][INFO] 🔁 وضع التشغيل المستمر نشط — دورة كل 90 دقيقة
[2026-09-12 20:38:36][INFO]   📅 مهام مُجدوَلة (9 مهمة):
     • research: {'times_per_day': 2} | آخر تشغيل: لم تُشغَّل بعد
     • tactics_hall: {'times_per_day': 2} | آخر تشغيل: لم تُشغَّل بعد
     • fountain: {'times_per_day': 2} | آخر تشغيل: لم تُشغَّل بعد
     • material_workshop: {'times_per_day': 2} | آخر تشغيل: لم تُشغَّل بعد
     • caravan: {'times_per_day': 2} | آخر تشغيل: لم تُشغَّل بعد
     • port_delegate: {'times_per_day': 3} | آخر تشغيل: لم تُشغَّل بعد
     • savings_bank: {'times_per_day': 1} | آخر تشغيل: لم تُشغَّل بعد
     • building: {'times_per_day': 1} | آخر تشغيل: لم تُشغَّل بعد
     • prestige: {'hours': [3]} | آخر تشغيل: لم تُشغَّل بعد
[2026-09-12 20:38:36][INFO] 🔄 دورة رقم #1 — بدأت 2026-09-12 20:38:36
[2026-09-12 20:38:36][INFO] ✅ تم تحميل إعدادات Firebase من: E:\osmanli\.bot_config_e4tWS8v10m2nDHyzad0M.json
[2026-09-12 20:38:36][INFO] 🔐 [تسجيل الدخول] بدء الاتصال بالحساب: johan2003@yopmail.com...
[2026-09-12 20:38:36][INFO] 📋 تم تحميل 16 حساب من session_cache.json
[2026-09-12 20:38:36][INFO] 🔁 وضع التشغيل المستمر نشط — دورة كل 90 دقيقة
[2026-09-12 20:38:36][INFO] Login Server: 119.8.212.255:10000
[2026-09-12 20:38:36][INFO]   📅 مهام مُجدوَلة (9 مهمة):
     • research: {'times_per_day': 2} | آخر تشغيل: لم تُشغَّل بعد
     • tactics_hall: {'times_per_day': 2} | آخر تشغيل: لم تُشغَّل بعد
     • fountain: {'times_per_day': 2} | آخر تشغيل: لم تُشغَّل بعد
     • material_workshop: {'times_per_day': 2} | آخر تشغيل: لم تُشغَّل بعد
     • caravan: {'times_per_day': 2} | آخر تشغيل: لم تُشغَّل بعد
     • port_delegate: {'times_per_day': 3} | آخر تشغيل: لم تُشغَّل بعد
     • savings_bank: {'times_per_day': 1} | آخر تشغيل: لم تُشغَّل بعد
     • building: {'times_per_day': 1} | آخر تشغيل: لم تُشغَّل بعد
     • prestige: {'hours': [3]} | آخر تشغيل: لم تُشغَّل بعد
[2026-09-12 20:38:36][INFO] 🔄 دورة رقم #1 — بدأت 2026-09-12 20:38:36
[2026-09-12 20:38:36][INFO] 🔐 [تسجيل الدخول] بدء الاتصال بالحساب: johan2003@yopmail.com...
[2026-09-12 20:38:36][INFO] Login Server: 119.8.212.255:10000
[2026-09-12 20:38:36][INFO] 📋 تم تحميل 16 حساب من session_cache.json
[2026-09-12 20:38:36][INFO] ✅ تم تحميل إعدادات Firebase من: E:\osmanli\.bot_config_e4tWS8v10m2nDHyzad0M.json
[2026-09-12 20:38:36][INFO] 📋 تم تحميل 16 حساب من session_cache.json
[2026-09-12 20:38:36][INFO] 🔁 وضع التشغيل المستمر نشط — دورة كل 90 دقيقة
[2026-09-12 20:38:36][INFO]   📅 مهام مُجدوَلة (9 مهمة):
     • research: {'times_per_day': 2} | آخر تشغيل: لم تُشغَّل بعد
     • tactics_hall: {'times_per_day': 2} | آخر تشغيل: لم تُشغَّل بعد
     • fountain: {'times_per_day': 2} | آخر تشغيل: لم تُشغَّل بعد
     • material_workshop: {'times_per_day': 2} | آخر تشغيل: لم تُشغَّل بعد
     • caravan: {'times_per_day': 2} | آخر تشغيل: لم تُشغَّل بعد
     • port_delegate: {'times_per_day': 3} | آخر تشغيل: لم تُشغَّل بعد
     • savings_bank: {'times_per_day': 1} | آخر تشغيل: لم تُشغَّل بعد
     • building: {'times_per_day': 1} | آخر تشغيل: لم تُشغَّل بعد
     • prestige: {'hours': [3]} | آخر تشغيل: لم تُشغَّل بعد
[2026-09-12 20:38:36][INFO] 🔄 دورة رقم #1 — بدأت 2026-09-12 20:38:36
[2026-09-12 20:38:36][INFO] 🔐 [تسجيل الدخول] بدء الاتصال بالحساب: johan2003@yopmail.com...
[2026-09-12 20:38:36][INFO] Login Server: 119.8.212.255:10000
[2026-09-12 20:38:36][INFO] 📋 تم تحميل 16 حساب من session_cache.json
[2026-09-12 20:38:36][INFO] ✅ تم تحميل إعدادات Firebase من: E:\osmanli\.bot_config_e4tWS8v10m2nDHyzad0M.json
[2026-09-12 20:38:36][INFO] 📋 تم تحميل 16 حساب من session_cache.json
[2026-09-12 20:38:36][INFO] 🔁 وضع التشغيل المستمر نشط — دورة كل 90 دقيقة
[2026-09-12 20:38:36][INFO]   📅 مهام مُجدوَلة (9 مهمة):
     • research: {'times_per_day': 2} | آخر تشغيل: لم تُشغَّل بعد
     • tactics_hall: {'times_per_day': 2} | آخر تشغيل: لم تُشغَّل بعد
     • fountain: {'times_per_day': 2} | آخر تشغيل: لم تُشغَّل بعد
     • material_workshop: {'times_per_day': 2} | آخر تشغيل: لم تُشغَّل بعد
     • caravan: {'times_per_day': 2} | آخر تشغيل: لم تُشغَّل بعد
     • port_delegate: {'times_per_day': 3} | آخر تشغيل: لم تُشغَّل بعد
     • savings_bank: {'times_per_day': 1} | آخر تشغيل: لم تُشغَّل بعد
     • building: {'times_per_day': 1} | آخر تشغيل: لم تُشغَّل بعد
     • prestige: {'hours': [3]} | آخر تشغيل: لم تُشغَّل بعد
[2026-09-12 20:38:36][INFO] 🔄 دورة رقم #1 — بدأت 2026-09-12 20:38:36
[2026-09-12 20:38:36][INFO] 🔐 [تسجيل الدخول] بدء الاتصال بالحساب: johan2003@yopmail.com...
[2026-09-12 20:38:36][INFO] Login Server: 119.8.212.255:10000
[2026-09-12 20:38:36][INFO] DH Handshake...
[2026-09-12 20:38:36][INFO] DH Handshake...
[2026-09-12 20:38:36][INFO] DH Handshake...
[2026-09-12 20:38:36][INFO] DH Handshake...
[2026-09-12 20:38:36][INFO] DH Handshake...
[2026-09-12 20:38:36][INFO] DH Handshake...
[2026-09-12 20:38:36][INFO] DH Handshake...
[2026-09-12 20:38:36][INFO] DH Handshake...
[2026-09-12 20:38:36][INFO]   Challenge: mbjwMTZ+tIk=
[2026-09-12 20:38:36][INFO]   ClientKey sent: zBTryir7zEY=
[2026-09-12 20:38:36][INFO]   Challenge: FQB46p78Wcs=
[2026-09-12 20:38:36][INFO]   Challenge: Cblg5yPY8uo=
[2026-09-12 20:38:36][INFO]   Challenge: mFgNO61Y9Ec=
[2026-09-12 20:38:36][INFO]   ClientKey sent: gHTJvj53Vx8=
[2026-09-12 20:38:36][INFO]   ClientKey sent: 2+UW5fHhM50=
[2026-09-12 20:38:36][INFO]   Challenge: EeV4R2Ms0Xg=
[2026-09-12 20:38:36][INFO]   ClientKey sent: CpeYFr6foTw=
[2026-09-12 20:38:36][INFO]   Challenge: LUliy0W8lk8=
[2026-09-12 20:38:36][INFO]   ClientKey sent: QEQ3ix/hV8o=
[2026-09-12 20:38:36][INFO]   Challenge: dfc2mc8og2c=
[2026-09-12 20:38:36][INFO]   Challenge: gJCiLumXdfo=
[2026-09-12 20:38:36][INFO]   ClientKey sent: 4MQPbcIomS4=
[2026-09-12 20:38:36][INFO]   ClientKey sent: MUme+bb3eoM=
[2026-09-12 20:38:36][INFO]   ServerKey: 84KTOg9jsuU=
[2026-09-12 20:38:36][INFO]   Secret: 0df8efcc403d777c
[2026-09-12 20:38:36][INFO]   HMAC sent: GT8rnonFLdI=
[2026-09-12 20:38:36][INFO]   ServerKey: 2sLW6L08by4=
[2026-09-12 20:38:36][INFO]   Secret: 7bdf72315ad4b185
[2026-09-12 20:38:36][INFO]   Secret: 99bf7340297bfafb
[2026-09-12 20:38:36][INFO]   HMAC sent: U0wl+g/w298=
[2026-09-12 20:38:36][INFO]   HMAC sent: CP6UGQRByRU=
[2026-09-12 20:38:36][INFO]   ServerKey: x69OXdZwjbE=
[2026-09-12 20:38:36][INFO]   ServerKey: fmPNW5kO9XA=
[2026-09-12 20:38:36][INFO]   Secret: 9183c65a09ba5b82
[2026-09-12 20:38:36][INFO]   Secret: 47ce2cbb9d10c5a1
[2026-09-12 20:38:36][INFO]   HMAC sent: lr8FuLTCukY=
[2026-09-12 20:38:36][INFO]   HMAC sent: V39SF+DcBNw=
[2026-09-12 20:38:36][INFO]   ServerKey: bTPH+d7uFtc=
[2026-09-12 20:38:36][INFO]   Secret: aafab5dddb0733bf
[2026-09-12 20:38:36][INFO]   HMAC sent: z+HOWvZ8j5I=
[2026-09-12 20:38:36][INFO]   ServerKey: LL0/gWCs07I=
[2026-09-12 20:38:36][INFO]   Secret: 7efb2467cd989527
[2026-09-12 20:38:36][INFO]   Secret: 3ee03d776c369bed
[2026-09-12 20:38:36][INFO]   HMAC sent: 5cl7Pnlm2Bs=
[2026-09-12 20:38:36][INFO]   HMAC sent: +/1Lgbu8eew=
[2026-09-12 20:38:37][INFO]   Handshake resp: 200 challenge success
[2026-09-12 20:38:37][INFO]   Token sent
[2026-09-12 20:38:37][INFO]   Handshake resp: 200 challenge success
[2026-09-12 20:38:37][INFO]   Handshake resp: 200 challenge success
[2026-09-12 20:38:37][INFO]   Handshake resp: 200 challenge success
[2026-09-12 20:38:37][INFO]   Handshake resp: 200 challenge success
[2026-09-12 20:38:37][INFO]   Token sent
[2026-09-12 20:38:37][INFO]   Token sent
[2026-09-12 20:38:37][INFO]   Token sent
[2026-09-12 20:38:37][INFO]   Token sent
[2026-09-12 20:38:37][INFO]   Handshake resp: 200 challenge success
[2026-09-12 20:38:37][INFO]   Handshake resp: 200 challenge success
[2026-09-12 20:38:37][INFO]   Token sent
[2026-09-12 20:38:37][INFO]   Token sent
[2026-09-12 20:38:37][INFO]   Token sent
[2026-09-12 20:38:37][INFO]   Auth resp: 406 Not Acceptable
[2026-09-12 20:38:37][INFO]   Auth resp: 406 Not Acceptable
[2026-09-12 20:38:37][INFO]   Auth resp: 406 Not Acceptable
[2026-09-12 20:38:37][ERROR] [Login] johan2003@yopmail.com: SDK token error - sessionId منتهي الصلاحية
[2026-09-12 20:38:37][ERROR] [Login] johan2003@yopmail.com: SDK token error - sessionId منتهي الصلاحية
[2026-09-12 20:38:37][ERROR] ❌ [تسجيل الدخول] فشل الاتصال بالحساب johan2003@yopmail.com!
[2026-09-12 20:38:37][ERROR] ❌ [تسجيل الدخول] فشل الاتصال بالحساب johan2003@yopmail.com!
[2026-09-12 20:38:37][INFO] 🔒 تم إغلاق اتصال الحساب johan2003@yopmail.com بأمان.
[2026-09-12 20:38:37][INFO] 🔒 تم إغلاق اتصال الحساب johan2003@yopmail.com بأمان.
[2026-09-12 20:38:37][ERROR] [Login] johan2003@yopmail.com: SDK token error - sessionId منتهي الصلاحية
[2026-09-12 20:38:37][ERROR] ❌ [تسجيل الدخول] فشل الاتصال بالحساب johan2003@yopmail.com!
[2026-09-12 20:38:37][INFO] 🔒 تم إغلاق اتصال الحساب johan2003@yopmail.com بأمان.
[2026-09-12 20:38:37][INFO]   Auth resp: 406 Not Acceptable
[2026-09-12 20:38:37][INFO]   Auth resp: 406 Not Acceptable
[2026-09-12 20:38:37][INFO] ✅ انتهت الدورة #1 في 1ث — الدورة القادمة الساعة: 22:08:36
[2026-09-12 20:38:37][INFO] ✅ انتهت الدورة #1 في 1ث — الدورة القادمة الساعة: 22:08:36
[2026-09-12 20:38:37][INFO] 💤 انتظار 90.0 دقيقة...
[2026-09-12 20:38:37][INFO] ✅ انتهت الدورة #1 في 1ث — الدورة القادمة الساعة: 22:08:36
[2026-09-12 20:38:37][INFO] 💤 انتظار 90.0 دقيقة...
[2026-09-12 20:38:37][ERROR] [Login] johan2003@yopmail.com: SDK token error - sessionId منتهي الصلاحية
[2026-09-12 20:38:37][ERROR] [Login] johan2003@yopmail.com: SDK token error - sessionId منتهي الصلاحية
[2026-09-12 20:38:37][INFO] 💤 انتظار 90.0 دقيقة...
[2026-09-12 20:38:37][ERROR] ❌ [تسجيل الدخول] فشل الاتصال بالحساب johan2003@yopmail.com!
[2026-09-12 20:38:37][ERROR] ❌ [تسجيل الدخول] فشل الاتصال بالحساب johan2003@yopmail.com!
[2026-09-12 20:38:37][INFO] 🔒 تم إغلاق اتصال الحساب johan2003@yopmail.com بأمان.
[2026-09-12 20:38:37][INFO] 🔒 تم إغلاق اتصال الحساب johan2003@yopmail.com بأمان.
[2026-09-12 20:38:37][INFO] ✅ انتهت الدورة #1 في 1ث — الدورة القادمة الساعة: 22:08:36
[2026-09-12 20:38:37][INFO] ✅ انتهت الدورة #1 في 1ث — الدورة القادمة الساعة: 22:08:36
[2026-09-12 20:38:37][INFO] 💤 انتظار 90.0 دقيقة...
[2026-09-12 20:38:37][INFO] 💤 انتظار 90.0 دقيقة...
[2026-09-12 20:38:37][INFO]   Auth resp: 406 Not Acceptable
[2026-09-12 20:38:37][ERROR] [Login] johan2003@yopmail.com: SDK token error - sessionId منتهي الصلاحية
[2026-09-12 20:38:37][INFO]   Auth resp: 406 Not Acceptable
[2026-09-12 20:38:37][ERROR] ❌ [تسجيل الدخول] فشل الاتصال بالحساب johan2003@yopmail.com!
[2026-09-12 20:38:37][INFO] 🔒 تم إغلاق اتصال الحساب johan2003@yopmail.com بأمان.
[2026-09-12 20:38:37][ERROR] [Login] johan2003@yopmail.com: SDK token error - sessionId منتهي الصلاحية
[2026-09-12 20:38:37][ERROR] ❌ [تسجيل الدخول] فشل الاتصال بالحساب johan2003@yopmail.com!
[2026-09-12 20:38:37][INFO] ✅ انتهت الدورة #1 في 1ث — الدورة القادمة الساعة: 22:08:36
[2026-09-12 20:38:37][INFO] 💤 انتظار 90.0 دقيقة...
[2026-09-12 20:38:37][INFO] 🔒 تم إغلاق اتصال الحساب johan2003@yopmail.com بأمان.
[2026-09-12 20:38:37][INFO] ✅ انتهت الدورة #1 في 1ث — الدورة القادمة الساعة: 22:08:36
[2026-09-12 20:38:37][INFO] 💤 انتظار 90.0 دقيقة...
[2026-09-12 20:38:37][INFO]   Auth resp: 200 TWpVNUBhMjlvWDJkaGJXVmZNalk9QE1URTVMamd1TWpFekxqRXpNUT09QE5EQXdNQT09QE1qZ3hOamcyQE1UQTJNREEzTkRN
[2026-09-12 20:38:37][INFO]   Gate: 119.8.213.131:4000
[2026-09-12 20:38:37][INFO]   UID: 10600743 Server: koh_game_26
[2026-09-12 20:38:37][INFO] [Login] ✓ johan2003@yopmail.com → Gate 119.8.213.131:4000 uid=10600743
[2026-09-12 20:38:37][INFO] [Gate] ✓ 119.8.213.131:4000 uid=10600743
[2026-09-12 20:38:37][INFO] ⏳ انتظار مزامنة الحزم الأولية من السيرفر...
[2026-09-12 20:38:40][INFO] ✅ [تسجيل الدخول] تم الاتصال والمصافحة بنجاح 100%!
[2026-09-12 20:38:40][INFO] 🔍 [الاستعلام الشامل] جلب كافة بيانات ومعلومات الحساب من السيرفر...
[2026-09-12 20:38:46][INFO] 🌾 بدء حصد كافة مزارع ومناجم المدينة وتعبئة مخازن القلعة بالموارد...
[2026-09-12 20:38:46][INFO] 🌾 بدء مهمة حصد وجني محاصيل مزارع المدينة الداخلية...
[2026-09-12 20:38:46][INFO] 📊 إجمالي مباني الموارد المكتشفة في القلعة: 27 مزرعة/منجم.
[2026-09-12 20:38:47][INFO]    🌾 تم جني محصول 🌾 مزارع القمح (Wheat Farm) (رقم 0 | مستوى 31) بنجاح! (+706,412 مورد)
[2026-09-12 20:38:48][INFO]    🌾 تم جني محصول 🌾 مزارع القمح (Wheat Farm) (رقم 1 | مستوى 40) بنجاح! (+824,147 مورد)
[2026-09-12 20:38:49][INFO]    🌾 تم جني محصول 🌾 مزارع القمح (Wheat Farm) (رقم 2 | مستوى 31) بنجاح! (+706,412 مورد)
[2026-09-12 20:38:50][INFO]    🌾 تم جني محصول 🌾 مزارع القمح (Wheat Farm) (رقم 3 | مستوى 32) بنجاح! (+706,412 مورد)
[2026-09-12 20:38:50][INFO]    🌾 تم جني محصول 🌾 مزارع القمح (Wheat Farm) (رقم 4 | مستوى 32) بنجاح! (+706,412 مورد)
[2026-09-12 20:38:51][INFO]    🌾 تم جني محصول 🌾 مزارع القمح (Wheat Farm) (رقم 5 | مستوى 30) بنجاح! (+706,412 مورد)
[2026-09-12 20:38:52][INFO]    🌾 تم جني محصول 🌾 مزارع القمح (Wheat Farm) (رقم 6 | مستوى 30) بنجاح! (+706,412 مورد)
[2026-09-12 20:38:53][INFO]    🌾 تم جني محصول 🌾 مزارع القمح (Wheat Farm) (رقم 7 | مستوى 30) بنجاح! (+706,412 مورد)
[2026-09-12 20:38:54][INFO]    🌾 تم جني محصول 🌾 مزارع القمح (Wheat Farm) (رقم 8 | مستوى 30) بنجاح! (+706,412 مورد)
[2026-09-12 20:38:54][INFO]    🌾 تم جني محصول 🌾 مزارع القمح (Wheat Farm) (رقم 9 | مستوى 31) بنجاح! (+706,412 مورد)
[2026-09-12 20:38:55][INFO]    🪵 تم جني محصول 🪵 مناشر الخشب (Sawmill) (رقم 0 | مستوى 30) بنجاح! (+536,436 مورد)
[2026-09-12 20:38:56][INFO]    🪵 تم جني محصول 🪵 مناشر الخشب (Sawmill) (رقم 1 | مستوى 30) بنجاح! (+536,436 مورد)
[2026-09-12 20:38:57][INFO]    🪵 تم جني محصول 🪵 مناشر الخشب (Sawmill) (رقم 2 | مستوى 30) بنجاح! (+536,436 مورد)
[2026-09-12 20:38:58][INFO]    🪵 تم جني محصول 🪵 مناشر الخشب (Sawmill) (رقم 3 | مستوى 30) بنجاح! (+536,436 مورد)
[2026-09-12 20:38:58][INFO]    🪵 تم جني محصول 🪵 مناشر الخشب (Sawmill) (رقم 4 | مستوى 30) بنجاح! (+536,436 مورد)
[2026-09-12 20:38:59][INFO]    🪵 تم جني محصول 🪵 مناشر الخشب (Sawmill) (رقم 6 | مستوى 25) بنجاح! (+415,738 مورد)
[2026-09-12 20:39:00][INFO]    🪵 تم جني محصول 🪵 مناشر الخشب (Sawmill) (رقم 8 | مستوى 26) بنجاح! (+438,089 مورد)
[2026-09-12 20:39:01][INFO]    ⛏️ تم جني محصول ⛏️ مناجم الحديد (Iron Mine) (رقم 1 | مستوى 29) بنجاح! (+81,563 مورد)
[2026-09-12 20:39:02][INFO]    ⛏️ تم جني محصول ⛏️ مناجم الحديد (Iron Mine) (رقم 2 | مستوى 27) بنجاح! (+73,877 مورد)
[2026-09-12 20:39:02][INFO]    🪙 تم جني محصول 🪙 مناجم الفضة/الألماس (Silver/Diamond) (رقم 0 | مستوى 31) بنجاح! (+29,663 مورد)
[2026-09-12 20:39:03][INFO]    🪙 تم جني محصول 🪙 مناجم الفضة/الألماس (Silver/Diamond) (رقم 1 | مستوى 30) بنجاح! (+29,663 مورد)
[2026-09-12 20:39:04][INFO]    🪙 تم جني محصول 🪙 مناجم الفضة/الألماس (Silver/Diamond) (رقم 2 | مستوى 30) بنجاح! (+29,663 مورد)
[2026-09-12 20:39:05][INFO]    🪙 تم جني محصول 🪙 مناجم الفضة/الألماس (Silver/Diamond) (رقم 3 | مستوى 30) بنجاح! (+29,663 مورد)
[2026-09-12 20:39:06][INFO]    🪙 تم جني محصول 🪙 مناجم الفضة/الألماس (Silver/Diamond) (رقم 4 | مستوى 30) بنجاح! (+29,663 مورد)
[2026-09-12 20:39:06][INFO]    🪙 تم جني محصول 🪙 مناجم الفضة/الألماس (Silver/Diamond) (رقم 5 | مستوى 30) بنجاح! (+29,663 مورد)
[2026-09-12 20:39:07][INFO]    🪙 تم جني محصول 🪙 مناجم الفضة/الألماس (Silver/Diamond) (رقم 6 | مستوى 30) بنجاح! (+29,663 مورد)
[2026-09-12 20:39:08][INFO]    🪙 تم جني محصول 🪙 مناجم الفضة/الألماس (Silver/Diamond) (رقم 7 | مستوى 30) بنجاح! (+29,663 مورد)
[2026-09-12 20:39:08][INFO] 🎉 نتيجة حصد المدينة: ✅ تم بنجاح حصد 27 مزرعة: (🌾 10 مزارع | 🪵 7 مناشر | ⛏️ 2 مناجم | 🪙 8 مناجم)
[2026-09-12 20:39:08][INFO] 🎉 نتيجة حصد المدينة: ✅ تم بنجاح حصد 27 مزرعة: (🌾 10 مزارع | 🪵 7 مناشر | ⛏️ 2 مناجم | 🪙 8 مناجم)
[2026-09-12 20:39:10][INFO] 🔬 تشغيل مهمة أبحاث الأكاديمية (البحث التلقائي الموصى به من النظام)...
[2026-09-12 20:39:10][INFO] 🔬 بدء مهمة أبحاث الأكاديمية (الشجرة: defense | بحث مخصص: تلقائي)
[2026-09-12 20:39:11][INFO] 📚 تم استرجاع 92 بحث مكتمل/قيد التطوير للحساب.
[2026-09-12 20:39:11][INFO] 💡 البحث الموصى به: [23013] الأسوار II | الشجرة: 🛡️ الدفاع والتحصينات (الأسوار والفخاخ) | المستوى: 0 -> 1
[2026-09-12 20:39:11][INFO] 🚀 جارٍ إرسال أمر إجراء البحث للسيرفر: [23013] الأسوار II...
[2026-09-12 20:39:12][INFO] ✅ تم بنجاح بدء البحث الموصى به: [23013] الأسوار II (المستوى 1) ⏳ الوقت: 14 س و 5 د و 13 ث
[2026-09-12 20:39:12][INFO] 🎉 نتيجة أبحاث الأكاديمية: ✅ تم بنجاح بدء البحث الموصى به: [23013] الأسوار II (المستوى 1) ⏳ الوقت: 14 س و 5 د و 13 ث
[2026-09-12 20:39:14][INFO] 🤝 بدء تنفيذ مهمة التحالف (المساعدة والتبرع لعلوم التحالف ID: 1041418)...
[2026-09-12 20:39:14][INFO] 🏛️ بدء مهمة التحالف (التحالف ID: 1041418)
[2026-09-12 20:39:22][INFO] 📊 رصيد التبرع الحالي: 20/20 مجاني | تبرعات الذهب: 0
[2026-09-12 20:39:22][INFO] 🎯 تم العثور على التقنية الموصى بها: ID=33015 (المستوى=6)
[2026-09-12 20:39:22][INFO] 🚀 جاري تنفيذ 20 تبرع مجاني للتقنية #33015...
[2026-09-12 20:39:45][INFO] ✅ اكتملت التبرعات المجانية: 20 تبرع (شرف: +19,200 | نقاط علم: +15,360)
[2026-09-12 20:39:45][INFO] 🎉 نتيجة مهمة التحالف: تم إنجاز 20 تبرع مجاني + 0 تبرع ذهب (شرف +19,200)
[2026-09-12 20:39:47][INFO] 🚀 تشغيل مهمة الميناء لإرسال السفن التجارية...
[2026-09-12 20:39:47][INFO] 🚢 فحص الميناء...
[2026-09-12 20:39:47][INFO] 🚢 لا توجد سفن متاحة حالياً
[2026-09-12 20:39:47][INFO] 🎉 نتيجة الميناء: لا توجد سفن
[2026-09-12 20:39:48][INFO] 🎯 القوات المستهدفة للتدريب بأقصى طاقة استيعابية: 🐎 الخيالة (رتبة 6), 🛡️ المشاة (رتبة 6), 🚜 العربات (رتبة 6)
[2026-09-12 20:39:49][INFO] 🔍 فحص عام لكافة الثكنات لجمع أي جنود مكتمل تدريبهم...
[2026-09-12 20:39:49][INFO] 📦 وُجدت قوات جاهزة للاستلام في 🐎 [الخيالة] (معلومات: {'509': '580'})! جاري الجمع...
[2026-09-12 20:39:50][INFO] ✅ تم بنجاح جمع واستلام القوات الجاهزة من 🐎 [الخيالة]! 🎖️
[2026-09-12 20:39:50][INFO] 📦 وُجدت قوات جاهزة للاستلام في 🏹 [الأسهم] (معلومات: {'609': '170'})! جاري الجمع...
[2026-09-12 20:39:50][INFO] ✅ تم بنجاح جمع واستلام القوات الجاهزة من 🏹 [الأسهم]! 🎖️
[2026-09-12 20:39:51][INFO] 📦 وُجدت قوات جاهزة للاستلام في 🛡️ [المشاة] (معلومات: {'409': '190'})! جاري الجمع...
[2026-09-12 20:39:51][INFO] ✅ تم بنجاح جمع واستلام القوات الجاهزة من 🛡️ [المشاة]! 🎖️
[2026-09-12 20:39:52][INFO] 📦 وُجدت قوات جاهزة للاستلام في 🚜 [العربات] (معلومات: {'710': '885'})! جاري الجمع...
[2026-09-12 20:39:52][INFO] ✅ تم بنجاح جمع واستلام القوات الجاهزة من 🚜 [العربات]! 🎖️
[2026-09-12 20:39:53][INFO] 🎉 تم جمع الجنود الجاهزين من 4 مبنى بنجاح!
[2026-09-12 20:39:54][INFO] 🪖 بدء مرحلة تدريب الجيش | الأنواع المطلوبة: 3 مبنى...
[2026-09-12 20:39:54][INFO] 📊 فحص تلقائي لـ 🐎 [الخيالة] (مستوى 6): سعة الثكنة: 580 وحدة | سقف الموارد: 3358968 وحدة | الناتج التلقائي: 580 وحدة
[2026-09-12 20:39:54][INFO] 🚀 بدء تدريب 🐎 [الخيالة] | المستوى: 6 (معرف: 506) | المستهدف: 580 وحدة...
[2026-09-12 20:39:54][INFO] ✅ تم بدء تدريب 580 وحدة من 🐎 [الخيالة] (مستوى 6) بنجاح! 🎉
[2026-09-12 20:39:55][INFO] 📊 فحص تلقائي لـ 🛡️ [المشاة] (مستوى 6): سعة الثكنة: 170 وحدة | سقف الموارد: 2820646 وحدة | الناتج التلقائي: 170 وحدة
[2026-09-12 20:39:55][INFO] 🚀 بدء تدريب 🛡️ [المشاة] | المستوى: 6 (معرف: 406) | المستهدف: 170 وحدة...
[2026-09-12 20:39:55][INFO] ✅ تم بدء تدريب 170 وحدة من 🛡️ [المشاة] (مستوى 6) بنجاح! 🎉
[2026-09-12 20:39:56][INFO] 📊 فحص تلقائي لـ 🚜 [العربات] (مستوى 6): سعة الثكنة: 885 وحدة | سقف الموارد: 1183789 وحدة | الناتج التلقائي: 885 وحدة
[2026-09-12 20:39:56][INFO] 🚀 بدء تدريب 🚜 [العربات] | المستوى: 6 (معرف: 706) | المستهدف: 885 وحدة...
[2026-09-12 20:39:56][INFO] ✅ تم بدء تدريب 885 وحدة من 🚜 [العربات] (مستوى 6) بنجاح! 🎉
[2026-09-12 20:39:57][INFO] 🏁 تم جمع واستلام القوات من 4 مبنى | تم تدريب 3 أنواع قوات جديدة
[2026-09-12 20:39:57][INFO] 🎉 نتيجة تدريب الجنود: تم جمع واستلام القوات من 4 مبنى | تم تدريب 3 أنواع قوات جديدة
[2026-09-12 20:39:59][INFO] 🐾 جاري تنفيذ الدورية للحيوان المحدد: [🦌 الغزال (Gazelle)] (معرف: 1261)...
[2026-09-12 20:39:59][INFO] 🐾 بدء مهمة دورية الحيوان الأليف [🦌 الغزال (Gazelle)] إلى الوجهة #1389
[2026-09-12 20:39:59][INFO] 🎁 تم استلام مكافآت دورية الحيوان المكتملة بنجاح! ✅
[2026-09-12 20:40:00][INFO] 🎉 تم إرسال 🦌 الغزال (Gazelle) في دورية بنجاح! 🚀 | مدة الدورية: 60 دقيقة
[2026-09-12 20:40:00][INFO] 🎉 نتيجة دورية الحيوان: ✅ تم إرسال 🦌 الغزال (Gazelle) في دورية بنجاح (المدة 60 دقيقة)
[2026-09-12 20:40:01][INFO] 🚩 بدء فحص واستلام مكافآت وجوائز حدث التوسع الإقليمي...
[2026-09-12 20:40:01][INFO] 👉 استلام [إجمالي تسجيل الدخول - تسجيل الدخول لمدة 4 أيام] (dynamicId: 408)...
[2026-09-12 20:40:01][INFO] 🛡️ انتظار أمان بشري: 2.47 ثانية...
[2026-09-12 20:40:04][INFO] 👉 استلام [إجمالي تسجيل الدخول - تسجيل الدخول لمدة 5 أيام] (dynamicId: 392)...
[2026-09-12 20:40:04][INFO] 🎉 نتيجة التوسع الإقليمي: 🎯 اكتملت العملية: تم استلام 2 مكافأة بنجاح
[2026-09-12 20:40:05][INFO] 🛡️ بدء مهمة درع السلام لحماية القلعة [🛡️ درع السلام (8 ساعات)] (السماح بالشراء بالذهب: لا)...
[2026-09-12 20:40:05][INFO] 🛡️ بدء مهمة الدرع التلقائي [🛡️ درع السلام (8 ساعات)] (الشراء بالذهب: False)
[2026-09-12 20:40:06][INFO] 🎒 المخزون المتوفر في الحقيبة من 🛡️ درع السلام (8 ساعات): 7 درع
[2026-09-12 20:40:06][INFO] 🚀 جاري استخدام 1 من 🛡️ درع السلام (8 ساعات) من الحقيبة مجاناً (sign: 12285)...
[2026-09-12 20:40:06][WARNING] [Gate] ⚠️ انقطع الاتصال بالحساب (السبب: other_device)
[2026-09-12 20:40:06][WARNING] ⚠️ [تنبيه السيرفر] انقطع اتصال الحساب johan2003@yopmail.com (السبب: other_device)
[2026-09-12 20:40:06][INFO] ✅ تم تفعيل 🛡️ درع السلام (8 ساعات) بنجاح من الحقيبة مجاناً 🎉
[2026-09-12 20:40:06][INFO] 🎉 نتيجة درع السلام: تم تفعيل 🛡️ درع السلام (8 ساعات) بنجاح من الحقيبة مجاناً
[2026-09-12 20:40:06][WARNING] ⚡ [رصد فوري للانقطاع] انقطع اتصال الحساب فوراً أثناء تنفيذ [🛡️ درع السلام وحماية القلعة (Peace Shield)] (السبب: دخول شخص آخر إلى الحساب (Other Device Login))!
[2026-09-12 20:40:06][WARNING] ⚠️ [انقطاع الاتصال] تم رصد انقطاع الاتصال بالحساب (السبب: دخول شخص آخر إلى الحساب (Other Device Login))!
[2026-09-12 20:40:06][WARNING] ⏳ سيتوقف البوت مؤقتاً وينتظر 60 ثانية (دقيقة واحدة) لإفساح المجال ثم إعادة الدخول...
[2026-09-12 20:40:06][INFO] ⏳ [المحاولة 1/10] انتظار 60 ثانية (دقيقة واحدة)...
[2026-09-12 20:40:06][INFO] ⏳ متبقي على إعادة محاولة الدخول: 60 ثانية...
[2026-09-12 20:40:21][INFO] ⏳ متبقي على إعادة محاولة الدخول: 45 ثانية...
[2026-09-12 20:40:36][INFO] ⏳ متبقي على إعادة محاولة الدخول: 30 ثانية...
[2026-09-12 20:40:51][INFO] ⏳ متبقي على إعادة محاولة الدخول: 15 ثانية...
[2026-09-12 20:41:01][INFO] ⏳ متبقي على إعادة محاولة الدخول: 5 ثانية...
[2026-09-12 20:41:06][INFO] 🔄 جاري محاولة تسجيل الدخول الآن واستئناف المهام (المحاولة 1/10)...
[2026-09-12 20:41:06][INFO] 🔐 [تسجيل الدخول] بدء الاتصال بالحساب: johan2003@yopmail.com...
[2026-09-12 20:41:06][INFO] Login Server: 119.8.212.255:10000
[2026-09-12 20:41:06][INFO] DH Handshake...
[2026-09-12 20:41:06][INFO]   Challenge: 5jgsUy9e3tY=
[2026-09-12 20:41:06][INFO]   ClientKey sent: 46N6R4yEwIo=
[2026-09-12 20:41:07][INFO]   ServerKey: ounmV109B3Q=
[2026-09-12 20:41:07][INFO]   Secret: 9bee9a00e839a7fd
[2026-09-12 20:41:07][INFO]   HMAC sent: dhUUDgoylN4=
[2026-09-12 20:41:07][INFO]   Handshake resp: 200 challenge success
[2026-09-12 20:41:07][INFO]   Token sent
[2026-09-12 20:41:07][INFO]   Auth resp: 200 TWpVNUBhMjlvWDJkaGJXVmZNalk9QE1URTVMamd1TWpFekxqRXpNUT09QE5EQXdNQT09QE1qZ3hOekExQE1UQTJNREEzTkRN
[2026-09-12 20:41:07][INFO]   Gate: 119.8.213.131:4000
[2026-09-12 20:41:07][INFO]   UID: 10600743 Server: koh_game_26
[2026-09-12 20:41:07][INFO] [Login] ✓ johan2003@yopmail.com → Gate 119.8.213.131:4000 uid=10600743
[2026-09-12 20:41:07][INFO] [Gate] ✓ 119.8.213.131:4000 uid=10600743
[2026-09-12 20:41:07][INFO] ⏳ انتظار مزامنة الحزم الأولية من السيرفر...
[2026-09-12 20:41:10][INFO] ✅ [تسجيل الدخول] تم الاتصال والمصافحة بنجاح 100%!
[2026-09-12 20:41:10][INFO] 🔍 [الاستعلام الشامل] جلب كافة بيانات ومعلومات الحساب من السيرفر...
[2026-09-12 20:41:16][INFO] 🎉 تم إعادة تسجيل الدخول بنجاح تام! جاهز لاستئناف المهام المتوقفة... ✅
[2026-09-12 20:41:16][INFO] 🔄 استئناف وإعادة تشغيل المهمة التي توقفت بسبب الانقطاع: [🛡️ درع السلام وحماية القلعة (Peace Shield)]...
[2026-09-12 20:41:16][INFO] 🛡️ بدء مهمة درع السلام لحماية القلعة [🛡️ درع السلام (8 ساعات)] (السماح بالشراء بالذهب: لا)...
[2026-09-12 20:41:16][INFO] 🛡️ بدء مهمة الدرع التلقائي [🛡️ درع السلام (8 ساعات)] (الشراء بالذهب: False)
[2026-09-12 20:41:17][INFO] 🎒 المخزون المتوفر في الحقيبة من 🛡️ درع السلام (8 ساعات): 7 درع
[2026-09-12 20:41:17][INFO] 🚀 جاري استخدام 1 من 🛡️ درع السلام (8 ساعات) من الحقيبة مجاناً (sign: 36573)...
[2026-09-12 20:41:17][INFO] ✅ تم تفعيل 🛡️ درع السلام (8 ساعات) بنجاح من الحقيبة مجاناً 🎉
[2026-09-12 20:41:17][INFO] 🎉 نتيجة درع السلام: تم تفعيل 🛡️ درع السلام (8 ساعات) بنجاح من الحقيبة مجاناً
[2026-09-12 20:41:19][INFO] ⚡ بدء مهمة الطاقة (استهلاك الجرعات المجانية + شراء بالذهب: 0 مرة)...
[2026-09-12 20:41:19][INFO] ⚡ بدء مهمة الطاقة (استخدام المجاني: True | شراء بالذهب: 0)
[2026-09-12 20:41:19][INFO] 🎒 المخزون المتوفر في الحقيبة: 🧪 جرعة طاقة (+10): 0, 🧪 جرعة طاقة (+50): 0, 🧪 جرعة طاقة (+100): 0
[2026-09-12 20:41:19][INFO] 🎉 تم استخدام الجرعات المجانية (+0 طاقة إجمالية) | شراء ذهب: 0
[2026-09-12 20:41:19][INFO] 🎉 نتيجة مهمة الطاقة: تم استخدام الجرعات المجانية (+0 طاقة إجمالية) | شراء ذهب: 0
[2026-09-12 20:41:21][INFO] 🎯 بدء مهمة المهارات التلقائية للمهارات المستهدفة: [الحصاد الوافر، الجمع السريع، حصاد المخزن]...
[2026-09-12 20:41:21][INFO] 🚀 جارٍ تفعيل مهارة [الحصاد الوافر] (ID: 12008, Set: 1)...
[2026-09-12 20:41:21][INFO] 🛡️ انتظار أمان بشري: 2.66 ثانية...
[2026-09-12 20:41:23][INFO] 🚀 جارٍ تفعيل مهارة [الجمع السريع] (ID: 12022, Set: 1)...
[2026-09-12 20:41:23][INFO] 🎉 نتيجة مهمة المهارات: 🎯 اكتملت المهمة: تم تفعيل 2 مهارة بنجاح | قيد التبريد: 0 | غير مفتوحة: 1
[2026-09-12 20:41:25][INFO] 🦸 بدء مهمة تجنيد الأبطال وبحث المهارات وسحب الصناديق اليومية...
[2026-09-12 20:41:25][INFO] 🎖️ بدء مهمة الشارات الملكية (تجنيد الأبطال / بحث المهارات / صندوق البطل)...
[2026-09-12 20:41:25][INFO] 🔍 فحص [🦸 تجنيد البطل (Hero Enlist)]: المرات المجانية المتبقية اليوم: 5 | وقت الاستحقاق: 0
[2026-09-12 20:41:25][INFO] ✨ السحبة المجانية متاحة لـ [🦸 تجنيد البطل (Hero Enlist)]! جاري السحب الآن...
[2026-09-12 20:41:25][INFO] ✅ تم سحب [🦸 تجنيد البطل (Hero Enlist)] بنجاح 🎉 المكافأة: [[{'id': 100204, 'count': 1}]]
[2026-09-12 20:41:27][INFO] 🔍 فحص [📜 بحث المهارة (Skill Research)]: المرات المجانية المتبقية اليوم: 5 | وقت الاستحقاق: 0
[2026-09-12 20:41:27][INFO] ✨ السحبة المجانية متاحة لـ [📜 بحث المهارة (Skill Research)]! جاري السحب الآن...
[2026-09-12 20:41:27][INFO] ✅ تم سحب [📜 بحث المهارة (Skill Research)] بنجاح 🎉 المكافأة: [[{'id': 812023, 'count': 5}]]
[2026-09-12 20:41:29][INFO] 🔍 فحص [🎁 صندوق البطل (Hero Box)]: المرات المجانية المتبقية اليوم: 2 | وقت الاستحقاق: 0
[2026-09-12 20:41:29][INFO] ✨ السحبة المجانية متاحة لـ [🎁 صندوق البطل (Hero Box)]! جاري السحب الآن...
[2026-09-12 20:41:29][INFO] ✅ تم سحب [🎁 صندوق البطل (Hero Box)] بنجاح 🎉 المكافأة: [[{'id': 130008, 'count': 1}]]
[2026-09-12 20:41:31][INFO] 🎉 نتيجة تجنيد الأبطال: تم إنجاز السحبات المجانية التالية بنجاح: 🦸 تجنيد البطل (Hero Enlist), 📜 بحث المهارة (Skill Research), 🎁 صندوق البطل (Hero Box)
[2026-09-12 20:41:32][INFO] 🏛️ بدء مهمة قاعة الاستراتيجيات للبحث المطلوب: 👑 [قمة الاتقان]...
[2026-09-12 20:41:32][INFO] 🏛️ بدء مهمة قاعة الاستراتيجيات | البحث المستهدف: 👑 [قمة الاتقان] (الحرب)...
[2026-09-12 20:41:33][INFO] 🎁 تم استلام نتائج ومكافآت البحث التكتيكي السابق بنجاح!
[2026-09-12 20:41:34][INFO] 🚀 مسار الأبحاث فارغ وجاهز! جاري بدء تطوير: 👑 [قمة الاتقان]...
[2026-09-12 20:41:34][INFO] ✅ تم بدء بحث 👑 [قمة الاتقان] في قاعة الاستراتيجيات بنجاح!
[2026-09-12 20:41:34][INFO] 🎉 نتيجة قاعة الاستراتيجيات: تم بدء بحث 👑 [قمة الاتقان] في قاعة الاستراتيجيات بنجاح!
[2026-09-12 20:41:35][INFO] 💧 بدء مهمة طاحونة الماء لزيادة إنتاج الموارد (الأنواع: all | الشراء من متجر التحالف: مسموح)...
[2026-09-12 20:41:35][INFO] 💧 بدء مهمة الساقية لزيادة الإنتاج (الأنواع: الكل (جميع الموارد) | شراء من متجر التحالف: مسموح)
[2026-09-12 20:41:35][INFO] 📌 🌾 مزارع القمح: 10 مبنى بحاجة للتفعيل (من أصل 10)
[2026-09-12 20:41:35][INFO] 📌 🪵 مناشر الخشب: 7 مبنى بحاجة للتفعيل (من أصل 7)
[2026-09-12 20:41:35][INFO] 📌 ⛏️ مناجم الحديد: 2 مبنى بحاجة للتفعيل (من أصل 2)
[2026-09-12 20:41:35][INFO] 📌 🪙 مناجم الفضة/الألماس: 8 مبنى بحاجة للتفعيل (من أصل 8)
[2026-09-12 20:41:35][INFO] ⚡ إجمالي المباني المطلوب تفعيلها: 27 مبنى
[2026-09-12 20:41:37][INFO] 🏪 تم جلب متجر التحالف بنجاح (1 نوع أداة متاحة للشراء)
[2026-09-12 20:41:37][INFO] 🔍 🌾 مزارع القمح: مطلوب تفعيل 10 | الأدوات المتوفرة بالحقيبة: 0
[2026-09-12 20:41:38][WARNING] ⚠️ دفعة 🌾 مزارع القمح لم تقبل بالكامل (كود 1008) — محاولة التفعيل الفردي...
[2026-09-12 20:41:46][INFO] 🔍 🪵 مناشر الخشب: مطلوب تفعيل 7 | الأدوات المتوفرة بالحقيبة: 0
[2026-09-12 20:41:46][INFO] 🛒 جاري شراء 7 من أداة (501401) لـ 🪵 مناشر الخشب من متجر التحالف (المتوفر بالمتجر: 10)...
[2026-09-12 20:41:47][INFO] ✅ تم شراء 7 أداة بنجاح من متجر التحالف!
[2026-09-12 20:41:48][INFO] 🎉 تم تفعيل 🪵 مناشر الخشب بنجاح (7 مبنى) دفعة واحدة! ✅
[2026-09-12 20:41:48][INFO] 🔍 ⛏️ مناجم الحديد: مطلوب تفعيل 2 | الأدوات المتوفرة بالحقيبة: 0
[2026-09-12 20:41:48][WARNING] ⚠️ دفعة ⛏️ مناجم الحديد لم تقبل بالكامل (كود 1008) — محاولة التفعيل الفردي...
[2026-09-12 20:41:51][INFO] 🔍 🪙 مناجم الفضة/الألماس: مطلوب تفعيل 8 | الأدوات المتوفرة بالحقيبة: 0
[2026-09-12 20:41:51][WARNING] ⚠️ دفعة 🪙 مناجم الفضة/الألماس لم تقبل بالكامل (كود 1008) — محاولة التفعيل الفردي...
[2026-09-12 20:41:58][INFO] 🏁 النتيجة النهائية: تم تفعيل 7 مبنى | فشل/تجاوز: 20
[2026-09-12 20:41:58][INFO] 🎉 نتيجة طاحونة الماء: ✅ تم تفعيل الساقية لـ 7 مبنى بنجاح
[2026-09-12 20:41:59][INFO] ⛲ بدء مهمة نافورة الأمنيات (الموارد: [food، wood، iron، diamond] | السماح بالشراء بالذهب: لا | عدد مرات الذهب: 0)...
[2026-09-12 20:41:59][INFO] 🔍 جارٍ الاستعلام عن بيانات النافورة الملكية (CMD 1018 / 1)...
[2026-09-12 20:41:59][INFO] 🎁 بدء تنفيذ الأمنيات المجانية (13 مرة متوفرة)...
[2026-09-12 20:41:59][INFO] 👉 طلب مجاني: 🌾 القمح (المتبقي: 13)...
[2026-09-12 20:42:00][INFO] 🛡️ انتظار أمان بشري: 2.11 ثانية...
[2026-09-12 20:42:02][INFO] 👉 طلب مجاني: 🪵 الخشب (المتبقي: 12)...
[2026-09-12 20:42:02][INFO] 🛡️ انتظار أمان بشري: 1.82 ثانية...
[2026-09-12 20:42:04][INFO] 👉 طلب مجاني: ⛏️ الحديد (المتبقي: 11)...
[2026-09-12 20:42:04][INFO] 🛡️ انتظار أمان بشري: 2.11 ثانية...
[2026-09-12 20:42:07][INFO] 👉 طلب مجاني: 💎 الألماس (المتبقي: 10)...
[2026-09-12 20:42:07][INFO] 🛡️ انتظار أمان بشري: 2.38 ثانية...
[2026-09-12 20:42:09][INFO] 👉 طلب مجاني: 🌾 القمح (المتبقي: 9)...
[2026-09-12 20:42:09][INFO] 🛡️ انتظار أمان بشري: 1.95 ثانية...
[2026-09-12 20:42:11][INFO] 👉 طلب مجاني: 🪵 الخشب (المتبقي: 8)...
[2026-09-12 20:42:11][INFO] 🛡️ انتظار أمان بشري: 2.47 ثانية...
[2026-09-12 20:42:14][INFO] 👉 طلب مجاني: ⛏️ الحديد (المتبقي: 7)...
[2026-09-12 20:42:14][INFO] 🛡️ انتظار أمان بشري: 2.03 ثانية...
[2026-09-12 20:42:16][INFO] 👉 طلب مجاني: 💎 الألماس (المتبقي: 6)...
[2026-09-12 20:42:16][INFO] 🛡️ انتظار أمان بشري: 2.13 ثانية...
[2026-09-12 20:42:18][INFO] 👉 طلب مجاني: 🌾 القمح (المتبقي: 5)...
[2026-09-12 20:42:18][INFO] 🛡️ انتظار أمان بشري: 1.75 ثانية...
[2026-09-12 20:42:20][INFO] 👉 طلب مجاني: 🪵 الخشب (المتبقي: 4)...
[2026-09-12 20:42:20][INFO] 🛡️ انتظار أمان بشري: 2.66 ثانية...
[2026-09-12 20:42:23][INFO] 👉 طلب مجاني: ⛏️ الحديد (المتبقي: 3)...
[2026-09-12 20:42:23][INFO] 🛡️ انتظار أمان بشري: 2.66 ثانية...
[2026-09-12 20:42:26][INFO] 👉 طلب مجاني: 💎 الألماس (المتبقي: 2)...
[2026-09-12 20:42:26][INFO] 🛡️ انتظار أمان بشري: 1.67 ثانية...
[2026-09-12 20:42:28][INFO] 👉 طلب مجاني: 🌾 القمح (المتبقي: 1)...
[2026-09-12 20:42:28][INFO] 🏁 انتهت المرات المجانية. تم تنفيذ 13 أمنية مجانية.
[2026-09-12 20:42:28][INFO] 🎉 نتيجة نافورة الأمنيات: 🎯 تم تنفيذ 13 أمنية مجانية
  📊 الموارد المكتسبة: 🌾 القمح: +972,020 | 🪵 الخشب: +297,913 | ⛏️ الحديد: +6,528 | 💎 الألماس: +17,879
[2026-09-12 20:42:29][INFO] 🔨 بدء مهمة ورشة المواد لإنتاج الخامات المستهدفة: [🦷 الناب, 🦊 الفرو, ⛓️ المعدن, 🪵 الفحم]...
[2026-09-12 20:42:29][INFO] 🔨 بدء مهمة ورشة المواد (إنتاج خامات العتاد)...
[2026-09-12 20:42:29][INFO] 📊 حالة مسار الورشة: 0/5 ممتلئ | الفراغات المتاحة: 5
[2026-09-12 20:42:29][INFO] 🎯 الخامات المحددة للإنتاج: 🦷 الناب, 🦊 الفرو, ⛓️ المعدن, 🪵 الفحم
[2026-09-12 20:42:29][INFO] ➕ [فتحة 1/5] جاري إضافة 🦷 الناب إلى خط الإنتاج...
[2026-09-12 20:42:29][INFO] ✅ تم وضع 🦷 الناب في خط الإنتاج بنجاح!
[2026-09-12 20:42:31][INFO] ➕ [فتحة 2/5] جاري إضافة 🦊 الفرو إلى خط الإنتاج...
[2026-09-12 20:42:31][INFO] ✅ تم وضع 🦊 الفرو في خط الإنتاج بنجاح!
[2026-09-12 20:42:32][INFO] ➕ [فتحة 3/5] جاري إضافة ⛓️ المعدن إلى خط الإنتاج...
[2026-09-12 20:42:33][INFO] ✅ تم وضع ⛓️ المعدن في خط الإنتاج بنجاح!
[2026-09-12 20:42:34][INFO] ➕ [فتحة 4/5] جاري إضافة 🪵 الفحم إلى خط الإنتاج...
[2026-09-12 20:42:34][INFO] ✅ تم وضع 🪵 الفحم في خط الإنتاج بنجاح!
[2026-09-12 20:42:36][INFO] ➕ [فتحة 5/5] جاري إضافة 🦷 الناب إلى خط الإنتاج...
[2026-09-12 20:42:36][INFO] ✅ تم وضع 🦷 الناب في خط الإنتاج بنجاح!
[2026-09-12 20:42:37][INFO] 🎉 تم ملء ورشة المواد بإضافة 5 عناصر جديدة (المسار الآن: 5/5).
[2026-09-12 20:42:37][INFO] 🎉 نتيجة ورشة المواد: تم ملء ورشة المواد بإضافة 5 عناصر جديدة (المسار الآن: 5/5).
[2026-09-12 20:42:39][INFO] 🐪 بدء مهمة القافلة التجارية وحراسة الكنز (استلام الجوائز ومعالجة الأحداث وإرسال القافلة)...
[2026-09-12 20:42:39][INFO] 🐪 بدء مهمة القافلة وحراسة الكنز (البضائع: 5,000)
[2026-09-12 20:42:39][INFO] ⚡ تمت المعالجة السريعة لـ 14 حدث في طريق القافلة! (مكافآت: [811042, 2, 811042, 1, 811042, 2])
[2026-09-12 20:42:41][INFO] 🐾 تم تعيين أفضل حيوان أليف: ID=1261 (لفل=120)
[2026-09-12 20:42:41][INFO] 🎯 تعيين بطل الحراسة: 5501006 | الفيلق: 1051 | الحيوان: [1261] | البضائع: 5,000
[2026-09-12 20:42:42][INFO] 🎉 تم إرسال القافلة بنجاح! 🚀 | مدة الرحلة المتوقعة: 57 دقيقة (15 محطة)
[2026-09-12 20:42:42][INFO] 🎉 نتيجة القافلة وحراسة الكنز: ✅ تم إرسال القافلة بنجاح (مدة الرحلة 57 دقيقة)
[2026-09-12 20:42:43][INFO] ⚓ بدء مهمة الميناء العسكري: تفويض السفن تلقائياً وشراء جميع منتجات متجر الجزيرة المتاحة...
[2026-09-12 20:42:43][INFO] 🚀 بدء التعيين والإرسال السريع لـ 8 مهمة جاهزة...
[2026-09-12 20:42:43][INFO] 👉 تعيين [استطلاع السواحل 1] بالأبطال [5501002, 5501001] ✨ (مطابقة الشروط الإضافية)...
[2026-09-12 20:42:43][INFO] 🛡️ انتظار أمان بشري: 2.52 ثانية...
[2026-09-12 20:42:46][INFO] 👉 تعيين [استطلاع السواحل 2] بالأبطال [5502002, 5502003] ✨ (مطابقة الشروط الإضافية)...
[2026-09-12 20:42:46][INFO] 🛡️ انتظار أمان بشري: 1.83 ثانية...
[2026-09-12 20:42:48][INFO] 👉 تعيين [دورية بحرية 1] بالأبطال [5502005, 5503003] ✨ (مطابقة الشروط الإضافية)...
[2026-09-12 20:42:48][INFO] 🛡️ انتظار أمان بشري: 2.91 ثانية...
[2026-09-12 20:42:51][INFO] 👉 تعيين [دورية بحرية 2] بالأبطال [5503004, 5503005] ✨ (مطابقة الشروط الإضافية)...
[2026-09-12 20:42:51][INFO] 🛡️ انتظار أمان بشري: 1.82 ثانية...
[2026-09-12 20:42:53][INFO] 👉 تعيين [حراسة الممر المائي 1] بالأبطال [5501023, 5502001] ✨ (مطابقة الشروط الإضافية)...
[2026-09-12 20:42:53][INFO] 🛡️ انتظار أمان بشري: 2.96 ثانية...
[2026-09-12 20:42:56][INFO] 👉 تعيين [حراسة الممر المائي 2] بالأبطال [5502004, 5503002] ✨ (مطابقة الشروط الإضافية)...
[2026-09-12 20:42:56][INFO] 🛡️ انتظار أمان بشري: 3.11 ثانية...
[2026-09-12 20:42:59][INFO] 👉 تعيين [مهمة إغارة عسكرية 1] بالأبطال [5503001, 5501007] ✨ (مطابقة الشروط الإضافية)...
[2026-09-12 20:42:59][INFO] 🛡️ انتظار أمان بشري: 2.96 ثانية...
[2026-09-12 20:43:02][INFO] 👉 تعيين [مهمة إغارة عسكرية 2] بالأبطال [5501004, 5502006]...
[2026-09-12 20:43:02][INFO] 👉 شراء 2 من [منتج الروح المعنوية] بتكلفة 12,000 نقطة...
[2026-09-12 20:43:03][INFO] 🛡️ انتظار أمان بشري بين المشتريات: 2.36 ثانية...
[2026-09-12 20:43:05][INFO] 👉 شراء 2 من [منتج الروح المعنوية الفارس قيصر] بتكلفة 12,000 نقطة...
[2026-09-12 20:43:06][INFO] 🛡️ انتظار أمان بشري بين المشتريات: 2.48 ثانية...
[2026-09-12 20:43:08][INFO] 👉 شراء 5 من [منتج بطاقة تجنيد عادية] بتكلفة 6,000 نقطة...
[2026-09-12 20:43:08][INFO] 🛡️ انتظار أمان بشري بين المشتريات: 2.38 ثانية...
[2026-09-12 20:43:10][INFO] 👉 شراء 5 من [منتج صندوق الموارد اختياري] بتكلفة 9,250 نقطة...
[2026-09-12 20:43:11][INFO] 🛡️ انتظار أمان بشري بين المشتريات: 2.11 ثانية...
[2026-09-12 20:43:13][INFO] 👉 شراء 5 من [منتج كتاب خبرة متوسط] بتكلفة 450 نقطة...
[2026-09-12 20:43:13][INFO] 🛡️ انتظار أمان بشري بين المشتريات: 2.65 ثانية...
[2026-09-12 20:43:16][INFO] 👉 شراء 30 من [منتج حجر التقنية العام] بتكلفة 60,000 نقطة...
[2026-09-12 20:43:16][INFO] 🛡️ انتظار أمان بشري بين المشتريات: 2.45 ثانية...
[2026-09-12 20:43:18][INFO] 👉 شراء 300 من [منتج حجر التقوية] بتكلفة 60,000 نقطة...
[2026-09-12 20:43:18][INFO] 🎉 نتيجة الميناء العسكري ومتجر الجزيرة: 🎯 التعيين: إرسال 8 مهمة | المتجر: شراء 349 عنصر بتكلفة 159,700 نقطة
[2026-09-12 20:43:20][INFO] 🏦 بدء مهمة دار الادخار (فحص الأرباح وإيداع الذهب بخطة: خطة 7 أيام (أسبوعية))...
[2026-09-12 20:43:20][INFO] 🏦 بدء مهمة دار الادخار (الخطة المستهدفة: خطة 7 أيام (أسبوعية))
[2026-09-12 20:43:20][INFO] ⏳ الوديعة قيد الاستثمار (2000 ذهب - 7 يوم) | متبقي: 3 يوم و 16 ساعة و 21 دقيقة
[2026-09-12 20:43:20][INFO] 🎉 نتيجة دار الادخار: الوديعة قيد الاستثمار (2000 ذهب - 7 يوم) | متبقي: 3 يوم و 16 ساعة و 21 دقيقة
[2026-09-12 20:43:21][INFO] 🏗️ بدء مهمة ترقية المباني (ترقية القلعة: True | تسريع القلعة: False | ترقية المعسكرات والمراكز والمزارع وخيم الجيش: True)...
[2026-09-12 20:43:21][INFO] 🏗️ بدء مهمة ترقية المباني (ترقية القلعة: True | ترقية المعسكرات والموارد: True | تسريع القلعة: False | فحص فقط: False)
[2026-09-12 20:43:21][INFO] 📊 عدد طوابير البناء النشطة حالياً: 0 من أصل 2
[2026-09-12 20:43:22][INFO] 🏰 مستوى القلعة الحالي: 45 | 🧱 مستوى الأسوار الحالي: 40
[2026-09-12 20:43:22][WARNING] ⚠️ [الأولى فالأولى] ترقية القلعة إلى 46 تتطلب وصول الأسوار إلى مستوى 45 أولاً (الأسوار حالياً: 40)!
[2026-09-12 20:43:22][INFO] 🧱 جاري ترقية الأسوار أولاً تمهيداً للقلعة (مستوى 40 ➔ 41)...
[2026-09-12 20:43:23][INFO] 🎯 ترشيح ترقية: 🌾 مزرعة القمح (Farm) (مستوى 30 ➔ 31 | index: 1110)
[2026-09-12 20:43:25][INFO] 🎯 ترشيح ترقية: 🪵 منشرة الخشب (Sawmill) (مستوى 25 ➔ 26 | index: 1117)
[2026-09-12 20:43:26][INFO] 🛑 تم شغل طوابير البناء المتاحة (2/2).
[2026-09-12 20:43:26][INFO] 🏁 ملخص نتيجة المهمة: ⚠️ تعذر ترقية الأسوار: خطأ 1003 | ✅ تم بدء ترقية 🌾 مزرعة القمح (Farm) (مستوى 31 | index 1110) | ✅ تم بدء ترقية 🪵 منشرة الخشب (Sawmill) (مستوى 26 | index 1117)
[2026-09-12 20:43:26][INFO] 🎉 نتيجة مهمة المباني: ⚠️ تعذر ترقية الأسوار: خطأ 1003 | ✅ تم بدء ترقية 🌾 مزرعة القمح (Farm) (مستوى 31 | index 1110) | ✅ تم بدء ترقية 🪵 منشرة الخشب (Sawmill) (مستوى 26 | index 1117)
[2026-09-12 20:43:28][INFO] 🎖️ بدء مهمة مهام الهيبة اليومية (Prestige Quests)...
[2026-09-12 20:43:28][INFO] 🔄 [تجديد البيانات] جاري استعلام السيرفر لأحدث حالة مهام الهيبة...
[2026-09-12 20:43:31][INFO] ℹ️ [تجديد مهام الهيبة] البيانات الحالية هي أحدث نسخة متاحة (لم يرد push جديد).
[2026-09-12 20:43:31][INFO] 🔍 ───【 فحص واستعلام مسبق لمهام الهيبة اليومية 】───
[2026-09-12 20:43:31][INFO]    • متجر المهربين (10 مشتريات بالموارد): ⏳ قيد الإنجاز (3/10 — متبقي 7)
[2026-09-12 20:43:31][INFO]    • قتال الغزاة (5 هجمات)              : ⏳ قيد الإنجاز (0/5 — متبقي 5)
[2026-09-12 20:43:31][INFO]    • احتلال المعقل / الملجأ (مرتان)     : ⏳ قيد الإنجاز (0/2 — متبقي 2)
[2026-09-12 20:43:31][INFO]    • جمع القمح / الطعام (25,000)        : ⏳ قيد الإنجاز (0/25,000 — متبقي 25,000)
[2026-09-12 20:43:31][INFO]    • جمع الخشب (25,000)                 : ⏳ قيد الإنجاز (0/25,000 — متبقي 25,000)
[2026-09-12 20:43:31][INFO]    • جمع الحجر (4,000)                  : ⏳ قيد الإنجاز (0/4,000 — متبقي 4,000)
[2026-09-12 20:43:31][INFO]    • جمع الحديد (2,000)                 : ⏳ قيد الإنجاز (0/2,000 — متبقي 2,000)
[2026-09-12 20:43:31][INFO] ────────────────────────────────────────────────────────────
[2026-09-12 20:43:31][INFO] 🎯 [استعلام مسبق] تقدم المتجر الحالي: 3/10 — المطلوب إنجازه: 7 مشتريات فقط
[2026-09-12 20:43:31][INFO] 🛒 ───【 الخطوة 1: متجر المهربين (المطلوب: 7 عمليات شراء بالموارد) 】───
[2026-09-12 20:43:32][INFO] ✅ [متجر المهربين (1/10)] تم شراء سلعة #1050568! 🪵 السعر: 7,000 خشب
[2026-09-12 20:43:34][INFO] ✅ [متجر المهربين (2/10)] تم شراء سلعة #1050709! ⛏️ السعر: 1,050 حديد
[2026-09-12 20:43:35][INFO] ✅ [متجر المهربين (3/10)] تم شراء سلعة #1050797! 💎 السعر: 1,400 فضة/ألماس
[2026-09-12 20:43:37][INFO] ✅ [متجر المهربين (4/10)] تم شراء سلعة #1050673! ⛏️ السعر: 225,000 حديد
[2026-09-12 20:43:40][INFO] ✅ [متجر المهربين (5/10)] تم شراء سلعة #1050870! 🌾 السعر: 150,000 قمح
[2026-09-12 20:43:40][INFO] 🔄 جاري تحديث سلع متجر المهربين (التكلفة: مجاناً (0 ذهب))...
[2026-09-12 20:43:42][INFO] ✨ تم تحديث المتجر بنجاح (تحديث رقم 1 | القادم: 0 ذهب)
[2026-09-12 20:43:45][INFO] ✅ [متجر المهربين (6/10)] تم شراء سلعة #1050724! ⛏️ السعر: 5,000 حديد
[2026-09-12 20:43:47][INFO] ✅ [متجر المهربين (7/10)] تم شراء سلعة #1050537! 🪵 السعر: 10,000 خشب
[2026-09-12 20:43:47][INFO] 🏁 تم إنجاز خطوة متجر المهربين بنجاح (إجمالي المشتريات بالموارد: 7/7).
[2026-09-12 20:43:51][INFO] 🎯 [استعلام مسبق] تقدم الغزاة الحالي: 0/5 — المطلوب إنجازه: 5 هجمات فقط
[2026-09-12 20:43:51][INFO] 👾 ───【 الخطوة 2: الهجوم على الغزاة (مهام الهيبة - 5 غزاة) 】───
[2026-09-12 20:43:51][INFO] 🎯 إعدادات الغزاة: 5 هجمات | لفل: 1-30 | نطاق البحث: 80 كم | تشكيلة: 0 | المنطقة: حول القلعة
[2026-09-12 20:43:51][INFO] ⚔️ بدء مهمة الهجوم على [👾 غزاة (Invaders)] | لفل: 1-30 | الحد الأقصى للمسيرات: 5
[2026-09-12 20:43:51][INFO] 📋 44 بطل من Gate
[2026-09-12 20:43:51][INFO] 🚀 محاولة إرسال مسيرة الهجوم رقم (1/5)...
[2026-09-12 20:43:52][INFO] ⚔️ اختيار أبطال الحرب والقتال تلقائياً بالعدد المناسب (بدون تشكيلة ثابتة)...
[2026-09-12 20:43:52][INFO] ⚔️ أبطال الحرب المختارون: [5501006, 5501009]
[2026-09-12 20:43:52][INFO] 🛡️ تشكيلة القتال: [{'id': 409, 'num': 377}, {'id': 509, 'num': 580}, {'id': 506, 'num': 572}]... (إجمالي جنود: 6,381) | حيوان: [1261]
[2026-09-12 20:43:52][INFO] 🎯 محاولة استهداف: ID=480-283-6-0-3011 عند (479, 282) لفل=11
[2026-09-12 20:43:53][INFO] ✅ هجوم ناجح! → 480-283-6-0-3011 (لفل 11) | أبطال=[5501006, 5501009] | جنود=6,381
[2026-09-12 20:43:53][INFO] 🛡️ [أمان ومكافحة حظر] انتظار 5.0 ثانية قبل تجهيز المسيرة التالية...
[2026-09-12 20:43:58][INFO] 🚀 محاولة إرسال مسيرة الهجوم رقم (2/5)...
[2026-09-12 20:44:00][INFO] ⚔️ اختيار أبطال الحرب والقتال تلقائياً بالعدد المناسب (بدون تشكيلة ثابتة)...
[2026-09-12 20:44:00][INFO] ⚔️ أبطال الحرب المختارون: [5501010, 5501014]
[2026-09-12 20:44:00][WARNING] ⚠️ لا توجد قوات قتالية متوفرة بالقلعة لإرسال المسيرة!
[2026-09-12 20:44:00][INFO] ⏳ [القوات في مسيرات (1/35)] بانتظار عودة الجيش إلى القلعة (انتظار 15 ثانية)...
[2026-09-12 20:44:15][INFO] 🚀 محاولة إرسال مسيرة الهجوم رقم (2/5)...
[2026-09-12 20:44:16][INFO] ⚔️ اختيار أبطال الحرب والقتال تلقائياً بالعدد المناسب (بدون تشكيلة ثابتة)...
[2026-09-12 20:44:16][INFO] ⚔️ أبطال الحرب المختارون: [5501006, 5501009]
[2026-09-12 20:44:16][WARNING] ⚠️ لا توجد قوات قتالية متوفرة بالقلعة لإرسال المسيرة!
[2026-09-12 20:44:16][INFO] ⏳ [القوات في مسيرات (2/35)] بانتظار عودة الجيش إلى القلعة (انتظار 15 ثانية)...
[2026-09-12 20:44:31][INFO] 🚀 محاولة إرسال مسيرة الهجوم رقم (2/5)...
[2026-09-12 20:44:33][INFO] ⚔️ اختيار أبطال الحرب والقتال تلقائياً بالعدد المناسب (بدون تشكيلة ثابتة)...
[2026-09-12 20:44:33][INFO] ⚔️ أبطال الحرب المختارون: [5501006, 5501009]
[2026-09-12 20:44:33][WARNING] ⚠️ لا توجد قوات قتالية متوفرة بالقلعة لإرسال المسيرة!
[2026-09-12 20:44:33][INFO] ⏳ [القوات في مسيرات (3/35)] بانتظار عودة الجيش إلى القلعة (انتظار 15 ثانية)...
[2026-09-12 20:44:48][INFO] 🚀 محاولة إرسال مسيرة الهجوم رقم (2/5)...
[2026-09-12 20:44:50][INFO] ⚔️ اختيار أبطال الحرب والقتال تلقائياً بالعدد المناسب (بدون تشكيلة ثابتة)...
[2026-09-12 20:44:50][INFO] ⚔️ أبطال الحرب المختارون: [5501006, 5501009]
[2026-09-12 20:44:50][WARNING] ⚠️ لا توجد قوات قتالية متوفرة بالقلعة لإرسال المسيرة!
[2026-09-12 20:44:50][INFO] ⏳ [القوات في مسيرات (4/35)] بانتظار عودة الجيش إلى القلعة (انتظار 15 ثانية)...
[2026-09-12 20:45:05][INFO] 🚀 محاولة إرسال مسيرة الهجوم رقم (2/5)...
[2026-09-12 20:45:07][INFO] ⚔️ اختيار أبطال الحرب والقتال تلقائياً بالعدد المناسب (بدون تشكيلة ثابتة)...
[2026-09-12 20:45:07][INFO] ⚔️ أبطال الحرب المختارون: [5501006, 5501009]
[2026-09-12 20:45:07][INFO] 🛡️ تشكيلة القتال: [{'id': 409, 'num': 376}, {'id': 509, 'num': 580}, {'id': 506, 'num': 571}]... (إجمالي جنود: 6,376) | حيوان: [1261]
[2026-09-12 20:45:07][INFO] 🎯 محاولة استهداف: ID=483-284-6-0-3003 عند (482, 283) لفل=3
[2026-09-12 20:45:07][INFO] ✅ هجوم ناجح! → 483-284-6-0-3003 (لفل 3) | أبطال=[5501006, 5501009] | جنود=6,376
[2026-09-12 20:45:07][INFO] 🛡️ [أمان ومكافحة حظر] انتظار 5.22 ثانية قبل تجهيز المسيرة التالية...
[2026-09-12 20:45:13][INFO] 🚀 محاولة إرسال مسيرة الهجوم رقم (3/5)...
[2026-09-12 20:45:14][INFO] ⚔️ اختيار أبطال الحرب والقتال تلقائياً بالعدد المناسب (بدون تشكيلة ثابتة)...
[2026-09-12 20:45:14][INFO] ⚔️ أبطال الحرب المختارون: [5501010, 5501014]
[2026-09-12 20:45:14][WARNING] ⚠️ لا توجد قوات قتالية متوفرة بالقلعة لإرسال المسيرة!
[2026-09-12 20:45:14][INFO] ⏳ [القوات في مسيرات (1/35)] بانتظار عودة الجيش إلى القلعة (انتظار 15 ثانية)...
[2026-09-12 20:45:29][INFO] 🚀 محاولة إرسال مسيرة الهجوم رقم (3/5)...
[2026-09-12 20:45:31][INFO] ⚔️ اختيار أبطال الحرب والقتال تلقائياً بالعدد المناسب (بدون تشكيلة ثابتة)...
[2026-09-12 20:45:31][INFO] ⚔️ أبطال الحرب المختارون: [5501006, 5501009]
[2026-09-12 20:45:31][WARNING] ⚠️ لا توجد قوات قتالية متوفرة بالقلعة لإرسال المسيرة!
[2026-09-12 20:45:31][INFO] ⏳ [القوات في مسيرات (2/35)] بانتظار عودة الجيش إلى القلعة (انتظار 15 ثانية)...
[2026-09-12 20:45:46][INFO] 🚀 محاولة إرسال مسيرة الهجوم رقم (3/5)...
[2026-09-12 20:45:48][INFO] ⚔️ اختيار أبطال الحرب والقتال تلقائياً بالعدد المناسب (بدون تشكيلة ثابتة)...
[2026-09-12 20:45:48][INFO] ⚔️ أبطال الحرب المختارون: [5501006, 5501009]
[2026-09-12 20:45:48][INFO] 🛡️ تشكيلة القتال: [{'id': 409, 'num': 376}, {'id': 509, 'num': 580}, {'id': 506, 'num': 571}]... (إجمالي جنود: 6,375) | حيوان: [1261]
[2026-09-12 20:45:48][INFO] 🎯 محاولة استهداف: ID=485-283-6-0-3030 عند (484, 282) لفل=30
[2026-09-12 20:45:49][INFO] ✅ هجوم ناجح! → 485-283-6-0-3030 (لفل 30) | أبطال=[5501006, 5501009] | جنود=6,375
[2026-09-12 20:45:49][INFO] 🛡️ [أمان ومكافحة حظر] انتظار 7.18 ثانية قبل تجهيز المسيرة التالية...
[2026-09-12 20:45:56][INFO] 🚀 محاولة إرسال مسيرة الهجوم رقم (4/5)...
[2026-09-12 20:45:58][INFO] ⚔️ اختيار أبطال الحرب والقتال تلقائياً بالعدد المناسب (بدون تشكيلة ثابتة)...
[2026-09-12 20:45:58][INFO] ⚔️ أبطال الحرب المختارون: [5501010, 5501014]
[2026-09-12 20:45:58][WARNING] ⚠️ لا توجد قوات قتالية متوفرة بالقلعة لإرسال المسيرة!
[2026-09-12 20:45:58][INFO] ⏳ [القوات في مسيرات (1/35)] بانتظار عودة الجيش إلى القلعة (انتظار 15 ثانية)...
[2026-09-12 20:46:13][INFO] 🚀 محاولة إرسال مسيرة الهجوم رقم (4/5)...
[2026-09-12 20:46:15][INFO] ⚔️ اختيار أبطال الحرب والقتال تلقائياً بالعدد المناسب (بدون تشكيلة ثابتة)...
[2026-09-12 20:46:15][INFO] ⚔️ أبطال الحرب المختارون: [5501006, 5501009]
[2026-09-12 20:46:15][WARNING] ⚠️ لا توجد قوات قتالية متوفرة بالقلعة لإرسال المسيرة!
[2026-09-12 20:46:15][INFO] ⏳ [القوات في مسيرات (2/35)] بانتظار عودة الجيش إلى القلعة (انتظار 15 ثانية)...
[2026-09-12 20:46:30][INFO] 🚀 محاولة إرسال مسيرة الهجوم رقم (4/5)...
[2026-09-12 20:46:31][INFO] ⚔️ اختيار أبطال الحرب والقتال تلقائياً بالعدد المناسب (بدون تشكيلة ثابتة)...
[2026-09-12 20:46:31][INFO] ⚔️ أبطال الحرب المختارون: [5501006, 5501009]
[2026-09-12 20:46:31][INFO] 🛡️ تشكيلة القتال: [{'id': 409, 'num': 374}, {'id': 509, 'num': 578}, {'id': 506, 'num': 569}]... (إجمالي جنود: 6,353) | حيوان: [1261]
[2026-09-12 20:46:31][INFO] 🎯 محاولة استهداف: ID=494-280-6-0-3024 عند (493, 279) لفل=24
[2026-09-12 20:46:32][INFO] ✅ هجوم ناجح! → 494-280-6-0-3024 (لفل 24) | أبطال=[5501006, 5501009] | جنود=6,353
[2026-09-12 20:46:32][INFO] 🛡️ [أمان ومكافحة حظر] انتظار 7.02 ثانية قبل تجهيز المسيرة التالية...
[2026-09-12 20:46:39][INFO] 🚀 محاولة إرسال مسيرة الهجوم رقم (5/5)...
[2026-09-12 20:46:41][INFO] ⚔️ اختيار أبطال الحرب والقتال تلقائياً بالعدد المناسب (بدون تشكيلة ثابتة)...
[2026-09-12 20:46:41][INFO] ⚔️ أبطال الحرب المختارون: [5501010, 5501014]
[2026-09-12 20:46:41][WARNING] ⚠️ لا توجد قوات قتالية متوفرة بالقلعة لإرسال المسيرة!
[2026-09-12 20:46:41][INFO] ⏳ [القوات في مسيرات (1/35)] بانتظار عودة الجيش إلى القلعة (انتظار 15 ثانية)...
[2026-09-12 20:46:56][INFO] 🚀 محاولة إرسال مسيرة الهجوم رقم (5/5)...
[2026-09-12 20:46:58][INFO] ⚔️ اختيار أبطال الحرب والقتال تلقائياً بالعدد المناسب (بدون تشكيلة ثابتة)...
[2026-09-12 20:46:58][INFO] ⚔️ أبطال الحرب المختارون: [5501006, 5501009]
[2026-09-12 20:46:58][WARNING] ⚠️ لا توجد قوات قتالية متوفرة بالقلعة لإرسال المسيرة!
[2026-09-12 20:46:58][INFO] ⏳ [القوات في مسيرات (2/35)] بانتظار عودة الجيش إلى القلعة (انتظار 15 ثانية)...
[2026-09-12 20:47:13][INFO] 🚀 محاولة إرسال مسيرة الهجوم رقم (5/5)...
[2026-09-12 20:47:15][INFO] ⚔️ اختيار أبطال الحرب والقتال تلقائياً بالعدد المناسب (بدون تشكيلة ثابتة)...
[2026-09-12 20:47:15][INFO] ⚔️ أبطال الحرب المختارون: [5501006, 5501009]
[2026-09-12 20:47:15][WARNING] ⚠️ لا توجد قوات قتالية متوفرة بالقلعة لإرسال المسيرة!
[2026-09-12 20:47:15][INFO] ⏳ [القوات في مسيرات (3/35)] بانتظار عودة الجيش إلى القلعة (انتظار 15 ثانية)...
[2026-09-12 20:47:30][INFO] 🚀 محاولة إرسال مسيرة الهجوم رقم (5/5)...
[2026-09-12 20:47:31][INFO] ⚔️ اختيار أبطال الحرب والقتال تلقائياً بالعدد المناسب (بدون تشكيلة ثابتة)...
[2026-09-12 20:47:31][INFO] ⚔️ أبطال الحرب المختارون: [5501006, 5501009]
[2026-09-12 20:47:31][INFO] 🛡️ تشكيلة القتال: [{'id': 409, 'num': 372}, {'id': 509, 'num': 576}, {'id': 506, 'num': 567}]... (إجمالي جنود: 6,331) | حيوان: [1261]
[2026-09-12 20:47:31][INFO] 🎯 محاولة استهداف: ID=494-284-6-0-3002 عند (493, 283) لفل=2
[2026-09-12 20:47:32][INFO] ✅ هجوم ناجح! → 494-284-6-0-3002 (لفل 2) | أبطال=[5501006, 5501009] | جنود=6,331
[2026-09-12 20:47:32][INFO] 🏁 إجمالي مسيرات الهجوم المُرسَلة: 5/5
[2026-09-12 20:47:32][INFO] 🏁 اكتملت مرحلة الغزاة: ✅ تم إرسال 5 مسيرة هجوم على 👾 غزاة (Invaders) (أُرسلت 5/5 مسيرة هجوم)
[2026-09-12 20:47:35][INFO] 🎯 [استعلام مسبق] تقدم المعاقل الحالي: 0/2 — المطلوب إنجازه: 2 معاقل فقط
[2026-09-12 20:47:35][INFO] 🏰 ───【 الخطوة 3: الهجوم على المعاقل / الملاجئ (مهام الهيبة - 2 معاقل) 】───
[2026-09-12 20:47:35][INFO] 🎯 إعدادات المعاقل: 2 هجمات | لفل: 1-30 | نطاق البحث: 80 كم | اختيار تلقائي متوازن للجيش والأبطال | المنطقة: حول القلعة
[2026-09-12 20:47:35][INFO] 🏰 بدء مهمة الهجوم على المعقل (Stronghold) | لفل: 1-30 | المسيرات المطلوبة: 2
[2026-09-12 20:47:35][INFO] 📋 44 بطل من Gate
[2026-09-12 20:47:35][INFO] 🚀 محاولة إرسال مسيرة المعقل رقم (1/2)...
[2026-09-12 20:47:36][INFO] ⚔️ اختيار أبطال الحرب والقتال تلقائياً بالعدد المناسب (بدون تشكيلة ثابتة)...
[2026-09-12 20:47:36][INFO] ⚔️ أبطال الحرب المختارون: [5501006, 5501009]
[2026-09-12 20:47:36][WARNING] ⚠️ لا توجد قوات متوفرة بالقلعة لإرسال المسيرة!
[2026-09-12 20:47:36][INFO] ⏳ [القوات في مسيرات (1/40)] بانتظار عودة الجيش إلى القلعة (انتظار 15 ثانية)...
[2026-09-12 20:47:51][INFO] 🚀 محاولة إرسال مسيرة المعقل رقم (1/2)...
[2026-09-12 20:47:53][INFO] ⚔️ اختيار أبطال الحرب والقتال تلقائياً بالعدد المناسب (بدون تشكيلة ثابتة)...
[2026-09-12 20:47:53][INFO] ⚔️ أبطال الحرب المختارون: [5501006, 5501009]
[2026-09-12 20:47:53][WARNING] ⚠️ لا توجد قوات متوفرة بالقلعة لإرسال المسيرة!
[2026-09-12 20:47:53][INFO] ⏳ [القوات في مسيرات (2/40)] بانتظار عودة الجيش إلى القلعة (انتظار 15 ثانية)...
[2026-09-12 20:48:08][INFO] 🚀 محاولة إرسال مسيرة المعقل رقم (1/2)...
[2026-09-12 20:48:10][INFO] ⚔️ اختيار أبطال الحرب والقتال تلقائياً بالعدد المناسب (بدون تشكيلة ثابتة)...
[2026-09-12 20:48:10][INFO] ⚔️ أبطال الحرب المختارون: [5501006, 5501009]
[2026-09-12 20:48:10][WARNING] ⚠️ لا توجد قوات متوفرة بالقلعة لإرسال المسيرة!
[2026-09-12 20:48:10][INFO] ⏳ [القوات في مسيرات (3/40)] بانتظار عودة الجيش إلى القلعة (انتظار 15 ثانية)...
[2026-09-12 20:48:25][INFO] 🚀 محاولة إرسال مسيرة المعقل رقم (1/2)...
[2026-09-12 20:48:27][INFO] ⚔️ اختيار أبطال الحرب والقتال تلقائياً بالعدد المناسب (بدون تشكيلة ثابتة)...
[2026-09-12 20:48:27][INFO] ⚔️ أبطال الحرب المختارون: [5501006, 5501009]
[2026-09-12 20:48:27][INFO] 🛡️ تشكيلة المعقل: [{'id': 409, 'num': 372}, {'id': 509, 'num': 576}, {'id': 506, 'num': 567}]... (إجمالي جنود: 6,331) | حيوان: [1261]
[2026-09-12 20:48:27][INFO] 🎯 محاولة استهداف معقل: ID=477-292-26-0-30 عند (476, 291) لفل=30
[2026-09-12 20:48:28][INFO] ✅ تم إرسال مسيرة المعقل بنجاح! → 477-292-26-0-30 (لفل 30) | أبطال=[5501006, 5501009] | جنود=6,331
[2026-09-12 20:48:28][INFO] 🛡️ [أمان ومكافحة حظر] انتظار 4.52 ثانية قبل تجهيز مسيرة المعقل التالية...
[2026-09-12 20:48:32][INFO] 🚀 محاولة إرسال مسيرة المعقل رقم (2/2)...
[2026-09-12 20:48:34][INFO] ⚔️ اختيار أبطال الحرب والقتال تلقائياً بالعدد المناسب (بدون تشكيلة ثابتة)...
[2026-09-12 20:48:34][INFO] ⚔️ أبطال الحرب المختارون: [5501010, 5501014]
[2026-09-12 20:48:34][WARNING] ⚠️ لا توجد قوات متوفرة بالقلعة لإرسال المسيرة!
[2026-09-12 20:48:34][INFO] ⏳ [القوات في مسيرات (1/40)] بانتظار عودة الجيش إلى القلعة (انتظار 15 ثانية)...
[2026-09-12 20:48:49][INFO] 🚀 محاولة إرسال مسيرة المعقل رقم (2/2)...
[2026-09-12 20:48:51][INFO] ⚔️ اختيار أبطال الحرب والقتال تلقائياً بالعدد المناسب (بدون تشكيلة ثابتة)...
[2026-09-12 20:48:51][INFO] ⚔️ أبطال الحرب المختارون: [5501006, 5501009]
[2026-09-12 20:48:51][WARNING] ⚠️ لا توجد قوات متوفرة بالقلعة لإرسال المسيرة!
[2026-09-12 20:48:51][INFO] ⏳ [القوات في مسيرات (2/40)] بانتظار عودة الجيش إلى القلعة (انتظار 15 ثانية)...
[2026-09-12 20:49:06][INFO] 🚀 محاولة إرسال مسيرة المعقل رقم (2/2)...
[2026-09-12 20:49:07][INFO] ⚔️ اختيار أبطال الحرب والقتال تلقائياً بالعدد المناسب (بدون تشكيلة ثابتة)...
[2026-09-12 20:49:07][INFO] ⚔️ أبطال الحرب المختارون: [5501006, 5501009]
[2026-09-12 20:49:07][WARNING] ⚠️ لا توجد قوات متوفرة بالقلعة لإرسال المسيرة!
[2026-09-12 20:49:07][INFO] ⏳ [القوات في مسيرات (3/40)] بانتظار عودة الجيش إلى القلعة (انتظار 15 ثانية)...
[2026-09-12 20:49:22][INFO] 🚀 محاولة إرسال مسيرة المعقل رقم (2/2)...
[2026-09-12 20:49:24][INFO] ⚔️ اختيار أبطال الحرب والقتال تلقائياً بالعدد المناسب (بدون تشكيلة ثابتة)...
[2026-09-12 20:49:24][INFO] ⚔️ أبطال الحرب المختارون: [5501006, 5501009]
[2026-09-12 20:49:24][WARNING] ⚠️ لا توجد قوات متوفرة بالقلعة لإرسال المسيرة!
[2026-09-12 20:49:24][INFO] ⏳ [القوات في مسيرات (4/40)] بانتظار عودة الجيش إلى القلعة (انتظار 15 ثانية)...
[2026-09-12 20:49:39][INFO] 🚀 محاولة إرسال مسيرة المعقل رقم (2/2)...
[2026-09-12 20:49:41][INFO] ⚔️ اختيار أبطال الحرب والقتال تلقائياً بالعدد المناسب (بدون تشكيلة ثابتة)...
[2026-09-12 20:49:41][INFO] ⚔️ أبطال الحرب المختارون: [5501006, 5501009]
[2026-09-12 20:49:41][WARNING] ⚠️ لا توجد قوات متوفرة بالقلعة لإرسال المسيرة!
[2026-09-12 20:49:41][INFO] ⏳ [القوات في مسيرات (5/40)] بانتظار عودة الجيش إلى القلعة (انتظار 15 ثانية)...
[2026-09-12 20:49:56][INFO] 🚀 محاولة إرسال مسيرة المعقل رقم (2/2)...
[2026-09-12 20:49:58][INFO] ⚔️ اختيار أبطال الحرب والقتال تلقائياً بالعدد المناسب (بدون تشكيلة ثابتة)...
[2026-09-12 20:49:58][INFO] ⚔️ أبطال الحرب المختارون: [5501006, 5501009]
[2026-09-12 20:49:58][WARNING] ⚠️ لا توجد قوات متوفرة بالقلعة لإرسال المسيرة!
[2026-09-12 20:49:58][INFO] ⏳ [القوات في مسيرات (6/40)] بانتظار عودة الجيش إلى القلعة (انتظار 15 ثانية)...
[2026-09-12 20:50:13][INFO] 🚀 محاولة إرسال مسيرة المعقل رقم (2/2)...
[2026-09-12 20:50:14][INFO] ⚔️ اختيار أبطال الحرب والقتال تلقائياً بالعدد المناسب (بدون تشكيلة ثابتة)...
[2026-09-12 20:50:14][INFO] ⚔️ أبطال الحرب المختارون: [5501006, 5501009]
[2026-09-12 20:50:14][WARNING] ⚠️ لا توجد قوات متوفرة بالقلعة لإرسال المسيرة!
[2026-09-12 20:50:14][INFO] ⏳ [القوات في مسيرات (7/40)] بانتظار عودة الجيش إلى القلعة (انتظار 15 ثانية)...
[2026-09-12 20:50:29][INFO] 🚀 محاولة إرسال مسيرة المعقل رقم (2/2)...
[2026-09-12 20:50:31][INFO] ⚔️ اختيار أبطال الحرب والقتال تلقائياً بالعدد المناسب (بدون تشكيلة ثابتة)...
[2026-09-12 20:50:31][INFO] ⚔️ أبطال الحرب المختارون: [5501006, 5501009]
[2026-09-12 20:50:31][WARNING] ⚠️ لا توجد قوات متوفرة بالقلعة لإرسال المسيرة!
[2026-09-12 20:50:31][INFO] ⏳ [القوات في مسيرات (8/40)] بانتظار عودة الجيش إلى القلعة (انتظار 15 ثانية)...
[2026-09-12 20:50:46][INFO] 🚀 محاولة إرسال مسيرة المعقل رقم (2/2)...
[2026-09-12 20:50:48][INFO] ⚔️ اختيار أبطال الحرب والقتال تلقائياً بالعدد المناسب (بدون تشكيلة ثابتة)...
[2026-09-12 20:50:48][INFO] ⚔️ أبطال الحرب المختارون: [5501006, 5501009]
[2026-09-12 20:50:48][WARNING] ⚠️ لا توجد قوات متوفرة بالقلعة لإرسال المسيرة!
[2026-09-12 20:50:48][INFO] ⏳ [القوات في مسيرات (9/40)] بانتظار عودة الجيش إلى القلعة (انتظار 15 ثانية)...
[2026-09-12 20:51:03][INFO] 🚀 محاولة إرسال مسيرة المعقل رقم (2/2)...
[2026-09-12 20:51:04][INFO] ⚔️ اختيار أبطال الحرب والقتال تلقائياً بالعدد المناسب (بدون تشكيلة ثابتة)...
[2026-09-12 20:51:04][INFO] ⚔️ أبطال الحرب المختارون: [5501006, 5501009]
[2026-09-12 20:51:04][WARNING] ⚠️ لا توجد قوات متوفرة بالقلعة لإرسال المسيرة!
[2026-09-12 20:51:04][INFO] ⏳ [القوات في مسيرات (10/40)] بانتظار عودة الجيش إلى القلعة (انتظار 15 ثانية)...
[2026-09-12 20:51:19][INFO] 🚀 محاولة إرسال مسيرة المعقل رقم (2/2)...
[2026-09-12 20:51:21][INFO] ⚔️ اختيار أبطال الحرب والقتال تلقائياً بالعدد المناسب (بدون تشكيلة ثابتة)...
[2026-09-12 20:51:21][INFO] ⚔️ أبطال الحرب المختارون: [5501006, 5501009]
[2026-09-12 20:51:21][WARNING] ⚠️ لا توجد قوات متوفرة بالقلعة لإرسال المسيرة!
[2026-09-12 20:51:21][INFO] ⏳ [القوات في مسيرات (11/40)] بانتظار عودة الجيش إلى القلعة (انتظار 15 ثانية)...
[2026-09-12 20:51:36][INFO] 🚀 محاولة إرسال مسيرة المعقل رقم (2/2)...
[2026-09-12 20:51:38][INFO] ⚔️ اختيار أبطال الحرب والقتال تلقائياً بالعدد المناسب (بدون تشكيلة ثابتة)...
[2026-09-12 20:51:38][INFO] ⚔️ أبطال الحرب المختارون: [5501006, 5501009]
[2026-09-12 20:51:38][WARNING] ⚠️ لا توجد قوات متوفرة بالقلعة لإرسال المسيرة!
[2026-09-12 20:51:38][INFO] ⏳ [القوات في مسيرات (12/40)] بانتظار عودة الجيش إلى القلعة (انتظار 15 ثانية)...
[2026-09-12 20:51:53][INFO] 🚀 محاولة إرسال مسيرة المعقل رقم (2/2)...
[2026-09-12 20:51:54][INFO] ⚔️ اختيار أبطال الحرب والقتال تلقائياً بالعدد المناسب (بدون تشكيلة ثابتة)...
[2026-09-12 20:51:54][INFO] ⚔️ أبطال الحرب المختارون: [5501006, 5501009]
[2026-09-12 20:51:54][WARNING] ⚠️ لا توجد قوات متوفرة بالقلعة لإرسال المسيرة!
[2026-09-12 20:51:54][INFO] ⏳ [القوات في مسيرات (13/40)] بانتظار عودة الجيش إلى القلعة (انتظار 15 ثانية)...
[2026-09-12 20:52:09][INFO] 🚀 محاولة إرسال مسيرة المعقل رقم (2/2)...
[2026-09-12 20:52:11][INFO] ⚔️ اختيار أبطال الحرب والقتال تلقائياً بالعدد المناسب (بدون تشكيلة ثابتة)...
[2026-09-12 20:52:11][INFO] ⚔️ أبطال الحرب المختارون: [5501006, 5501009]
[2026-09-12 20:52:11][WARNING] ⚠️ لا توجد قوات متوفرة بالقلعة لإرسال المسيرة!
[2026-09-12 20:52:11][INFO] ⏳ [القوات في مسيرات (14/40)] بانتظار عودة الجيش إلى القلعة (انتظار 15 ثانية)...
[2026-09-12 20:52:26][INFO] 🚀 محاولة إرسال مسيرة المعقل رقم (2/2)...
[2026-09-12 20:52:28][INFO] ⚔️ اختيار أبطال الحرب والقتال تلقائياً بالعدد المناسب (بدون تشكيلة ثابتة)...
[2026-09-12 20:52:28][INFO] ⚔️ أبطال الحرب المختارون: [5501006, 5501009]
[2026-09-12 20:52:28][WARNING] ⚠️ لا توجد قوات متوفرة بالقلعة لإرسال المسيرة!
[2026-09-12 20:52:28][INFO] ⏳ [القوات في مسيرات (15/40)] بانتظار عودة الجيش إلى القلعة (انتظار 15 ثانية)...
[2026-09-12 20:52:43][INFO] 🚀 محاولة إرسال مسيرة المعقل رقم (2/2)...
[2026-09-12 20:52:45][INFO] ⚔️ اختيار أبطال الحرب والقتال تلقائياً بالعدد المناسب (بدون تشكيلة ثابتة)...
[2026-09-12 20:52:45][INFO] ⚔️ أبطال الحرب المختارون: [5501006, 5501009]
[2026-09-12 20:52:45][WARNING] ⚠️ لا توجد قوات متوفرة بالقلعة لإرسال المسيرة!
[2026-09-12 20:52:45][INFO] ⏳ [القوات في مسيرات (16/40)] بانتظار عودة الجيش إلى القلعة (انتظار 15 ثانية)...
[2026-09-12 20:53:00][INFO] 🚀 محاولة إرسال مسيرة المعقل رقم (2/2)...
[2026-09-12 20:53:01][INFO] ⚔️ اختيار أبطال الحرب والقتال تلقائياً بالعدد المناسب (بدون تشكيلة ثابتة)...
[2026-09-12 20:53:01][INFO] ⚔️ أبطال الحرب المختارون: [5501006, 5501009]
[2026-09-12 20:53:01][WARNING] ⚠️ لا توجد قوات متوفرة بالقلعة لإرسال المسيرة!
[2026-09-12 20:53:01][INFO] ⏳ [القوات في مسيرات (17/40)] بانتظار عودة الجيش إلى القلعة (انتظار 15 ثانية)...
[2026-09-12 20:53:16][INFO] 🚀 محاولة إرسال مسيرة المعقل رقم (2/2)...
[2026-09-12 20:53:18][INFO] ⚔️ اختيار أبطال الحرب والقتال تلقائياً بالعدد المناسب (بدون تشكيلة ثابتة)...
[2026-09-12 20:53:18][INFO] ⚔️ أبطال الحرب المختارون: [5501006, 5501009]
[2026-09-12 20:53:18][WARNING] ⚠️ لا توجد قوات متوفرة بالقلعة لإرسال المسيرة!
[2026-09-12 20:53:18][INFO] ⏳ [القوات في مسيرات (18/40)] بانتظار عودة الجيش إلى القلعة (انتظار 15 ثانية)...
[2026-09-12 20:53:33][INFO] 🚀 محاولة إرسال مسيرة المعقل رقم (2/2)...
[2026-09-12 20:53:35][INFO] ⚔️ اختيار أبطال الحرب والقتال تلقائياً بالعدد المناسب (بدون تشكيلة ثابتة)...
[2026-09-12 20:53:35][INFO] ⚔️ أبطال الحرب المختارون: [5501006, 5501009]
[2026-09-12 20:53:35][WARNING] ⚠️ لا توجد قوات متوفرة بالقلعة لإرسال المسيرة!
[2026-09-12 20:53:35][INFO] ⏳ [القوات في مسيرات (19/40)] بانتظار عودة الجيش إلى القلعة (انتظار 15 ثانية)...
[2026-09-12 20:53:50][INFO] 🚀 محاولة إرسال مسيرة المعقل رقم (2/2)...
[2026-09-12 20:53:51][INFO] ⚔️ اختيار أبطال الحرب والقتال تلقائياً بالعدد المناسب (بدون تشكيلة ثابتة)...
[2026-09-12 20:53:51][INFO] ⚔️ أبطال الحرب المختارون: [5501006, 5501009]
[2026-09-12 20:53:51][WARNING] ⚠️ لا توجد قوات متوفرة بالقلعة لإرسال المسيرة!
[2026-09-12 20:53:51][INFO] ⏳ [القوات في مسيرات (20/40)] بانتظار عودة الجيش إلى القلعة (انتظار 15 ثانية)...
[2026-09-12 20:54:06][INFO] 🚀 محاولة إرسال مسيرة المعقل رقم (2/2)...
[2026-09-12 20:54:08][INFO] ⚔️ اختيار أبطال الحرب والقتال تلقائياً بالعدد المناسب (بدون تشكيلة ثابتة)...
[2026-09-12 20:54:08][INFO] ⚔️ أبطال الحرب المختارون: [5501006, 5501009]
[2026-09-12 20:54:08][WARNING] ⚠️ لا توجد قوات متوفرة بالقلعة لإرسال المسيرة!
[2026-09-12 20:54:08][INFO] ⏳ [القوات في مسيرات (21/40)] بانتظار عودة الجيش إلى القلعة (انتظار 15 ثانية)...
[2026-09-12 20:54:23][INFO] 🚀 محاولة إرسال مسيرة المعقل رقم (2/2)...
[2026-09-12 20:54:25][INFO] ⚔️ اختيار أبطال الحرب والقتال تلقائياً بالعدد المناسب (بدون تشكيلة ثابتة)...
[2026-09-12 20:54:25][INFO] ⚔️ أبطال الحرب المختارون: [5501006, 5501009]
[2026-09-12 20:54:25][INFO] 🛡️ تشكيلة المعقل: [{'id': 409, 'num': 362}, {'id': 509, 'num': 561}, {'id': 506, 'num': 552}]... (إجمالي جنود: 6,169) | حيوان: []
[2026-09-12 20:54:25][INFO] 🎯 محاولة استهداف معقل: ID=490-302-26-0-24 عند (489, 301) لفل=24
[2026-09-12 20:54:26][INFO] ✅ تم إرسال مسيرة المعقل بنجاح! → 490-302-26-0-24 (لفل 24) | أبطال=[5501006, 5501009] | جنود=6,169
[2026-09-12 20:54:26][INFO] 🏁 إجمالي مسيرات الهجوم على المعقل المُرسَلة: 2/2
[2026-09-12 20:54:26][INFO] 🏁 اكتملت مرحلة المعاقل: ✅ تم إرسال 2 مسيرة هجوم على المعقل (أُرسلت 2/2 مسيرة هجوم على المعقل)
[2026-09-12 20:54:29][INFO] 🌾 ───【 الخطوة 4: جمع الموارد الأربعة خارج القلعة (مهام الهيبة) 】───
[2026-09-12 20:54:29][INFO] 🎯 الموارد المطلوب إرسال مسيرات جمع لها (4 مسيرة): مزارع القمح (Food), مناشر الخشب (Wood), مناجم الحجر (Stone), مناجم الحديد (Iron)
[2026-09-12 20:54:29][INFO]    • تثبيت حمولة المسيرة: currentSourceNum = 25000
[2026-09-12 20:54:29][INFO] 📍 موقع القلعة على الخريطة: (487, 287)
[2026-09-12 20:54:29][INFO] 🛡️ إجمالي القوات المتوفرة بالقلعة: 0 جندي
[2026-09-12 20:54:29][INFO] ────────────────────────────────────────────────────────────
[2026-09-12 20:54:29][INFO] 🏹 تجهيز مسيرة جمع 🌾 مزارع القمح (Food)...
[2026-09-12 20:54:29][INFO]    • اختيار البطل: بطل #5502001
[2026-09-12 20:54:29][INFO]    • اختيار الحيوان: حيوان #1261
[2026-09-12 20:54:29][WARNING] ⚠️ لا تتوفر قوات كافية بالقلعة لإرسال مسيرة مزارع القمح (Food)!
[2026-09-12 20:54:29][INFO] ────────────────────────────────────────────────────────────
[2026-09-12 20:54:29][INFO] 🏹 تجهيز مسيرة جمع 🪵 مناشر الخشب (Wood)...
[2026-09-12 20:54:29][INFO]    • اختيار البطل: بطل #5502001
[2026-09-12 20:54:29][INFO]    • اختيار الحيوان: بدون حيوان
[2026-09-12 20:54:29][WARNING] ⚠️ لا تتوفر قوات كافية بالقلعة لإرسال مسيرة مناشر الخشب (Wood)!
[2026-09-12 20:54:29][INFO] ────────────────────────────────────────────────────────────
[2026-09-12 20:54:29][INFO] 🏹 تجهيز مسيرة جمع 🪨 مناجم الحجر (Stone)...
[2026-09-12 20:54:29][INFO]    • اختيار البطل: بطل #5502001
[2026-09-12 20:54:29][INFO]    • اختيار الحيوان: بدون حيوان
[2026-09-12 20:54:29][WARNING] ⚠️ لا تتوفر قوات كافية بالقلعة لإرسال مسيرة مناجم الحجر (Stone)!
[2026-09-12 20:54:29][INFO] ────────────────────────────────────────────────────────────
[2026-09-12 20:54:29][INFO] 🏹 تجهيز مسيرة جمع ⛏️ مناجم الحديد (Iron)...
[2026-09-12 20:54:29][INFO]    • اختيار البطل: بطل #5502001
[2026-09-12 20:54:29][INFO]    • اختيار الحيوان: بدون حيوان
[2026-09-12 20:54:29][WARNING] ⚠️ لا تتوفر قوات كافية بالقلعة لإرسال مسيرة مناجم الحديد (Iron)!
[2026-09-12 20:54:29][INFO] 🏁 اكتملت مرحلة جمع الموارد لمهام الهيبة (أُرسلت 0/4 مسيرات).
[2026-09-12 20:54:33][INFO] 💧 ───【 الخطوة 5: الساقية — تفعيل جميع مباني إنتاج الموارد 】───
[2026-09-12 20:54:33][INFO] 💧 بدء مهمة الساقية لزيادة الإنتاج (الأنواع: الكل (جميع الموارد) | شراء من متجر التحالف: مسموح)
[2026-09-12 20:54:33][INFO] 📌 🌾 مزارع القمح: 10 مبنى بحاجة للتفعيل (من أصل 10)
[2026-09-12 20:54:33][INFO] 📌 🪵 مناشر الخشب: 7 مبنى بحاجة للتفعيل (من أصل 7)
[2026-09-12 20:54:33][INFO] 📌 ⛏️ مناجم الحديد: 2 مبنى بحاجة للتفعيل (من أصل 2)
[2026-09-12 20:54:33][INFO] 📌 🪙 مناجم الفضة/الألماس: 8 مبنى بحاجة للتفعيل (من أصل 8)
[2026-09-12 20:54:33][INFO] ⚡ إجمالي المباني المطلوب تفعيلها: 27 مبنى
[2026-09-12 20:54:34][INFO] 🏪 تم جلب متجر التحالف بنجاح (1 نوع أداة متاحة للشراء)
[2026-09-12 20:54:34][INFO] 🔍 🌾 مزارع القمح: مطلوب تفعيل 10 | الأدوات المتوفرة بالحقيبة: 0
[2026-09-12 20:54:35][WARNING] ⚠️ دفعة 🌾 مزارع القمح لم تقبل بالكامل (كود 1005) — محاولة التفعيل الفردي...
[2026-09-12 20:54:44][INFO] 🔍 🪵 مناشر الخشب: مطلوب تفعيل 7 | الأدوات المتوفرة بالحقيبة: 0
[2026-09-12 20:54:44][INFO] 🛒 جاري شراء 3 من أداة (501401) لـ 🪵 مناشر الخشب من متجر التحالف (المتوفر بالمتجر: 3)...
[2026-09-12 20:54:44][INFO] ✅ تم شراء 3 أداة بنجاح من متجر التحالف!
[2026-09-12 20:54:45][WARNING] ⚠️ دفعة 🪵 مناشر الخشب لم تقبل بالكامل (كود 1005) — محاولة التفعيل الفردي...
[2026-09-12 20:54:51][INFO] ✅ تم تفعيل 3 من 🪵 مناشر الخشب
[2026-09-12 20:54:51][INFO] 🔍 ⛏️ مناجم الحديد: مطلوب تفعيل 2 | الأدوات المتوفرة بالحقيبة: 0
[2026-09-12 20:54:51][WARNING] ⚠️ دفعة ⛏️ مناجم الحديد لم تقبل بالكامل (كود 1008) — محاولة التفعيل الفردي...
[2026-09-12 20:54:54][INFO] 🔍 🪙 مناجم الفضة/الألماس: مطلوب تفعيل 8 | الأدوات المتوفرة بالحقيبة: 0
[2026-09-12 20:54:54][WARNING] ⚠️ دفعة 🪙 مناجم الفضة/الألماس لم تقبل بالكامل (كود 1008) — محاولة التفعيل الفردي...
[2026-09-12 20:55:01][INFO] 🏁 النتيجة النهائية: تم تفعيل 3 مبنى | فشل/تجاوز: 24
[2026-09-12 20:55:01][INFO] 🏁 اكتملت مهمة الساقية: ✅ تم تفعيل الساقية لـ 3 مبنى بنجاح
[2026-09-12 20:55:04][INFO] 🪖 ───【 الخطوة 6: تدريب الجنود (250 من كل نوع — مستوى 1) 】───
[2026-09-12 20:55:04][INFO] 🔍 فحص عام لكافة الثكنات لجمع أي جنود مكتمل تدريبهم...
[2026-09-12 20:55:04][INFO] 🪖 بدء مرحلة تدريب الجيش | الأنواع المطلوبة: 4 مبنى...
[2026-09-12 20:55:04][INFO] ⏳ 🛡️ [المشاة] قيد التدريب حالياً (متبقي: 90 دقيقة).
[2026-09-12 20:55:04][INFO] ⏳ 🐎 [الخيالة] قيد التدريب حالياً (متبقي: 370 دقيقة).
[2026-09-12 20:55:04][INFO] 📊 فحص تلقائي لـ 🏹 [الأسهم] (مستوى 1): سعة الثكنة: 170 وحدة | سقف الموارد: 16613812 وحدة | الناتج التلقائي: 170 وحدة
[2026-09-12 20:55:04][INFO] 🚀 بدء تدريب 🏹 [الأسهم] | المستوى: 1 (معرف: 601) | المستهدف: 170 وحدة...
[2026-09-12 20:55:05][INFO] ✅ تم بدء تدريب 170 وحدة من 🏹 [الأسهم] (مستوى 1) بنجاح! 🎉
[2026-09-12 20:55:06][INFO] ⏳ 🚜 [العربات] قيد التدريب حالياً (متبقي: 484 دقيقة).
[2026-09-12 20:55:06][INFO] 🏁 تم تدريب 1 أنواع قوات جديدة | (3 مباني قيد التدريب)
[2026-09-12 20:55:06][INFO] 🏁 اكتملت مهمة تدريب الجنود: تم تدريب 1 أنواع قوات جديدة | (3 مباني قيد التدريب)
[2026-09-12 20:55:09][INFO] 🏰 ───【 الخطوة 7: حصن الحرب — تدريب الفخاخ تلقائياً 】───
[2026-09-12 20:55:09][INFO] 🔍 فحص حصن الحرب لجمع أي فخاخ مكتمل بناؤها...
[2026-09-12 20:55:09][INFO] 🏰 فحص المنشآت: حصن الحرب (مستوى 14) | السور (مستوى 40)
[2026-09-12 20:55:09][INFO] 📊 الفحص التلقائي لحصن الحرب:
   • السعة الإجمالية للسور: 40,000 (أساسي: 40,000 + أبحاث: 0)
   • الفخاخ القائمة على السور: 0 فخ
   • الفراغ المتاح على السور: 40,000 فخ
   • سقف إنتاج الدفعة الواحدة: 514 فخ
   • سقف الموارد المتوفرة: 699,574 فخ
   🎯 الناتج التلقائي الصافي المتاح للتدريب: 514 فخ
[2026-09-12 20:55:09][INFO] 🚀 بدء تدريب 🪨 [الصخور المتساقطة] | المستوى: 3 (معرف: 803) | المستهدف: 514 فخ...
[2026-09-12 20:55:10][INFO] ✅ تم بنجاح تدريب 514 فخ من 🪨 [الصخور المتساقطة] (مستوى 3) في حصن الحرب! 🎉
[2026-09-12 20:55:10][INFO] 🏁 اكتملت مهمة حصن الحرب: ✅ تم بنجاح تدريب 514 فخ من 🪨 [الصخور المتساقطة] (مستوى 3) في حصن الحرب! 🎉
[2026-09-12 20:55:10][INFO] 🎖️ ───【 ملخص بيانات الهيبة والمجد 】───
[2026-09-12 20:55:10][INFO]    • مستوى الهيبة/المجد: 18 | نقاط المجد: 69,410
[2026-09-12 20:55:10][INFO]    • نقاط النشاط اليومي الحالية: 106 نقطة
[2026-09-12 20:55:10][INFO]    • المهام المكتملة الجاهزة للاستلام: 3 مهمة | قيد الإنجاز: 36
[2026-09-12 20:55:10][INFO] ✅ اكتملت دورة مهام الهيبة! المنفذ: [متجر المهربين (7/10), الغزاة (5/5), المعاقل (2/2), جمع الموارد (0 مسيرة), الساقية (3 مبنى), تدريب الجنود (0 أنواع), حصن الحرب (✅)]
[2026-09-12 20:55:10][INFO] 🎉 نتيجة مهمة الهيبة: ✅ اكتملت دورة مهام الهيبة! المنفذ: [متجر المهربين (7/10), الغزاة (5/5), المعاقل (2/2), جمع الموارد (0 مسيرة), الساقية (3 مبنى), تدريب الجنود (0 أنواع), حصن الحرب (✅)]
[2026-09-12 20:55:12][INFO] 🎖️ بدء مهمة منسق الفيالق والمسيرات الذكي (March Orchestrator)...
[2026-09-12 20:55:12][INFO] ══════════════════════════════════════════════════════════
[2026-09-12 20:55:12][INFO] 🎖️ بدء دورة منسق الفيالق والمسيرات (March Orchestrator)
[2026-09-12 20:55:12][INFO] ══════════════════════════════════════════════════════════
[2026-09-12 20:55:12][INFO] 📋 مسار الأولويات المعتمد لهذه الدورة: ['gather', 'combat']
[2026-09-12 20:55:13][INFO] ▶️ [الأولوية 1/2] بدء تنفيذ: جمع الموارد (Gathering)...
[2026-09-12 20:55:13][INFO] 
🌾 [مهمة جمع الموارد] استهلاك كافة الفيالق الشاغرة (💎 ألماس/فضة (Diamond) | لفل: 6)...
[2026-09-12 20:55:13][INFO] 🌾══════════════════════════════════════════════════════════
[2026-09-12 20:55:13][INFO] 🌾 بدء مهمة جمع الموارد الذكية التلقائية:
[2026-09-12 20:55:13][INFO]    • المورد المستهدف : 🪙 مناجم الفضة (Silver) (subType = 5)
[2026-09-12 20:55:13][INFO]    • مستوى الحقل     : المستوى 6
[2026-09-12 20:55:13][INFO]    • أولوية الجيش    : 🚜 عربات النقل والحصار أولاً (أفضل حمولة)
[2026-09-12 20:55:13][INFO]    • استراتيجية الحشد: 🏹 إرسال المسيرات متتالية حتى امتلاء كافة الفيالق
[2026-09-12 20:55:13][INFO] 🌾══════════════════════════════════════════════════════════
[2026-09-12 20:55:13][INFO] 📋 تم جلب 44 بطل من بيانات الجلسة
[2026-09-12 20:55:13][INFO] 📍 موقع القلعة: (487, 287)
[2026-09-12 20:55:13][INFO] 🏹 محاولة إرسال مسيرة الفيلق رقم (1)...
[2026-09-12 20:55:14][INFO] 🎯 تم العثور على حقل مناجم الفضة (Silver) لفل 6: 470-285-5-5-3606 عند (469, 284)
[2026-09-12 20:55:15][INFO]    📦 حمولة الحقل: 31,500 مورد × مضاعف وزن 24 = سعة حمولة مطلوبة: 756,000
[2026-09-12 20:55:16][INFO]    🦸 البطل المختار تلقائياً: بطل #5502002
[2026-09-12 20:55:16][INFO]    🐾 الحيوان الأليف المختار: حيوان #1261
[2026-09-12 20:55:16][WARNING] ⚠️ لا توجد قوات كافية متوفرة بالقلعة لإرسال مسيرة!
[2026-09-12 20:55:16][INFO] 🏁 نفدت القوات المتاحة بالقلعة لإرسال فيالق إضافية.
[2026-09-12 20:55:16][INFO] ════════════════════════════════════════════════════════════
[2026-09-12 20:55:16][INFO] 🏁 النتيجة النهائية: تم إرسال 0 مسيرة جمع بنجاح!
[2026-09-12 20:55:16][INFO] ════════════════════════════════════════════════════════════
[2026-09-12 20:55:20][INFO] ▶️ [الأولوية 2/2] بدء تنفيذ: القتال (Combat)...
[2026-09-12 20:55:20][INFO] 
👾 [مهمة قتال: الغزاة (Invaders)]...
[2026-09-12 20:55:20][INFO] ⚔️ بدء مهمة الهجوم على [👾 غزاة (Invaders)] | لفل: 16-16 | الحد الأقصى للمسيرات: 5
[2026-09-12 20:55:20][INFO] 📋 44 بطل من Gate
[2026-09-12 20:55:20][INFO] 🚀 محاولة إرسال مسيرة الهجوم رقم (1/5)...
[2026-09-12 20:55:24][INFO] 🎖️ تم اختيار أبطال التشكيلة المحفوظة (1): [5502011, 5502002]
[2026-09-12 20:55:24][WARNING] ⚠️ لا توجد قوات قتالية متوفرة بالقلعة لإرسال المسيرة!
[2026-09-12 20:55:24][WARNING] ⚠️ نفدت القوات المتاحة بالقلعة.
[2026-09-12 20:55:24][INFO] 🏁 إجمالي مسيرات الهجوم المُرسَلة: 0/5
[2026-09-12 20:55:29][INFO] 
══════════════════════════════════════════════════════════
[2026-09-12 20:55:29][INFO] 🏁 اكتملت دورة منسق الفيالق الذكي!
[2026-09-12 20:55:29][INFO] 📋 ملخص المهام المنفذة: {'gather': False, 'combat': False}
[2026-09-12 20:55:29][INFO] ══════════════════════════════════════════════════════════
[2026-09-12 20:55:29][INFO] 🎉 نتيجة مهمة منسق الفيالق: اكتملت دورة منسق الفيالق بنجاح
[2026-09-12 20:55:31][INFO] 🔒 تم إغلاق اتصال الحساب johan2003@yopmail.com بأمان.
[2026-09-12 20:55:31][INFO] ✅ انتهت الدورة #1 في 1015ث — الدورة القادمة الساعة: 22:08:36
[2026-09-12 20:55:31][INFO] 💤 انتظار 73.1 دقيقة...
[2026-09-12 21:11:56][INFO] 📋 تم تحميل 16 حساب من session_cache.json
[2026-09-12 21:11:56][INFO] ✅ تم تحميل إعدادات Firebase من: E:\osmanli\.bot_cfg_e4tWS8v10m2nDHyzad0M.json
[2026-09-12 21:11:56][INFO] 📋 تم تحميل 16 حساب من session_cache.json
[2026-09-12 21:11:56][INFO] 🔁 وضع التشغيل المستمر نشط — دورة كل 90 دقيقة
[2026-09-12 21:11:56][INFO]   📅 مهام مُجدوَلة (9 مهمة):
     • research: {'times_per_day': 2} | آخر تشغيل: 20:38
     • tactics_hall: {'times_per_day': 2} | آخر تشغيل: 20:38
     • fountain: {'times_per_day': 2} | آخر تشغيل: 20:38
     • material_workshop: {'times_per_day': 2} | آخر تشغيل: 20:38
     • caravan: {'times_per_day': 2} | آخر تشغيل: 20:38
     • port_delegate: {'times_per_day': 3} | آخر تشغيل: 20:38
     • savings_bank: {'times_per_day': 1} | آخر تشغيل: 20:38
     • building: {'times_per_day': 1} | آخر تشغيل: 20:38
     • prestige: {'hours': [3]} | آخر تشغيل: 20:38
[2026-09-12 21:11:56][INFO] 🔄 دورة رقم #1 — بدأت 2026-09-12 21:11:56
[2026-09-12 21:11:56][INFO] 🔐 [تسجيل الدخول] بدء الاتصال بالحساب: johan2003@yopmail.com...
[2026-09-12 21:11:56][INFO] Login Server: 119.8.212.255:10000
[2026-09-12 21:11:56][INFO] DH Handshake...
[2026-09-12 21:11:56][INFO]   Challenge: ZsvieMYqMvw=
[2026-09-12 21:11:56][INFO]   ClientKey sent: rmfRig+b3Js=
[2026-09-12 21:11:56][INFO]   ServerKey: fG+Ek/yxrbY=
[2026-09-12 21:11:56][INFO]   Secret: 4f6247050bf83477
[2026-09-12 21:11:56][INFO]   HMAC sent: 7ZE4lAeMnCk=
[2026-09-12 21:11:56][INFO]   Handshake resp: 200 challenge success
[2026-09-12 21:11:56][INFO]   Token sent
[2026-09-12 21:11:57][INFO]   Auth resp: 200 TWpVNUBhMjlvWDJkaGJXVmZNalk9QE1URTVMamd1TWpFekxqRXpNUT09QE5EQXdNQT09QE1qZ3lNREEwQE1UQTJNREEzTkRN
[2026-09-12 21:11:57][INFO]   Gate: 119.8.213.131:4000
[2026-09-12 21:11:57][INFO]   UID: 10600743 Server: koh_game_26
[2026-09-12 21:11:57][INFO] [Login] ✓ johan2003@yopmail.com → Gate 119.8.213.131:4000 uid=10600743
[2026-09-12 21:11:57][INFO] 📋 تم تحميل 16 حساب من session_cache.json
[2026-09-12 21:11:57][INFO] ✅ تم تحميل إعدادات Firebase من: E:\osmanli\.bot_cfg_e4tWS8v10m2nDHyzad0M.json
[2026-09-12 21:11:57][INFO] 📋 تم تحميل 16 حساب من session_cache.json
[2026-09-12 21:11:57][INFO] 🔁 وضع التشغيل المستمر نشط — دورة كل 90 دقيقة
[2026-09-12 21:11:57][INFO]   📅 مهام مُجدوَلة (9 مهمة):
     • research: {'times_per_day': 2} | آخر تشغيل: 20:38
     • tactics_hall: {'times_per_day': 2} | آخر تشغيل: 20:38
     • fountain: {'times_per_day': 2} | آخر تشغيل: 20:38
     • material_workshop: {'times_per_day': 2} | آخر تشغيل: 20:38
     • caravan: {'times_per_day': 2} | آخر تشغيل: 20:38
     • port_delegate: {'times_per_day': 3} | آخر تشغيل: 20:38
     • savings_bank: {'times_per_day': 1} | آخر تشغيل: 20:38
     • building: {'times_per_day': 1} | آخر تشغيل: 20:38
     • prestige: {'hours': [3]} | آخر تشغيل: 20:38
[2026-09-12 21:11:57][INFO] 🔄 دورة رقم #1 — بدأت 2026-09-12 21:11:57
[2026-09-12 21:11:57][INFO] 🔐 [تسجيل الدخول] بدء الاتصال بالحساب: johan2003@yopmail.com...
[2026-09-12 21:11:57][INFO] Login Server: 119.8.212.255:10000
[2026-09-12 21:11:57][INFO] DH Handshake...
[2026-09-12 21:11:57][INFO] [Gate] ✓ 119.8.213.131:4000 uid=10600743
[2026-09-12 21:11:57][INFO] ⏳ انتظار مزامنة الحزم الأولية من السيرفر...
[2026-09-12 21:11:57][INFO]   Challenge: dAiLnv5xst0=
[2026-09-12 21:11:57][INFO]   ClientKey sent: bV5D9YqWNdQ=
[2026-09-12 21:11:57][INFO]   ServerKey: 58M+rzXQs+g=
[2026-09-12 21:11:57][INFO]   Secret: 83942b7d7ece50d5
[2026-09-12 21:11:57][INFO]   HMAC sent: 98qKjEaEp/c=
[2026-09-12 21:11:57][INFO]   Handshake resp: 200 challenge success
[2026-09-12 21:11:57][INFO]   Token sent
[2026-09-12 21:11:58][WARNING] [Gate] ⚠️ انقطع الاتصال بالحساب (السبب: other_device)
[2026-09-12 21:11:58][WARNING] ⚠️ [تنبيه السيرفر] انقطع اتصال الحساب johan2003@yopmail.com (السبب: other_device)
[2026-09-12 21:11:58][INFO]   Auth resp: 200 TWpVNUBhMjlvWDJkaGJXVmZNalk9QE1URTVMamd1TWpFekxqRXpNUT09QE5EQXdNQT09QE1qZ3lNREEyQE1UQTJNREEzTkRN
[2026-09-12 21:11:58][INFO]   Gate: 119.8.213.131:4000
[2026-09-12 21:11:58][INFO]   UID: 10600743 Server: koh_game_26
[2026-09-12 21:11:58][INFO] [Login] ✓ johan2003@yopmail.com → Gate 119.8.213.131:4000 uid=10600743
[2026-09-12 21:11:58][INFO] [Gate] ✓ 119.8.213.131:4000 uid=10600743
[2026-09-12 21:11:58][INFO] ⏳ انتظار مزامنة الحزم الأولية من السيرفر...
[2026-09-12 21:11:59][INFO] ✅ [تسجيل الدخول] تم الاتصال والمصافحة بنجاح 100%!
[2026-09-12 21:11:59][INFO] 🔍 [الاستعلام الشامل] جلب كافة بيانات ومعلومات الحساب من السيرفر...
[2026-09-12 21:12:02][INFO] ✅ [تسجيل الدخول] تم الاتصال والمصافحة بنجاح 100%!
[2026-09-12 21:12:02][INFO] 🔍 [الاستعلام الشامل] جلب كافة بيانات ومعلومات الحساب من السيرفر...
[2026-09-12 21:12:02][WARNING] ⚠️ تم رصد انقطاع الاتصال قبل بدء المهمة [🌾 حصد مزارع المدينة (City Harvest)] (السبب: دخول شخص آخر إلى الحساب (Other Device Login))
[2026-09-12 21:12:02][WARNING] ⚠️ [انقطاع الاتصال] تم رصد انقطاع الاتصال بالحساب (السبب: دخول شخص آخر إلى الحساب (Other Device Login))!
[2026-09-12 21:12:02][WARNING] ⏳ سيتوقف البوت مؤقتاً وينتظر 60 ثانية (دقيقة واحدة) لإفساح المجال ثم إعادة الدخول...
[2026-09-12 21:12:02][INFO] ⏳ [المحاولة 1/10] انتظار 60 ثانية (دقيقة واحدة)...
[2026-09-12 21:12:02][INFO] ⏳ متبقي على إعادة محاولة الدخول: 60 ثانية...
[2026-09-12 21:12:05][INFO] 🌾 بدء حصد كافة مزارع ومناجم المدينة وتعبئة مخازن القلعة بالموارد...
[2026-09-12 21:12:05][INFO] 🌾 بدء مهمة حصد وجني محاصيل مزارع المدينة الداخلية...
[2026-09-12 21:12:06][INFO] 📊 إجمالي مباني الموارد المكتشفة في القلعة: 27 مزرعة/منجم.
[2026-09-12 21:12:06][INFO]    🌾 تم جني محصول 🌾 مزارع القمح (Wheat Farm) (رقم 0 | مستوى 31) بنجاح! (+39,068 مورد)
[2026-09-12 21:12:07][INFO]    🌾 تم جني محصول 🌾 مزارع القمح (Wheat Farm) (رقم 1 | مستوى 40) بنجاح! (+45,557 مورد)
[2026-09-12 21:12:08][INFO]    🌾 تم جني محصول 🌾 مزارع القمح (Wheat Farm) (رقم 2 | مستوى 31) بنجاح! (+39,029 مورد)
[2026-09-12 21:12:09][INFO]    🌾 تم جني محصول 🌾 مزارع القمح (Wheat Farm) (رقم 3 | مستوى 32) بنجاح! (+39,029 مورد)
[2026-09-12 21:12:10][INFO]    🌾 تم جني محصول 🌾 مزارع القمح (Wheat Farm) (رقم 4 | مستوى 32) بنجاح! (+39,009 مورد)
[2026-09-12 21:12:11][INFO]    🌾 تم جني محصول 🌾 مزارع القمح (Wheat Farm) (رقم 5 | مستوى 30) بنجاح! (+38,990 مورد)
[2026-09-12 21:12:11][INFO]    🌾 تم جني محصول 🌾 مزارع القمح (Wheat Farm) (رقم 6 | مستوى 31) بنجاح! (+15,128 مورد)
[2026-09-12 21:12:12][INFO]    🌾 تم جني محصول 🌾 مزارع القمح (Wheat Farm) (رقم 7 | مستوى 30) بنجاح! (+38,950 مورد)
[2026-09-12 21:12:13][INFO]    🌾 تم جني محصول 🌾 مزارع القمح (Wheat Farm) (رقم 8 | مستوى 30) بنجاح! (+38,950 مورد)
[2026-09-12 21:12:14][INFO]    🌾 تم جني محصول 🌾 مزارع القمح (Wheat Farm) (رقم 9 | مستوى 31) بنجاح! (+38,931 مورد)
[2026-09-12 21:12:15][INFO]    🪵 تم جني محصول 🪵 مناشر الخشب (Sawmill) (رقم 0 | مستوى 30) بنجاح! (+56,534 مورد)
[2026-09-12 21:12:15][INFO]    🪵 تم جني محصول 🪵 مناشر الخشب (Sawmill) (رقم 1 | مستوى 30) بنجاح! (+56,504 مورد)
[2026-09-12 21:12:16][INFO]    🪵 تم جني محصول 🪵 مناشر الخشب (Sawmill) (رقم 2 | مستوى 30) بنجاح! (+56,504 مورد)
[2026-09-12 21:12:17][INFO] ⏳ متبقي على إعادة محاولة الدخول: 45 ثانية...
[2026-09-12 21:12:17][INFO]    🪵 تم جني محصول 🪵 مناشر الخشب (Sawmill) (رقم 3 | مستوى 30) بنجاح! (+56,489 مورد)
[2026-09-12 21:12:18][INFO]    🪵 تم جني محصول 🪵 مناشر الخشب (Sawmill) (رقم 4 | مستوى 30) بنجاح! (+56,474 مورد)
[2026-09-12 21:12:19][INFO]    🪵 تم جني محصول 🪵 مناشر الخشب (Sawmill) (رقم 6 | مستوى 25) بنجاح! (+23 مورد)
[2026-09-12 21:12:19][INFO]    🪵 تم جني محصول 🪵 مناشر الخشب (Sawmill) (رقم 8 | مستوى 26) بنجاح! (+36,641 مورد)
[2026-09-12 21:12:20][INFO]    ⛏️ تم جني محصول ⛏️ مناجم الحديد (Iron Mine) (رقم 1 | مستوى 29) بنجاح! (+4,479 مورد)
[2026-09-12 21:12:21][INFO]    ⛏️ تم جني محصول ⛏️ مناجم الحديد (Iron Mine) (رقم 2 | مستوى 27) بنجاح! (+4,057 مورد)
[2026-09-12 21:12:22][INFO]    🪙 تم جني محصول 🪙 مناجم الفضة/الألماس (Silver/Diamond) (رقم 0 | مستوى 31) بنجاح! (+1,628 مورد)
[2026-09-12 21:12:23][INFO]    🪙 تم جني محصول 🪙 مناجم الفضة/الألماس (Silver/Diamond) (رقم 1 | مستوى 30) بنجاح! (+1,627 مورد)
[2026-09-12 21:12:23][INFO]    🪙 تم جني محصول 🪙 مناجم الفضة/الألماس (Silver/Diamond) (رقم 2 | مستوى 30) بنجاح! (+1,626 مورد)
[2026-09-12 21:12:24][INFO]    🪙 تم جني محصول 🪙 مناجم الفضة/الألماس (Silver/Diamond) (رقم 3 | مستوى 30) بنجاح! (+1,625 مورد)
[2026-09-12 21:12:25][INFO]    🪙 تم جني محصول 🪙 مناجم الفضة/الألماس (Silver/Diamond) (رقم 4 | مستوى 30) بنجاح! (+1,625 مورد)
[2026-09-12 21:12:26][INFO]    🪙 تم جني محصول 🪙 مناجم الفضة/الألماس (Silver/Diamond) (رقم 5 | مستوى 30) بنجاح! (+1,624 مورد)
[2026-09-12 21:12:26][INFO]    🪙 تم جني محصول 🪙 مناجم الفضة/الألماس (Silver/Diamond) (رقم 6 | مستوى 30) بنجاح! (+1,624 مورد)
[2026-09-12 21:12:27][INFO]    🪙 تم جني محصول 🪙 مناجم الفضة/الألماس (Silver/Diamond) (رقم 7 | مستوى 30) بنجاح! (+1,623 مورد)
[2026-09-12 21:12:28][INFO] 🎉 نتيجة حصد المدينة: ✅ تم بنجاح حصد 27 مزرعة: (🌾 10 مزارع | 🪵 7 مناشر | ⛏️ 2 مناجم | 🪙 8 مناجم)
[2026-09-12 21:12:28][INFO] 🎉 نتيجة حصد المدينة: ✅ تم بنجاح حصد 27 مزرعة: (🌾 10 مزارع | 🪵 7 مناشر | ⛏️ 2 مناجم | 🪙 8 مناجم)
[2026-09-12 21:12:29][INFO] ⏭️  [🔬 أبحاث الأكاديمية والعلوم (Academy Research)] — متجاوزة (ليس وقتها بحسب الجدول)
[2026-09-12 21:12:29][INFO] 🤝 بدء تنفيذ مهمة التحالف (المساعدة والتبرع لعلوم التحالف ID: 1041418)...
[2026-09-12 21:12:29][INFO] 🏛️ بدء مهمة التحالف (التحالف ID: 1041418)
[2026-09-12 21:12:32][INFO] ⏳ متبقي على إعادة محاولة الدخول: 30 ثانية...
[2026-09-12 21:12:37][INFO] 📊 رصيد التبرع الحالي: 2/20 مجاني | تبرعات الذهب: 0
[2026-09-12 21:12:37][INFO] 🎯 تم العثور على التقنية الموصى بها: ID=33015 (المستوى=6)
[2026-09-12 21:12:37][INFO] 🚀 جاري تنفيذ 2 تبرع مجاني للتقنية #33015...
[2026-09-12 21:12:40][INFO] ✅ اكتملت التبرعات المجانية: 2 تبرع (شرف: +1,200 | نقاط علم: +960)
[2026-09-12 21:12:40][INFO] 🎉 نتيجة مهمة التحالف: تم إنجاز 2 تبرع مجاني + 0 تبرع ذهب (شرف +1,200)
[2026-09-12 21:12:42][INFO] 🚀 تشغيل مهمة الميناء لإرسال السفن التجارية...
[2026-09-12 21:12:42][INFO] 🚢 فحص الميناء...
[2026-09-12 21:12:42][INFO] 🚢 لا توجد سفن متاحة حالياً
[2026-09-12 21:12:42][INFO] 🎉 نتيجة الميناء: لا توجد سفن
[2026-09-12 21:12:44][INFO] 🎯 القوات المستهدفة للتدريب بأقصى طاقة استيعابية: 🛡️ المشاة (رتبة 6), 🐎 الخيالة (رتبة 6), 🚜 العربات (رتبة 6)
[2026-09-12 21:12:44][INFO] 🔍 فحص عام لكافة الثكنات لجمع أي جنود مكتمل تدريبهم...
[2026-09-12 21:12:44][INFO] 🪖 بدء مرحلة تدريب الجيش | الأنواع المطلوبة: 3 مبنى...
[2026-09-12 21:12:44][INFO] ⏳ 🛡️ [المشاة] قيد التدريب حالياً (متبقي: 73 دقيقة).
[2026-09-12 21:12:44][INFO] ⏳ 🐎 [الخيالة] قيد التدريب حالياً (متبقي: 352 دقيقة).
[2026-09-12 21:12:44][INFO] ⏳ 🚜 [العربات] قيد التدريب حالياً (متبقي: 467 دقيقة).
[2026-09-12 21:12:44][INFO] 🏁 (3 مباني قيد التدريب)
[2026-09-12 21:12:44][INFO] 🎉 نتيجة تدريب الجنود: (3 مباني قيد التدريب)
[2026-09-12 21:12:45][INFO] 🐾 جاري تنفيذ الدورية للحيوان المحدد: [🦌 الغزال (Gazelle)] (معرف: 1261)...
[2026-09-12 21:12:45][INFO] 🐾 بدء مهمة دورية الحيوان الأليف [🦌 الغزال (Gazelle)] إلى الوجهة #1389
[2026-09-12 21:12:46][INFO] 🐾 🦌 الغزال (Gazelle) في دورية حالياً | متبقي للانتهاء: 27 دقيقة و 16 ثانية
[2026-09-12 21:12:46][INFO] 🎉 نتيجة دورية الحيوان: الحيوان في دورية حالياً (متبقي 27 دقيقة)
[2026-09-12 21:12:47][INFO] ⏳ متبقي على إعادة محاولة الدخول: 15 ثانية...
[2026-09-12 21:12:47][INFO] 🚩 بدء فحص واستلام مكافآت وجوائز حدث التوسع الإقليمي...
[2026-09-12 21:12:47][INFO] 👉 استلام [تقوية القوة العسكرية - رفع القوة العسكرية إلى 4,000] (dynamicId: 581)...
[2026-09-12 21:12:47][INFO] 🎉 نتيجة التوسع الإقليمي: 🎯 اكتملت العملية: تم استلام 1 مكافأة بنجاح
[2026-09-12 21:12:49][INFO] 🛡️ بدء مهمة درع السلام لحماية القلعة [🛡️ درع السلام (8 ساعات)] (السماح بالشراء بالذهب: لا)...
[2026-09-12 21:12:49][INFO] 🛡️ بدء مهمة الدرع التلقائي [🛡️ درع السلام (8 ساعات)] (الشراء بالذهب: False)
[2026-09-12 21:12:49][INFO] 🎒 المخزون المتوفر في الحقيبة من 🛡️ درع السلام (8 ساعات): 6 درع
[2026-09-12 21:12:49][INFO] 🚀 جاري استخدام 1 من 🛡️ درع السلام (8 ساعات) من الحقيبة مجاناً (sign: 65117)...
[2026-09-12 21:12:50][INFO] ✅ تم تفعيل 🛡️ درع السلام (8 ساعات) بنجاح من الحقيبة مجاناً 🎉
[2026-09-12 21:12:50][INFO] 🎉 نتيجة درع السلام: تم تفعيل 🛡️ درع السلام (8 ساعات) بنجاح من الحقيبة مجاناً
[2026-09-12 21:12:51][INFO] ⚡ بدء مهمة الطاقة (استهلاك الجرعات المجانية + شراء بالذهب: 0 مرة)...
[2026-09-12 21:12:51][INFO] ⚡ بدء مهمة الطاقة (استخدام المجاني: True | شراء بالذهب: 0)
[2026-09-12 21:12:51][INFO] 🎒 المخزون المتوفر في الحقيبة: 🧪 جرعة طاقة (+10): 0, 🧪 جرعة طاقة (+50): 0, 🧪 جرعة طاقة (+100): 0
[2026-09-12 21:12:51][INFO] 🎉 تم استخدام الجرعات المجانية (+0 طاقة إجمالية) | شراء ذهب: 0
[2026-09-12 21:12:51][INFO] 🎉 نتيجة مهمة الطاقة: تم استخدام الجرعات المجانية (+0 طاقة إجمالية) | شراء ذهب: 0
[2026-09-12 21:12:53][INFO] 🎯 بدء مهمة المهارات التلقائية للمهارات المستهدفة: [الحصاد الوافر، الجمع السريع، حصاد المخزن]...
[2026-09-12 21:12:53][INFO] 🎉 نتيجة مهمة المهارات: ⏳ لا توجد مهارات جاهزة للتفعيل حالياً (قيد التبريد: 2 | غير مفتوحة: 1)
[2026-09-12 21:12:54][INFO] 🦸 بدء مهمة تجنيد الأبطال وبحث المهارات وسحب الصناديق اليومية...
[2026-09-12 21:12:54][INFO] 🎖️ بدء مهمة الشارات الملكية (تجنيد الأبطال / بحث المهارات / صندوق البطل)...
[2026-09-12 21:12:54][INFO] 🔍 فحص [🦸 تجنيد البطل (Hero Enlist)]: المرات المجانية المتبقية اليوم: 4 | وقت الاستحقاق: 1789235186
[2026-09-12 21:12:54][INFO] ✨ السحبة المجانية متاحة لـ [🦸 تجنيد البطل (Hero Enlist)]! جاري السحب الآن...
[2026-09-12 21:12:54][INFO] ✅ تم سحب [🦸 تجنيد البطل (Hero Enlist)] بنجاح 🎉 المكافأة: [[{'id': 912009, 'count': 3}]]
[2026-09-12 21:12:56][INFO] 🔍 فحص [📜 بحث المهارة (Skill Research)]: المرات المجانية المتبقية اليوم: 4 | وقت الاستحقاق: 1789235188
[2026-09-12 21:12:56][INFO] ✨ السحبة المجانية متاحة لـ [📜 بحث المهارة (Skill Research)]! جاري السحب الآن...
[2026-09-12 21:12:56][INFO] ✅ تم سحب [📜 بحث المهارة (Skill Research)] بنجاح 🎉 المكافأة: [[{'id': 930022, 'count': 3}]]
[2026-09-12 21:12:57][INFO] ⏳ متبقي على إعادة محاولة الدخول: 5 ثانية...
[2026-09-12 21:12:58][INFO] 🔍 فحص [🎁 صندوق البطل (Hero Box)]: المرات المجانية المتبقية اليوم: 1 | وقت الاستحقاق: 1789278090
[2026-09-12 21:12:58][INFO] ⏳ [🎁 صندوق البطل (Hero Box)] قيد التهدئة | متبقي 688 دقيقة (41316 ثانية)
[2026-09-12 21:12:58][INFO] 🎉 نتيجة تجنيد الأبطال: تم إنجاز السحبات المجانية التالية بنجاح: 🦸 تجنيد البطل (Hero Enlist), 📜 بحث المهارة (Skill Research)
[2026-09-12 21:13:00][INFO] ⏭️  [🏛️ قاعة الاستراتيجيات (Tactics Hall)] — متجاوزة (ليس وقتها بحسب الجدول)
[2026-09-12 21:13:00][INFO] 💧 بدء مهمة طاحونة الماء لزيادة إنتاج الموارد (الأنواع: all | الشراء من متجر التحالف: مسموح)...
[2026-09-12 21:13:00][INFO] 💧 بدء مهمة الساقية لزيادة الإنتاج (الأنواع: الكل (جميع الموارد) | شراء من متجر التحالف: مسموح)
[2026-09-12 21:13:00][INFO] 📌 🌾 مزارع القمح: 10 مبنى بحاجة للتفعيل (من أصل 10)
[2026-09-12 21:13:00][INFO] ✓ 🪵 مناشر الخشب: جميع المباني الـ 7 مفعلة ونشطة مسبقاً ✅
[2026-09-12 21:13:00][INFO] 📌 ⛏️ مناجم الحديد: 2 مبنى بحاجة للتفعيل (من أصل 2)
[2026-09-12 21:13:00][INFO] 📌 🪙 مناجم الفضة/الألماس: 8 مبنى بحاجة للتفعيل (من أصل 8)
[2026-09-12 21:13:00][INFO] ⚡ إجمالي المباني المطلوب تفعيلها: 20 مبنى
[2026-09-12 21:13:01][INFO] ℹ️ متجر التحالف فارغ أو القلعة غير عضو في تحالف — سيتم الاعتماد على الحقيبة فقط.
[2026-09-12 21:13:01][INFO] 🔍 🌾 مزارع القمح: مطلوب تفعيل 10 | الأدوات المتوفرة بالحقيبة: 0
[2026-09-12 21:13:02][INFO] 🔄 جاري محاولة تسجيل الدخول الآن واستئناف المهام (المحاولة 1/10)...
[2026-09-12 21:13:02][INFO] 🔐 [تسجيل الدخول] بدء الاتصال بالحساب: johan2003@yopmail.com...
[2026-09-12 21:13:02][INFO] Login Server: 119.8.212.255:10000
[2026-09-12 21:13:02][INFO] DH Handshake...
[2026-09-12 21:13:02][INFO]   Challenge: fVU1N+BueaU=
[2026-09-12 21:13:02][INFO]   ClientKey sent: 5dDXfb6QN44=
[2026-09-12 21:13:02][INFO]   ServerKey: BwZuynFAnz0=
[2026-09-12 21:13:02][INFO]   Secret: b79bae9c0a4c5b23
[2026-09-12 21:13:02][INFO]   HMAC sent: euIcFu1Vth4=
[2026-09-12 21:13:02][WARNING] ⚠️ دفعة 🌾 مزارع القمح لم تقبل بالكامل (كود 1008) — محاولة التفعيل الفردي...
[2026-09-12 21:13:02][INFO]   Handshake resp: 200 challenge success
[2026-09-12 21:13:02][INFO]   Token sent
[2026-09-12 21:13:02][WARNING] [Gate] ⚠️ انقطع الاتصال بالحساب (السبب: other_device)
[2026-09-12 21:13:02][WARNING] ⚠️ [تنبيه السيرفر] انقطع اتصال الحساب johan2003@yopmail.com (السبب: other_device)
[2026-09-12 21:13:02][WARNING] ⚡ [رصد فوري للانقطاع] انقطع اتصال الحساب فوراً أثناء تنفيذ [💧 طاحونة الماء (Watermill Boost)] (السبب: دخول شخص آخر إلى الحساب (Other Device Login))!
[2026-09-12 21:13:02][WARNING] ⚠️ [انقطاع الاتصال] تم رصد انقطاع الاتصال بالحساب (السبب: دخول شخص آخر إلى الحساب (Other Device Login))!
[2026-09-12 21:13:02][WARNING] ⏳ سيتوقف البوت مؤقتاً وينتظر 60 ثانية (دقيقة واحدة) لإفساح المجال ثم إعادة الدخول...
[2026-09-12 21:13:02][INFO] ⏳ [المحاولة 1/10] انتظار 60 ثانية (دقيقة واحدة)...
[2026-09-12 21:13:02][INFO] ⏳ متبقي على إعادة محاولة الدخول: 60 ثانية...
[2026-09-12 21:13:03][INFO]   Auth resp: 200 TWpVNUBhMjlvWDJkaGJXVmZNalk9QE1URTVMamd1TWpFekxqRXpNUT09QE5EQXdNQT09QE1qZ3lNREUzQE1UQTJNREEzTkRN
[2026-09-12 21:13:03][INFO]   Gate: 119.8.213.131:4000
[2026-09-12 21:13:03][INFO]   UID: 10600743 Server: koh_game_26
[2026-09-12 21:13:03][INFO] [Login] ✓ johan2003@yopmail.com → Gate 119.8.213.131:4000 uid=10600743
[2026-09-12 21:13:03][INFO] [Gate] ✓ 119.8.213.131:4000 uid=10600743
[2026-09-12 21:13:03][INFO] ⏳ انتظار مزامنة الحزم الأولية من السيرفر...
[2026-09-12 21:13:06][INFO] ✅ [تسجيل الدخول] تم الاتصال والمصافحة بنجاح 100%!
[2026-09-12 21:13:06][INFO] 🔍 [الاستعلام الشامل] جلب كافة بيانات ومعلومات الحساب من السيرفر...
[2026-09-12 21:13:12][INFO] 🎉 تم إعادة تسجيل الدخول بنجاح تام! جاهز لاستئناف المهام المتوقفة... ✅
[2026-09-12 21:13:12][INFO] 🌾 بدء حصد كافة مزارع ومناجم المدينة وتعبئة مخازن القلعة بالموارد...
[2026-09-12 21:13:12][INFO] 🌾 بدء مهمة حصد وجني محاصيل مزارع المدينة الداخلية...
[2026-09-12 21:13:13][INFO] 📊 إجمالي مباني الموارد المكتشفة في القلعة: 27 مزرعة/منجم.
[2026-09-12 21:13:13][INFO]    🌾 تم جني محصول 🌾 مزارع القمح (Wheat Farm) (رقم 0 | مستوى 31) بنجاح! (+1,098 مورد)
[2026-09-12 21:13:14][INFO]    🌾 تم جني محصول 🌾 مزارع القمح (Wheat Farm) (رقم 1 | مستوى 40) بنجاح! (+1,259 مورد)
[2026-09-12 21:13:15][INFO]    🌾 تم جني محصول 🌾 مزارع القمح (Wheat Farm) (رقم 2 | مستوى 31) بنجاح! (+1,059 مورد)
[2026-09-12 21:13:16][INFO]    🌾 تم جني محصول 🌾 مزارع القمح (Wheat Farm) (رقم 3 | مستوى 32) بنجاح! (+1,039 مورد)
[2026-09-12 21:13:16][INFO]    🌾 تم جني محصول 🌾 مزارع القمح (Wheat Farm) (رقم 4 | مستوى 32) بنجاح! (+1,020 مورد)
[2026-09-12 21:13:17][INFO]    🌾 تم جني محصول 🌾 مزارع القمح (Wheat Farm) (رقم 5 | مستوى 30) بنجاح! (+1,020 مورد)
[2026-09-12 21:13:17][INFO] ⏳ متبقي على إعادة محاولة الدخول: 45 ثانية...
[2026-09-12 21:13:18][INFO]    🌾 تم جني محصول 🌾 مزارع القمح (Wheat Farm) (رقم 6 | مستوى 31) بنجاح! (+1,000 مورد)
[2026-09-12 21:13:19][INFO]    🌾 تم جني محصول 🌾 مزارع القمح (Wheat Farm) (رقم 7 | مستوى 30) بنجاح! (+981 مورد)
[2026-09-12 21:13:20][INFO]    🌾 تم جني محصول 🌾 مزارع القمح (Wheat Farm) (رقم 8 | مستوى 30) بنجاح! (+961 مورد)
[2026-09-12 21:13:21][INFO]    🌾 تم جني محصول 🌾 مزارع القمح (Wheat Farm) (رقم 9 | مستوى 31) بنجاح! (+941 مورد)
[2026-09-12 21:13:21][INFO]    🪵 تم جني محصول 🪵 مناشر الخشب (Sawmill) (رقم 0 | مستوى 30) بنجاح! (+1,430 مورد)
[2026-09-12 21:13:22][INFO]    🪵 تم جني محصول 🪵 مناشر الخشب (Sawmill) (رقم 1 | مستوى 30) بنجاح! (+1,400 مورد)
[2026-09-12 21:13:23][INFO]    🪵 تم جني محصول 🪵 مناشر الخشب (Sawmill) (رقم 2 | مستوى 30) بنجاح! (+1,370 مورد)
[2026-09-12 21:13:24][INFO]    🪵 تم جني محصول 🪵 مناشر الخشب (Sawmill) (رقم 3 | مستوى 30) بنجاح! (+1,341 مورد)
[2026-09-12 21:13:24][INFO]    🪵 تم جني محصول 🪵 مناشر الخشب (Sawmill) (رقم 4 | مستوى 30) بنجاح! (+1,311 مورد)
[2026-09-12 21:13:25][INFO]    🪵 تم جني محصول 🪵 مناشر الخشب (Sawmill) (رقم 6 | مستوى 25) بنجاح! (+0 مورد)
[2026-09-12 21:13:26][INFO]    🪵 تم جني محصول 🪵 مناشر الخشب (Sawmill) (رقم 8 | مستوى 26) بنجاح! (+1,046 مورد)
[2026-09-12 21:13:27][INFO]    ⛏️ تم جني محصول ⛏️ مناجم الحديد (Iron Mine) (رقم 1 | مستوى 29) بنجاح! (+95 مورد)
[2026-09-12 21:13:28][INFO]    ⛏️ تم جني محصول ⛏️ مناجم الحديد (Iron Mine) (رقم 2 | مستوى 27) بنجاح! (+84 مورد)
[2026-09-12 21:13:28][INFO]    🪙 تم جني محصول 🪙 مناجم الفضة/الألماس (Silver/Diamond) (رقم 0 | مستوى 31) بنجاح! (+32 مورد)
[2026-09-12 21:13:29][INFO]    🪙 تم جني محصول 🪙 مناجم الفضة/الألماس (Silver/Diamond) (رقم 1 | مستوى 30) بنجاح! (+32 مورد)
[2026-09-12 21:13:30][INFO]    🪙 تم جني محصول 🪙 مناجم الفضة/الألماس (Silver/Diamond) (رقم 2 | مستوى 30) بنجاح! (+32 مورد)
[2026-09-12 21:13:31][INFO]    🪙 تم جني محصول 🪙 مناجم الفضة/الألماس (Silver/Diamond) (رقم 3 | مستوى 30) بنجاح! (+31 مورد)
[2026-09-12 21:13:32][INFO]    🪙 تم جني محصول 🪙 مناجم الفضة/الألماس (Silver/Diamond) (رقم 4 | مستوى 30) بنجاح! (+30 مورد)
[2026-09-12 21:13:32][INFO]    🪙 تم جني محصول 🪙 مناجم الفضة/الألماس (Silver/Diamond) (رقم 5 | مستوى 30) بنجاح! (+29 مورد)
[2026-09-12 21:13:32][INFO] ⏳ متبقي على إعادة محاولة الدخول: 30 ثانية...
[2026-09-12 21:13:33][INFO]    🪙 تم جني محصول 🪙 مناجم الفضة/الألماس (Silver/Diamond) (رقم 6 | مستوى 30) بنجاح! (+29 مورد)
[2026-09-12 21:13:34][INFO]    🪙 تم جني محصول 🪙 مناجم الفضة/الألماس (Silver/Diamond) (رقم 7 | مستوى 30) بنجاح! (+28 مورد)
[2026-09-12 21:13:34][INFO] 🎉 نتيجة حصد المدينة: ✅ تم بنجاح حصد 27 مزرعة: (🌾 10 مزارع | 🪵 7 مناشر | ⛏️ 2 مناجم | 🪙 8 مناجم)
[2026-09-12 21:13:34][INFO] 🎉 نتيجة حصد المدينة: ✅ تم بنجاح حصد 27 مزرعة: (🌾 10 مزارع | 🪵 7 مناشر | ⛏️ 2 مناجم | 🪙 8 مناجم)
[2026-09-12 21:13:36][INFO] ⏭️  [🔬 أبحاث الأكاديمية والعلوم (Academy Research)] — متجاوزة (ليس وقتها بحسب الجدول)
[2026-09-12 21:13:36][INFO] 🤝 بدء تنفيذ مهمة التحالف (المساعدة والتبرع لعلوم التحالف ID: 1041418)...
[2026-09-12 21:13:36][INFO] 🏛️ بدء مهمة التحالف (التحالف ID: 1041418)
[2026-09-12 21:13:44][INFO] 📊 رصيد التبرع الحالي: 0/20 مجاني | تبرعات الذهب: 0
[2026-09-12 21:13:44][INFO] 🎯 تم العثور على التقنية الموصى بها: ID=33015 (المستوى=6)
[2026-09-12 21:13:44][INFO] ℹ️ رصيد التبرعات المجانية مستهلك حالياً (0/20) — بانتظار التجديد.
[2026-09-12 21:13:44][INFO] 🎉 نتيجة مهمة التحالف: تم إنجاز 0 تبرع مجاني + 0 تبرع ذهب (شرف +0)
[2026-09-12 21:13:45][INFO] 🚀 تشغيل مهمة الميناء لإرسال السفن التجارية...
[2026-09-12 21:13:45][INFO] 🚢 فحص الميناء...
[2026-09-12 21:13:46][INFO] 🚢 لا توجد سفن متاحة حالياً
[2026-09-12 21:13:46][INFO] 🎉 نتيجة الميناء: لا توجد سفن
[2026-09-12 21:13:47][INFO] 🎯 القوات المستهدفة للتدريب بأقصى طاقة استيعابية: 🐎 الخيالة (رتبة 6), 🛡️ المشاة (رتبة 6), 🚜 العربات (رتبة 6)
[2026-09-12 21:13:47][INFO] 🔍 فحص عام لكافة الثكنات لجمع أي جنود مكتمل تدريبهم...
[2026-09-12 21:13:47][INFO] 🪖 بدء مرحلة تدريب الجيش | الأنواع المطلوبة: 3 مبنى...
[2026-09-12 21:13:47][INFO] ⏳ 🐎 [الخيالة] قيد التدريب حالياً (متبقي: 351 دقيقة).
[2026-09-12 21:13:47][INFO] ⏳ 🛡️ [المشاة] قيد التدريب حالياً (متبقي: 72 دقيقة).
[2026-09-12 21:13:47][INFO] ⏳ 🚜 [العربات] قيد التدريب حالياً (متبقي: 466 دقيقة).
[2026-09-12 21:13:47][INFO] 🏁 (3 مباني قيد التدريب)
[2026-09-12 21:13:47][INFO] 🎉 نتيجة تدريب الجنود: (3 مباني قيد التدريب)
[2026-09-12 21:13:47][INFO] ⏳ متبقي على إعادة محاولة الدخول: 15 ثانية...
[2026-09-12 21:13:49][INFO] 🐾 جاري تنفيذ الدورية للحيوان المحدد: [🦌 الغزال (Gazelle)] (معرف: 1261)...
[2026-09-12 21:13:49][INFO] 🐾 بدء مهمة دورية الحيوان الأليف [🦌 الغزال (Gazelle)] إلى الوجهة #1389
[2026-09-12 21:13:49][INFO] 🐾 🦌 الغزال (Gazelle) في دورية حالياً | متبقي للانتهاء: 26 دقيقة و 12 ثانية
[2026-09-12 21:13:49][INFO] 🎉 نتيجة دورية الحيوان: الحيوان في دورية حالياً (متبقي 26 دقيقة)
[2026-09-12 21:13:51][INFO] 🚩 بدء فحص واستلام مكافآت وجوائز حدث التوسع الإقليمي...
[2026-09-12 21:13:51][INFO] ℹ️ لا توجد أي مكافآت جاهزة للاستلام حالياً في التوسع الإقليمي.
[2026-09-12 21:13:51][INFO] 🎉 نتيجة التوسع الإقليمي: ℹ️ لا توجد مكافآت جاهزة للاستلام حالياً في التوسع الإقليمي.
[2026-09-12 21:13:52][INFO] 🛡️ بدء مهمة درع السلام لحماية القلعة [🛡️ درع السلام (8 ساعات)] (السماح بالشراء بالذهب: لا)...
[2026-09-12 21:13:52][INFO] 🛡️ بدء مهمة الدرع التلقائي [🛡️ درع السلام (8 ساعات)] (الشراء بالذهب: False)
[2026-09-12 21:13:52][INFO] 🎒 المخزون المتوفر في الحقيبة من 🛡️ درع السلام (8 ساعات): 5 درع
[2026-09-12 21:13:52][INFO] 🚀 جاري استخدام 1 من 🛡️ درع السلام (8 ساعات) من الحقيبة مجاناً (sign: 86825)...
[2026-09-12 21:13:53][INFO] ✅ تم تفعيل 🛡️ درع السلام (8 ساعات) بنجاح من الحقيبة مجاناً 🎉
[2026-09-12 21:13:53][INFO] 🎉 نتيجة درع السلام: تم تفعيل 🛡️ درع السلام (8 ساعات) بنجاح من الحقيبة مجاناً
[2026-09-12 21:13:54][INFO] ⚡ بدء مهمة الطاقة (استهلاك الجرعات المجانية + شراء بالذهب: 0 مرة)...
[2026-09-12 21:13:54][INFO] ⚡ بدء مهمة الطاقة (استخدام المجاني: True | شراء بالذهب: 0)
[2026-09-12 21:13:55][INFO] 🎒 المخزون المتوفر في الحقيبة: 🧪 جرعة طاقة (+10): 0, 🧪 جرعة طاقة (+50): 0, 🧪 جرعة طاقة (+100): 0
[2026-09-12 21:13:55][INFO] 🎉 تم استخدام الجرعات المجانية (+0 طاقة إجمالية) | شراء ذهب: 0
[2026-09-12 21:13:55][INFO] 🎉 نتيجة مهمة الطاقة: تم استخدام الجرعات المجانية (+0 طاقة إجمالية) | شراء ذهب: 0
[2026-09-12 21:13:56][INFO] 🎯 بدء مهمة المهارات التلقائية للمهارات المستهدفة: [الحصاد الوافر، الجمع السريع، حصاد المخزن]...
[2026-09-12 21:13:56][INFO] 🎉 نتيجة مهمة المهارات: ⏳ لا توجد مهارات جاهزة للتفعيل حالياً (قيد التبريد: 2 | غير مفتوحة: 1)
[2026-09-12 21:13:57][INFO] ⏳ متبقي على إعادة محاولة الدخول: 5 ثانية...
[2026-09-12 21:13:58][INFO] 🦸 بدء مهمة تجنيد الأبطال وبحث المهارات وسحب الصناديق اليومية...
[2026-09-12 21:13:58][INFO] 🎖️ بدء مهمة الشارات الملكية (تجنيد الأبطال / بحث المهارات / صندوق البطل)...
[2026-09-12 21:13:58][INFO] 🔍 فحص [🦸 تجنيد البطل (Hero Enlist)]: المرات المجانية المتبقية اليوم: 3 | وقت الاستحقاق: 1789237075
[2026-09-12 21:13:58][INFO] ⏳ [🦸 تجنيد البطل (Hero Enlist)] قيد التهدئة | متبقي 3 دقيقة (237 ثانية)
[2026-09-12 21:13:58][INFO] 🔍 فحص [📜 بحث المهارة (Skill Research)]: المرات المجانية المتبقية اليوم: 3 | وقت الاستحقاق: 1789237077
[2026-09-12 21:13:58][INFO] ⏳ [📜 بحث المهارة (Skill Research)] قيد التهدئة | متبقي 3 دقيقة (239 ثانية)
[2026-09-12 21:13:58][INFO] 🔍 فحص [🎁 صندوق البطل (Hero Box)]: المرات المجانية المتبقية اليوم: 1 | وقت الاستحقاق: 1789278090
[2026-09-12 21:13:58][INFO] ⏳ [🎁 صندوق البطل (Hero Box)] قيد التهدئة | متبقي 687 دقيقة (41252 ثانية)
[2026-09-12 21:13:58][INFO] ℹ️ لا توجد سحبات مجانية جاهزة الآن (أقرب سحبة بعد 3 دقيقة)
[2026-09-12 21:13:58][INFO] 🎉 نتيجة تجنيد الأبطال: لا توجد سحبات مجانية جاهزة الآن (أقرب سحبة بعد 3 دقيقة)
[2026-09-12 21:13:59][INFO] ⏭️  [🏛️ قاعة الاستراتيجيات (Tactics Hall)] — متجاوزة (ليس وقتها بحسب الجدول)
[2026-09-12 21:13:59][INFO] 💧 بدء مهمة طاحونة الماء لزيادة إنتاج الموارد (الأنواع: all | الشراء من متجر التحالف: مسموح)...
[2026-09-12 21:13:59][INFO] 💧 بدء مهمة الساقية لزيادة الإنتاج (الأنواع: الكل (جميع الموارد) | شراء من متجر التحالف: مسموح)
[2026-09-12 21:13:59][INFO] 📌 🌾 مزارع القمح: 10 مبنى بحاجة للتفعيل (من أصل 10)
[2026-09-12 21:13:59][INFO] ✓ 🪵 مناشر الخشب: جميع المباني الـ 7 مفعلة ونشطة مسبقاً ✅
[2026-09-12 21:13:59][INFO] 📌 ⛏️ مناجم الحديد: 2 مبنى بحاجة للتفعيل (من أصل 2)
[2026-09-12 21:13:59][INFO] 📌 🪙 مناجم الفضة/الألماس: 8 مبنى بحاجة للتفعيل (من أصل 8)
[2026-09-12 21:13:59][INFO] ⚡ إجمالي المباني المطلوب تفعيلها: 20 مبنى
[2026-09-12 21:14:01][INFO] ℹ️ متجر التحالف فارغ أو القلعة غير عضو في تحالف — سيتم الاعتماد على الحقيبة فقط.
[2026-09-12 21:14:01][INFO] 🔍 🌾 مزارع القمح: مطلوب تفعيل 10 | الأدوات المتوفرة بالحقيبة: 0
[2026-09-12 21:14:02][WARNING] ⚠️ دفعة 🌾 مزارع القمح لم تقبل بالكامل (كود 1008) — محاولة التفعيل الفردي...
[2026-09-12 21:14:02][INFO] 🔄 جاري محاولة تسجيل الدخول الآن واستئناف المهام (المحاولة 1/10)...
[2026-09-12 21:14:02][INFO] 🔐 [تسجيل الدخول] بدء الاتصال بالحساب: johan2003@yopmail.com...
[2026-09-12 21:14:02][INFO] Login Server: 119.8.212.255:10000
[2026-09-12 21:14:03][INFO] DH Handshake...
[2026-09-12 21:14:03][INFO]   Challenge: DztrQqo7fdg=
[2026-09-12 21:14:03][INFO]   ClientKey sent: IyOGMWQpijg=
[2026-09-12 21:14:03][INFO]   ServerKey: xGcmSElWbfY=
[2026-09-12 21:14:03][INFO]   Secret: dcf6758d769d6a3d
[2026-09-12 21:14:03][INFO]   HMAC sent: 1/2R3LwiceE=
[2026-09-12 21:14:03][INFO]   Handshake resp: 200 challenge success
[2026-09-12 21:14:03][INFO]   Token sent
[2026-09-12 21:14:04][WARNING] [Gate] ⚠️ انقطع الاتصال بالحساب (السبب: other_device)
[2026-09-12 21:14:04][WARNING] ⚠️ [تنبيه السيرفر] انقطع اتصال الحساب johan2003@yopmail.com (السبب: other_device)
[2026-09-12 21:14:04][WARNING] ⚡ [رصد فوري للانقطاع] انقطع اتصال الحساب فوراً أثناء تنفيذ [💧 طاحونة الماء (Watermill Boost)] (السبب: دخول شخص آخر إلى الحساب (Other Device Login))!
[2026-09-12 21:14:04][WARNING] ⚠️ [انقطاع الاتصال] تم رصد انقطاع الاتصال بالحساب (السبب: دخول شخص آخر إلى الحساب (Other Device Login))!
[2026-09-12 21:14:04][WARNING] ⏳ سيتوقف البوت مؤقتاً وينتظر 60 ثانية (دقيقة واحدة) لإفساح المجال ثم إعادة الدخول...
[2026-09-12 21:14:04][INFO] ⏳ [المحاولة 1/10] انتظار 60 ثانية (دقيقة واحدة)...
[2026-09-12 21:14:04][INFO] ⏳ متبقي على إعادة محاولة الدخول: 60 ثانية...
[2026-09-12 21:14:04][INFO]   Auth resp: 200 TWpVNUBhMjlvWDJkaGJXVmZNalk9QE1URTVMamd1TWpFekxqRXpNUT09QE5EQXdNQT09QE1qZ3lNREl5QE1UQTJNREEzTkRN
[2026-09-12 21:14:04][INFO]   Gate: 119.8.213.131:4000
[2026-09-12 21:14:04][INFO]   UID: 10600743 Server: koh_game_26
[2026-09-12 21:14:04][INFO] [Login] ✓ johan2003@yopmail.com → Gate 119.8.213.131:4000 uid=10600743
[2026-09-12 21:14:04][INFO] [Gate] ✓ 119.8.213.131:4000 uid=10600743
[2026-09-12 21:14:04][INFO] ⏳ انتظار مزامنة الحزم الأولية من السيرفر...
[2026-09-12 21:14:07][INFO] ✅ [تسجيل الدخول] تم الاتصال والمصافحة بنجاح 100%!
[2026-09-12 21:14:07][INFO] 🔍 [الاستعلام الشامل] جلب كافة بيانات ومعلومات الحساب من السيرفر...
[2026-09-12 21:14:13][INFO] 🎉 تم إعادة تسجيل الدخول بنجاح تام! جاهز لاستئناف المهام المتوقفة... ✅
[2026-09-12 21:14:13][INFO] 🔄 استئناف وإعادة تشغيل المهمة التي توقفت بسبب الانقطاع: [💧 طاحونة الماء (Watermill Boost)]...
[2026-09-12 21:14:13][INFO] 💧 بدء مهمة طاحونة الماء لزيادة إنتاج الموارد (الأنواع: all | الشراء من متجر التحالف: مسموح)...
[2026-09-12 21:14:13][INFO] 💧 بدء مهمة الساقية لزيادة الإنتاج (الأنواع: الكل (جميع الموارد) | شراء من متجر التحالف: مسموح)
[2026-09-12 21:14:13][INFO] 📌 🌾 مزارع القمح: 10 مبنى بحاجة للتفعيل (من أصل 10)
[2026-09-12 21:14:13][INFO] ✓ 🪵 مناشر الخشب: جميع المباني الـ 7 مفعلة ونشطة مسبقاً ✅
[2026-09-12 21:14:13][INFO] 📌 ⛏️ مناجم الحديد: 2 مبنى بحاجة للتفعيل (من أصل 2)
[2026-09-12 21:14:13][INFO] 📌 🪙 مناجم الفضة/الألماس: 8 مبنى بحاجة للتفعيل (من أصل 8)
[2026-09-12 21:14:13][INFO] ⚡ إجمالي المباني المطلوب تفعيلها: 20 مبنى
[2026-09-12 21:14:15][INFO] ℹ️ متجر التحالف فارغ أو القلعة غير عضو في تحالف — سيتم الاعتماد على الحقيبة فقط.
[2026-09-12 21:14:15][INFO] 🔍 🌾 مزارع القمح: مطلوب تفعيل 10 | الأدوات المتوفرة بالحقيبة: 0
[2026-09-12 21:14:16][WARNING] ⚠️ دفعة 🌾 مزارع القمح لم تقبل بالكامل (كود 1008) — محاولة التفعيل الفردي...
[2026-09-12 21:14:19][INFO] ⏳ متبقي على إعادة محاولة الدخول: 45 ثانية...
[2026-09-12 21:14:25][INFO] 🔍 ⛏️ مناجم الحديد: مطلوب تفعيل 2 | الأدوات المتوفرة بالحقيبة: 0
[2026-09-12 21:14:25][WARNING] ⚠️ دفعة ⛏️ مناجم الحديد لم تقبل بالكامل (كود 1008) — محاولة التفعيل الفردي...
[2026-09-12 21:14:27][INFO] 🔍 🪙 مناجم الفضة/الألماس: مطلوب تفعيل 8 | الأدوات المتوفرة بالحقيبة: 0
[2026-09-12 21:14:27][WARNING] ⚠️ دفعة 🪙 مناجم الفضة/الألماس لم تقبل بالكامل (كود 1008) — محاولة التفعيل الفردي...
[2026-09-12 21:14:34][INFO] ⏳ متبقي على إعادة محاولة الدخول: 30 ثانية...
[2026-09-12 21:14:34][INFO] 🏁 النتيجة النهائية: تم تفعيل 0 مبنى | فشل/تجاوز: 20
[2026-09-12 21:14:34][WARNING] ⚠️ تنبيه في طاحونة الماء: لم يتم تفعيل أي مبنى (الأدوات غير كافية)
[2026-09-12 21:14:36][INFO] ⏭️  [⛲ نافورة الأمنيات (Trevi Fountain)] — متجاوزة (ليس وقتها بحسب الجدول)
[2026-09-12 21:14:36][INFO] ⏭️  [🔨 ورشة المواد (Material Workshop)] — متجاوزة (ليس وقتها بحسب الجدول)
[2026-09-12 21:14:36][INFO] ⏭️  [🐪 القافلة وحراسة الكنز (Caravan Task)] — متجاوزة (ليس وقتها بحسب الجدول)
[2026-09-12 21:14:36][INFO] ⏭️  [⚓ الميناء العسكري (Port Delegate)] — متجاوزة (ليس وقتها بحسب الجدول)
[2026-09-12 21:14:36][INFO] ⏭️  [🏦 دار الادخار (Savings Bank)] — متجاوزة (ليس وقتها بحسب الجدول)
[2026-09-12 21:14:36][INFO] ⏭️  [🏗️ ترقية المباني (Building Upgrade)] — متجاوزة (ليس وقتها بحسب الجدول)
[2026-09-12 21:14:36][INFO] ⏭️  [🎖️ مهام الهيبة اليومية (Prestige Quests)] — متجاوزة (ليس وقتها بحسب الجدول)
[2026-09-12 21:14:36][INFO] 🎖️ بدء مهمة منسق الفيالق والمسيرات الذكي (March Orchestrator)...
[2026-09-12 21:14:36][INFO] ══════════════════════════════════════════════════════════
[2026-09-12 21:14:36][INFO] 🎖️ بدء دورة منسق الفيالق والمسيرات (March Orchestrator)
[2026-09-12 21:14:36][INFO] ══════════════════════════════════════════════════════════
[2026-09-12 21:14:36][INFO] 📋 مسار الأولويات المعتمد لهذه الدورة: ['gather', 'combat']
[2026-09-12 21:14:37][INFO] ▶️ [الأولوية 1/2] بدء تنفيذ: جمع الموارد (Gathering)...
[2026-09-12 21:14:37][INFO] 
🌾 [مهمة جمع الموارد] استهلاك كافة الفيالق الشاغرة (💎 ألماس/فضة (Diamond) | لفل: 6)...
[2026-09-12 21:14:37][INFO] 🌾══════════════════════════════════════════════════════════
[2026-09-12 21:14:37][INFO] 🌾 بدء مهمة جمع الموارد الذكية التلقائية:
[2026-09-12 21:14:37][INFO]    • المورد المستهدف : 🪙 مناجم الفضة (Silver) (subType = 5)
[2026-09-12 21:14:37][INFO]    • مستوى الحقل     : المستوى 6
[2026-09-12 21:14:37][INFO]    • أولوية الجيش    : 🚜 عربات النقل والحصار أولاً (أفضل حمولة)
[2026-09-12 21:14:37][INFO]    • استراتيجية الحشد: 🏹 إرسال المسيرات متتالية حتى امتلاء كافة الفيالق
[2026-09-12 21:14:37][INFO] 🌾══════════════════════════════════════════════════════════
[2026-09-12 21:14:37][INFO] 📋 تم جلب 44 بطل من بيانات الجلسة
[2026-09-12 21:14:38][INFO] 📍 موقع القلعة: (487, 287)
[2026-09-12 21:14:38][INFO] 🏹 محاولة إرسال مسيرة الفيلق رقم (1)...
[2026-09-12 21:14:38][INFO] 🎯 تم العثور على حقل مناجم الفضة (Silver) لفل 6: 467-290-5-5-3606 عند (466, 289)
[2026-09-12 21:14:39][INFO]    📦 حمولة الحقل: 31,500 مورد × مضاعف وزن 24 = سعة حمولة مطلوبة: 756,000
[2026-09-12 21:14:40][INFO]    🦸 البطل المختار تلقائياً: بطل #5502002
[2026-09-12 21:14:40][INFO]    🐾 الحيوان الأليف المختار: حيوان #1261
[2026-09-12 21:14:40][INFO]    🛡️ القوات المختارة: 5,176 جندي (منها 3,372 عربة نقل قمح) | سعة العربة: 42.51 (بونص +112.5%) | حمولة المسيرة: 239,011 / مطلوب: 756,000
[2026-09-12 21:14:40][INFO]    ⏳ [محاكاة بشرية] تجهيز تفاصيل المسيرة (2.73 ثانية)...
[2026-09-12 21:14:43][INFO]    ✅ انطلقت المسيرة بنجاح إلى الحقل 467-290-5-5-3606!
[2026-09-12 21:14:43][INFO] ⏳ [حماية ومكافحة حظر] مهلة أمان قبل إطلاق الفيلق التالي (13.66 ثانية)...
[2026-09-12 21:14:49][INFO] ⏳ متبقي على إعادة محاولة الدخول: 15 ثانية...
[2026-09-12 21:14:57][INFO] 🏹 محاولة إرسال مسيرة الفيلق رقم (2)...
[2026-09-12 21:14:57][INFO] 🎯 تم العثور على حقل مناجم الفضة (Silver) لفل 6: 468-300-5-5-3606 عند (467, 299)
[2026-09-12 21:14:57][INFO]    📦 حمولة الحقل: 31,500 مورد × مضاعف وزن 24 = سعة حمولة مطلوبة: 756,000
[2026-09-12 21:14:58][INFO]    🦸 البطل المختار تلقائياً: بطل #5502003
[2026-09-12 21:14:58][WARNING] ⚠️ لا توجد قوات كافية متوفرة بالقلعة لإرسال مسيرة!
[2026-09-12 21:14:58][INFO] 🏁 نفدت القوات المتاحة بالقلعة لإرسال فيالق إضافية.
[2026-09-12 21:14:58][INFO] ════════════════════════════════════════════════════════════
[2026-09-12 21:14:58][INFO] 🏁 النتيجة النهائية: تم إرسال 1 مسيرة جمع بنجاح!
[2026-09-12 21:14:58][INFO] ════════════════════════════════════════════════════════════
[2026-09-12 21:14:59][INFO] ⏳ متبقي على إعادة محاولة الدخول: 5 ثانية...
[2026-09-12 21:15:03][INFO] ▶️ [الأولوية 2/2] بدء تنفيذ: القتال (Combat)...
[2026-09-12 21:15:03][INFO] 
👾 [مهمة قتال: الغزاة (Invaders)]...
[2026-09-12 21:15:03][INFO] ⚔️ بدء مهمة الهجوم على [👾 غزاة (Invaders)] | لفل: 16-16 | الحد الأقصى للمسيرات: 5
[2026-09-12 21:15:03][INFO] 📋 44 بطل من Gate
[2026-09-12 21:15:03][INFO] 🚀 محاولة إرسال مسيرة الهجوم رقم (1/5)...
[2026-09-12 21:15:04][INFO] 🔄 جاري محاولة تسجيل الدخول الآن واستئناف المهام (المحاولة 1/10)...
[2026-09-12 21:15:04][INFO] 🔐 [تسجيل الدخول] بدء الاتصال بالحساب: johan2003@yopmail.com...
[2026-09-12 21:15:04][INFO] Login Server: 119.8.212.255:10000
[2026-09-12 21:15:04][INFO] DH Handshake...
[2026-09-12 21:15:04][INFO]   Challenge: Exwe2wGXMh4=
[2026-09-12 21:15:04][INFO]   ClientKey sent: dL00pneersQ=
[2026-09-12 21:15:04][INFO]   ServerKey: T6ksKo0H7vY=
[2026-09-12 21:15:04][INFO]   Secret: 6a22df64da66633e
[2026-09-12 21:15:04][INFO]   HMAC sent: YwHGQKXlJZU=
[2026-09-12 21:15:04][INFO]   Handshake resp: 200 challenge success
[2026-09-12 21:15:04][INFO]   Token sent
[2026-09-12 21:15:04][WARNING] [Gate] ⚠️ انقطع الاتصال بالحساب (السبب: other_device)
[2026-09-12 21:15:04][WARNING] ⚠️ [تنبيه السيرفر] انقطع اتصال الحساب johan2003@yopmail.com (السبب: other_device)
[2026-09-12 21:15:04][WARNING] ⚡ [رصد فوري للانقطاع] انقطع اتصال الحساب فوراً أثناء تنفيذ [🎖️ منسق الفيالق والمسيرات (March Orchestrator)] (السبب: دخول شخص آخر إلى الحساب (Other Device Login))!
[2026-09-12 21:15:04][WARNING] ⚠️ [انقطاع الاتصال] تم رصد انقطاع الاتصال بالحساب (السبب: دخول شخص آخر إلى الحساب (Other Device Login))!
[2026-09-12 21:15:04][WARNING] ⏳ سيتوقف البوت مؤقتاً وينتظر 60 ثانية (دقيقة واحدة) لإفساح المجال ثم إعادة الدخول...
[2026-09-12 21:15:04][INFO] ⏳ [المحاولة 1/10] انتظار 60 ثانية (دقيقة واحدة)...
[2026-09-12 21:15:04][INFO] ⏳ متبقي على إعادة محاولة الدخول: 60 ثانية...
[2026-09-12 21:15:04][INFO]   Auth resp: 200 TWpVNUBhMjlvWDJkaGJXVmZNalk9QE1URTVMamd1TWpFekxqRXpNUT09QE5EQXdNQT09QE1qZ3lNRE16QE1UQTJNREEzTkRN
[2026-09-12 21:15:04][INFO]   Gate: 119.8.213.131:4000
[2026-09-12 21:15:04][INFO]   UID: 10600743 Server: koh_game_26
[2026-09-12 21:15:04][INFO] [Login] ✓ johan2003@yopmail.com → Gate 119.8.213.131:4000 uid=10600743
[2026-09-12 21:15:05][INFO] [Gate] ✓ 119.8.213.131:4000 uid=10600743
[2026-09-12 21:15:05][INFO] ⏳ انتظار مزامنة الحزم الأولية من السيرفر...
[2026-09-12 21:15:07][INFO] ✅ [تسجيل الدخول] تم الاتصال والمصافحة بنجاح 100%!
[2026-09-12 21:15:07][INFO] 🔍 [الاستعلام الشامل] جلب كافة بيانات ومعلومات الحساب من السيرفر...
[2026-09-12 21:15:12][INFO] 🎉 تم إعادة تسجيل الدخول بنجاح تام! جاهز لاستئناف المهام المتوقفة... ✅
[2026-09-12 21:15:12][INFO] 🔄 استئناف وإعادة تشغيل المهمة التي توقفت بسبب الانقطاع: [💧 طاحونة الماء (Watermill Boost)]...
[2026-09-12 21:15:12][INFO] 💧 بدء مهمة طاحونة الماء لزيادة إنتاج الموارد (الأنواع: all | الشراء من متجر التحالف: مسموح)...
[2026-09-12 21:15:12][INFO] 💧 بدء مهمة الساقية لزيادة الإنتاج (الأنواع: الكل (جميع الموارد) | شراء من متجر التحالف: مسموح)
[2026-09-12 21:15:13][INFO] 📌 🌾 مزارع القمح: 10 مبنى بحاجة للتفعيل (من أصل 10)
[2026-09-12 21:15:13][INFO] ✓ 🪵 مناشر الخشب: جميع المباني الـ 7 مفعلة ونشطة مسبقاً ✅
[2026-09-12 21:15:13][INFO] 📌 ⛏️ مناجم الحديد: 2 مبنى بحاجة للتفعيل (من أصل 2)
[2026-09-12 21:15:13][INFO] 📌 🪙 مناجم الفضة/الألماس: 8 مبنى بحاجة للتفعيل (من أصل 8)
[2026-09-12 21:15:13][INFO] ⚡ إجمالي المباني المطلوب تفعيلها: 20 مبنى
[2026-09-12 21:15:15][INFO] ℹ️ متجر التحالف فارغ أو القلعة غير عضو في تحالف — سيتم الاعتماد على الحقيبة فقط.
[2026-09-12 21:15:15][INFO] 🔍 🌾 مزارع القمح: مطلوب تفعيل 10 | الأدوات المتوفرة بالحقيبة: 0
[2026-09-12 21:15:15][WARNING] ⚠️ دفعة 🌾 مزارع القمح لم تقبل بالكامل (كود 1008) — محاولة التفعيل الفردي...
[2026-09-12 21:15:19][INFO] ⏳ متبقي على إعادة محاولة الدخول: 45 ثانية...
[2026-09-12 21:15:24][INFO] 🔍 ⛏️ مناجم الحديد: مطلوب تفعيل 2 | الأدوات المتوفرة بالحقيبة: 0
[2026-09-12 21:15:24][WARNING] ⚠️ دفعة ⛏️ مناجم الحديد لم تقبل بالكامل (كود 1008) — محاولة التفعيل الفردي...
[2026-09-12 21:15:27][INFO] 🔍 🪙 مناجم الفضة/الألماس: مطلوب تفعيل 8 | الأدوات المتوفرة بالحقيبة: 0
[2026-09-12 21:15:27][WARNING] ⚠️ دفعة 🪙 مناجم الفضة/الألماس لم تقبل بالكامل (كود 1008) — محاولة التفعيل الفردي...
[2026-09-12 21:15:34][INFO] 🏁 النتيجة النهائية: تم تفعيل 0 مبنى | فشل/تجاوز: 20
[2026-09-12 21:15:34][WARNING] ⚠️ تنبيه في طاحونة الماء: لم يتم تفعيل أي مبنى (الأدوات غير كافية)
[2026-09-12 21:15:34][INFO] ⏳ متبقي على إعادة محاولة الدخول: 30 ثانية...
[2026-09-12 21:15:36][INFO] ⏭️  [⛲ نافورة الأمنيات (Trevi Fountain)] — متجاوزة (ليس وقتها بحسب الجدول)
[2026-09-12 21:15:36][INFO] ⏭️  [🔨 ورشة المواد (Material Workshop)] — متجاوزة (ليس وقتها بحسب الجدول)
[2026-09-12 21:15:36][INFO] ⏭️  [🐪 القافلة وحراسة الكنز (Caravan Task)] — متجاوزة (ليس وقتها بحسب الجدول)
[2026-09-12 21:15:36][INFO] ⏭️  [⚓ الميناء العسكري (Port Delegate)] — متجاوزة (ليس وقتها بحسب الجدول)
[2026-09-12 21:15:36][INFO] ⏭️  [🏦 دار الادخار (Savings Bank)] — متجاوزة (ليس وقتها بحسب الجدول)
[2026-09-12 21:15:36][INFO] ⏭️  [🏗️ ترقية المباني (Building Upgrade)] — متجاوزة (ليس وقتها بحسب الجدول)
[2026-09-12 21:15:36][INFO] ⏭️  [🎖️ مهام الهيبة اليومية (Prestige Quests)] — متجاوزة (ليس وقتها بحسب الجدول)
[2026-09-12 21:15:36][INFO] 🎖️ بدء مهمة منسق الفيالق والمسيرات الذكي (March Orchestrator)...
[2026-09-12 21:15:36][INFO] ══════════════════════════════════════════════════════════
[2026-09-12 21:15:36][INFO] 🎖️ بدء دورة منسق الفيالق والمسيرات (March Orchestrator)
[2026-09-12 21:15:36][INFO] ══════════════════════════════════════════════════════════
[2026-09-12 21:15:36][INFO] 📋 مسار الأولويات المعتمد لهذه الدورة: ['gather', 'combat']
[2026-09-12 21:15:36][INFO] ▶️ [الأولوية 1/2] بدء تنفيذ: جمع الموارد (Gathering)...
[2026-09-12 21:15:36][INFO] 
🌾 [مهمة جمع الموارد] استهلاك كافة الفيالق الشاغرة (💎 ألماس/فضة (Diamond) | لفل: 6)...
[2026-09-12 21:15:36][INFO] 🌾══════════════════════════════════════════════════════════
[2026-09-12 21:15:36][INFO] 🌾 بدء مهمة جمع الموارد الذكية التلقائية:
[2026-09-12 21:15:36][INFO]    • المورد المستهدف : 🪙 مناجم الفضة (Silver) (subType = 5)
[2026-09-12 21:15:36][INFO]    • مستوى الحقل     : المستوى 6
[2026-09-12 21:15:36][INFO]    • أولوية الجيش    : 🚜 عربات النقل والحصار أولاً (أفضل حمولة)
[2026-09-12 21:15:36][INFO]    • استراتيجية الحشد: 🏹 إرسال المسيرات متتالية حتى امتلاء كافة الفيالق
[2026-09-12 21:15:36][INFO] 🌾══════════════════════════════════════════════════════════
[2026-09-12 21:15:36][INFO] 📋 تم جلب 44 بطل من بيانات الجلسة
[2026-09-12 21:15:37][INFO] 📍 موقع القلعة: (487, 287)
[2026-09-12 21:15:37][INFO] 🏹 محاولة إرسال مسيرة الفيلق رقم (1)...
[2026-09-12 21:15:38][INFO] 🎯 تم العثور على حقل مناجم الفضة (Silver) لفل 6: 467-300-5-5-3606 عند (466, 299)
[2026-09-12 21:15:39][INFO]    📦 حمولة الحقل: 31,500 مورد × مضاعف وزن 24 = سعة حمولة مطلوبة: 756,000
[2026-09-12 21:15:40][INFO]    🦸 البطل المختار تلقائياً: بطل #5502003
[2026-09-12 21:15:40][INFO]    🐾 الحيوان الأليف المختار: حيوان #1261
[2026-09-12 21:15:40][WARNING] ⚠️ لا توجد قوات كافية متوفرة بالقلعة لإرسال مسيرة!
[2026-09-12 21:15:40][INFO] 🏁 نفدت القوات المتاحة بالقلعة لإرسال فيالق إضافية.
[2026-09-12 21:15:40][INFO] ════════════════════════════════════════════════════════════
[2026-09-12 21:15:40][INFO] 🏁 النتيجة النهائية: تم إرسال 0 مسيرة جمع بنجاح!
[2026-09-12 21:15:40][INFO] ════════════════════════════════════════════════════════════
[2026-09-12 21:15:46][INFO] ▶️ [الأولوية 2/2] بدء تنفيذ: القتال (Combat)...
[2026-09-12 21:15:46][INFO] 
👾 [مهمة قتال: الغزاة (Invaders)]...
[2026-09-12 21:15:46][INFO] ⚔️ بدء مهمة الهجوم على [👾 غزاة (Invaders)] | لفل: 16-16 | الحد الأقصى للمسيرات: 5
[2026-09-12 21:15:46][INFO] 📋 44 بطل من Gate
[2026-09-12 21:15:46][INFO] 🚀 محاولة إرسال مسيرة الهجوم رقم (1/5)...
[2026-09-12 21:15:49][INFO] ⏳ متبقي على إعادة محاولة الدخول: 15 ثانية...
[2026-09-12 21:15:49][INFO] 🎖️ تم اختيار أبطال التشكيلة المحفوظة (1): [5502011]
[2026-09-12 21:15:49][INFO] 🛡️ تشكيلة القتال: [{'id': 710, 'num': 834}]... (إجمالي جنود: 834) | حيوان: [1261]
[2026-09-12 21:15:49][INFO] 🎯 محاولة استهداف: ID=467-309-6-0-3016 عند (466, 308) لفل=16
[2026-09-12 21:15:50][INFO] ✅ هجوم ناجح! → 467-309-6-0-3016 (لفل 16) | أبطال=[5502011] | جنود=834
[2026-09-12 21:15:50][INFO] 🛡️ [أمان ومكافحة حظر] انتظار 7.21 ثانية قبل تجهيز المسيرة التالية...
[2026-09-12 21:15:58][INFO] 🚀 محاولة إرسال مسيرة الهجوم رقم (2/5)...
[2026-09-12 21:15:59][INFO] ⏳ متبقي على إعادة محاولة الدخول: 5 ثانية...
[2026-09-12 21:16:00][INFO] ⚠️ أبطال التشكيلة مشغولون — جاري اختيار أفضل أبطال الحرب (5501xxx) تلقائياً...
[2026-09-12 21:16:00][INFO] ⚔️ أبطال الحرب المختارون: [5501006, 5501009]
[2026-09-12 21:16:00][WARNING] ⚠️ لا توجد قوات قتالية متوفرة بالقلعة لإرسال المسيرة!
[2026-09-12 21:16:00][WARNING] ⚠️ نفدت القوات المتاحة بالقلعة.
[2026-09-12 21:16:00][INFO] 🏁 إجمالي مسيرات الهجوم المُرسَلة: 1/5
[2026-09-12 21:16:04][INFO] 🔄 جاري محاولة تسجيل الدخول الآن واستئناف المهام (المحاولة 1/10)...
[2026-09-12 21:16:04][INFO] 🔐 [تسجيل الدخول] بدء الاتصال بالحساب: johan2003@yopmail.com...
[2026-09-12 21:16:04][INFO] Login Server: 119.8.212.255:10000
[2026-09-12 21:16:04][INFO] DH Handshake...
[2026-09-12 21:16:04][INFO]   Challenge: 7YDelmX99Zg=
[2026-09-12 21:16:04][INFO]   ClientKey sent: e2XwzvpSYa4=
[2026-09-12 21:16:05][INFO]   ServerKey: jBZ+0ZaeZ8Y=
[2026-09-12 21:16:05][INFO]   Secret: b48c2ff9cbda6e2c
[2026-09-12 21:16:05][INFO]   HMAC sent: RP1v2iJPiic=
[2026-09-12 21:16:05][INFO]   Handshake resp: 200 challenge success
[2026-09-12 21:16:05][INFO]   Token sent
[2026-09-12 21:16:05][WARNING] [Gate] ⚠️ انقطع الاتصال بالحساب (السبب: other_device)
[2026-09-12 21:16:05][WARNING] ⚠️ [تنبيه السيرفر] انقطع اتصال الحساب johan2003@yopmail.com (السبب: other_device)
[2026-09-12 21:16:05][WARNING] ⚡ [رصد فوري للانقطاع] انقطع اتصال الحساب فوراً أثناء تنفيذ [🎖️ منسق الفيالق والمسيرات (March Orchestrator)] (السبب: دخول شخص آخر إلى الحساب (Other Device Login))!
[2026-09-12 21:16:05][WARNING] ⚠️ [انقطاع الاتصال] تم رصد انقطاع الاتصال بالحساب (السبب: دخول شخص آخر إلى الحساب (Other Device Login))!
[2026-09-12 21:16:05][WARNING] ⏳ سيتوقف البوت مؤقتاً وينتظر 60 ثانية (دقيقة واحدة) لإفساح المجال ثم إعادة الدخول...
[2026-09-12 21:16:05][INFO] ⏳ [المحاولة 1/10] انتظار 60 ثانية (دقيقة واحدة)...
[2026-09-12 21:16:05][INFO] ⏳ متبقي على إعادة محاولة الدخول: 60 ثانية...
[2026-09-12 21:16:05][INFO]   Auth resp: 200 TWpVNUBhMjlvWDJkaGJXVmZNalk9QE1URTVMamd1TWpFekxqRXpNUT09QE5EQXdNQT09QE1qZ3lNRE01QE1UQTJNREEzTkRN
[2026-09-12 21:16:05][INFO]   Gate: 119.8.213.131:4000
[2026-09-12 21:16:05][INFO]   UID: 10600743 Server: koh_game_26
[2026-09-12 21:16:05][INFO] [Login] ✓ johan2003@yopmail.com → Gate 119.8.213.131:4000 uid=10600743
[2026-09-12 21:16:05][INFO] [Gate] ✓ 119.8.213.131:4000 uid=10600743
[2026-09-12 21:16:05][INFO] ⏳ انتظار مزامنة الحزم الأولية من السيرفر...
[2026-09-12 21:16:08][INFO] ✅ [تسجيل الدخول] تم الاتصال والمصافحة بنجاح 100%!
[2026-09-12 21:16:08][INFO] 🔍 [الاستعلام الشامل] جلب كافة بيانات ومعلومات الحساب من السيرفر...
[2026-09-12 21:16:13][INFO] 🎉 تم إعادة تسجيل الدخول بنجاح تام! جاهز لاستئناف المهام المتوقفة... ✅
[2026-09-12 21:16:13][INFO] 🔄 استئناف وإعادة تشغيل المهمة التي توقفت بسبب الانقطاع: [🎖️ منسق الفيالق والمسيرات (March Orchestrator)]...
[2026-09-12 21:16:13][INFO] 🎖️ بدء مهمة منسق الفيالق والمسيرات الذكي (March Orchestrator)...
[2026-09-12 21:16:13][INFO] ══════════════════════════════════════════════════════════
[2026-09-12 21:16:13][INFO] 🎖️ بدء دورة منسق الفيالق والمسيرات (March Orchestrator)
[2026-09-12 21:16:13][INFO] ══════════════════════════════════════════════════════════
[2026-09-12 21:16:14][INFO] 📋 مسار الأولويات المعتمد لهذه الدورة: ['gather', 'combat']
[2026-09-12 21:16:15][INFO] ▶️ [الأولوية 1/2] بدء تنفيذ: جمع الموارد (Gathering)...
[2026-09-12 21:16:15][INFO] 
🌾 [مهمة جمع الموارد] استهلاك كافة الفيالق الشاغرة (💎 ألماس/فضة (Diamond) | لفل: 6)...
[2026-09-12 21:16:15][INFO] 🌾══════════════════════════════════════════════════════════
[2026-09-12 21:16:15][INFO] 🌾 بدء مهمة جمع الموارد الذكية التلقائية:
[2026-09-12 21:16:15][INFO]    • المورد المستهدف : 🪙 مناجم الفضة (Silver) (subType = 5)
[2026-09-12 21:16:15][INFO]    • مستوى الحقل     : المستوى 6
[2026-09-12 21:16:15][INFO]    • أولوية الجيش    : 🚜 عربات النقل والحصار أولاً (أفضل حمولة)
[2026-09-12 21:16:15][INFO]    • استراتيجية الحشد: 🏹 إرسال المسيرات متتالية حتى امتلاء كافة الفيالق
[2026-09-12 21:16:15][INFO] 🌾══════════════════════════════════════════════════════════
[2026-09-12 21:16:15][INFO] 📋 تم جلب 44 بطل من بيانات الجلسة
[2026-09-12 21:16:16][INFO] 📍 موقع القلعة: (487, 287)
[2026-09-12 21:16:16][INFO] 🏹 محاولة إرسال مسيرة الفيلق رقم (1)...
[2026-09-12 21:16:17][INFO]    ℹ️ لم يتوفر حقل لفل 6 — تم العثور على بديل لفل 5
[2026-09-12 21:16:17][INFO] 🎯 تم العثور على حقل مناجم الفضة (Silver) لفل 5: 484-288-5-5-3605 عند (483, 287)
[2026-09-12 21:16:18][INFO]    📦 حمولة الحقل: 26,250 مورد × مضاعف وزن 24 = سعة حمولة مطلوبة: 630,000
[2026-09-12 21:16:19][INFO]    🦸 البطل المختار تلقائياً: بطل #5502003
[2026-09-12 21:16:19][INFO]    🐾 الحيوان الأليف المختار: حيوان #1261
[2026-09-12 21:16:19][WARNING] ⚠️ لا توجد قوات كافية متوفرة بالقلعة لإرسال مسيرة!
[2026-09-12 21:16:19][INFO] 🏁 نفدت القوات المتاحة بالقلعة لإرسال فيالق إضافية.
[2026-09-12 21:16:19][INFO] ════════════════════════════════════════════════════════════
[2026-09-12 21:16:19][INFO] 🏁 النتيجة النهائية: تم إرسال 0 مسيرة جمع بنجاح!
[2026-09-12 21:16:19][INFO] ════════════════════════════════════════════════════════════
[2026-09-12 21:16:20][INFO] ⏳ متبقي على إعادة محاولة الدخول: 45 ثانية...
[2026-09-12 21:16:25][INFO] ▶️ [الأولوية 2/2] بدء تنفيذ: القتال (Combat)...
[2026-09-12 21:16:25][INFO] 
👾 [مهمة قتال: الغزاة (Invaders)]...
[2026-09-12 21:16:25][INFO] ⚔️ بدء مهمة الهجوم على [👾 غزاة (Invaders)] | لفل: 16-16 | الحد الأقصى للمسيرات: 5
[2026-09-12 21:16:25][INFO] 📋 44 بطل من Gate
[2026-09-12 21:16:25][INFO] 🚀 محاولة إرسال مسيرة الهجوم رقم (1/5)...
[2026-09-12 21:16:28][INFO] ⚠️ أبطال التشكيلة مشغولون — جاري اختيار أفضل أبطال الحرب (5501xxx) تلقائياً...
[2026-09-12 21:16:28][INFO] ⚔️ أبطال الحرب المختارون: [5501006, 5501009]
[2026-09-12 21:16:28][WARNING] ⚠️ لا توجد قوات قتالية متوفرة بالقلعة لإرسال المسيرة!
[2026-09-12 21:16:28][WARNING] ⚠️ نفدت القوات المتاحة بالقلعة.
[2026-09-12 21:16:28][INFO] 🏁 إجمالي مسيرات الهجوم المُرسَلة: 0/5
[2026-09-12 21:16:34][INFO] 
══════════════════════════════════════════════════════════
[2026-09-12 21:16:34][INFO] 🏁 اكتملت دورة منسق الفيالق الذكي!
[2026-09-12 21:16:34][INFO] 📋 ملخص المهام المنفذة: {'gather': False, 'combat': False}
[2026-09-12 21:16:34][INFO] ══════════════════════════════════════════════════════════
[2026-09-12 21:16:34][INFO] 🎉 نتيجة مهمة منسق الفيالق: اكتملت دورة منسق الفيالق بنجاح
[2026-09-12 21:16:35][INFO] ⏳ متبقي على إعادة محاولة الدخول: 30 ثانية...
[2026-09-12 21:16:36][INFO] 🔒 تم إغلاق اتصال الحساب johan2003@yopmail.com بأمان.
[2026-09-12 21:16:36][INFO] ✅ انتهت الدورة #1 في 279ث — الدورة القادمة الساعة: 22:41:57
[2026-09-12 21:16:36][INFO] 💤 انتظار 85.4 دقيقة...
[2026-09-12 21:16:50][INFO] ⏳ متبقي على إعادة محاولة الدخول: 15 ثانية...
[2026-09-12 21:17:00][INFO] ⏳ متبقي على إعادة محاولة الدخول: 5 ثانية...
[2026-09-12 21:17:05][INFO] 🔄 جاري محاولة تسجيل الدخول الآن واستئناف المهام (المحاولة 1/10)...
[2026-09-12 21:17:05][INFO] 🔐 [تسجيل الدخول] بدء الاتصال بالحساب: johan2003@yopmail.com...
[2026-09-12 21:17:05][INFO] Login Server: 119.8.212.255:10000
[2026-09-12 21:17:05][INFO] DH Handshake...
[2026-09-12 21:17:05][INFO]   Challenge: qU4NgD6QHs0=
[2026-09-12 21:17:05][INFO]   ClientKey sent: uAGswp1VrZ4=
[2026-09-12 21:17:05][INFO]   ServerKey: qnjUWut90r4=
[2026-09-12 21:17:05][INFO]   Secret: 9e3c2d1173ed7a37
[2026-09-12 21:17:05][INFO]   HMAC sent: 1pG1C1hXsxI=
[2026-09-12 21:17:06][INFO]   Handshake resp: 200 challenge success
[2026-09-12 21:17:06][INFO]   Token sent
[2026-09-12 21:17:06][INFO]   Auth resp: 200 TWpVNUBhMjlvWDJkaGJXVmZNalk9QE1URTVMamd1TWpFekxqRXpNUT09QE5EQXdNQT09QE1qZ3lNRFE0QE1UQTJNREEzTkRN
[2026-09-12 21:17:06][INFO]   Gate: 119.8.213.131:4000
[2026-09-12 21:17:06][INFO]   UID: 10600743 Server: koh_game_26
[2026-09-12 21:17:06][INFO] [Login] ✓ johan2003@yopmail.com → Gate 119.8.213.131:4000 uid=10600743
[2026-09-12 21:17:06][INFO] [Gate] ✓ 119.8.213.131:4000 uid=10600743
[2026-09-12 21:17:06][INFO] ⏳ انتظار مزامنة الحزم الأولية من السيرفر...
[2026-09-12 21:17:08][INFO] ✅ [تسجيل الدخول] تم الاتصال والمصافحة بنجاح 100%!
[2026-09-12 21:17:08][INFO] 🔍 [الاستعلام الشامل] جلب كافة بيانات ومعلومات الحساب من السيرفر...
[2026-09-12 21:17:14][INFO] 🎉 تم إعادة تسجيل الدخول بنجاح تام! جاهز لاستئناف المهام المتوقفة... ✅
[2026-09-12 21:17:14][INFO] 🔄 استئناف وإعادة تشغيل المهمة التي توقفت بسبب الانقطاع: [🎖️ منسق الفيالق والمسيرات (March Orchestrator)]...
[2026-09-12 21:17:14][INFO] 🎖️ بدء مهمة منسق الفيالق والمسيرات الذكي (March Orchestrator)...
[2026-09-12 21:17:14][INFO] ══════════════════════════════════════════════════════════
[2026-09-12 21:17:14][INFO] 🎖️ بدء دورة منسق الفيالق والمسيرات (March Orchestrator)
[2026-09-12 21:17:14][INFO] ══════════════════════════════════════════════════════════
[2026-09-12 21:17:15][INFO] 📋 مسار الأولويات المعتمد لهذه الدورة: ['gather', 'combat']
[2026-09-12 21:17:15][INFO] ▶️ [الأولوية 1/2] بدء تنفيذ: جمع الموارد (Gathering)...
[2026-09-12 21:17:15][INFO] 
🌾 [مهمة جمع الموارد] استهلاك كافة الفيالق الشاغرة (💎 ألماس/فضة (Diamond) | لفل: 6)...
[2026-09-12 21:17:15][INFO] 🌾══════════════════════════════════════════════════════════
[2026-09-12 21:17:15][INFO] 🌾 بدء مهمة جمع الموارد الذكية التلقائية:
[2026-09-12 21:17:15][INFO]    • المورد المستهدف : 🪙 مناجم الفضة (Silver) (subType = 5)
[2026-09-12 21:17:15][INFO]    • مستوى الحقل     : المستوى 6
[2026-09-12 21:17:15][INFO]    • أولوية الجيش    : 🚜 عربات النقل والحصار أولاً (أفضل حمولة)
[2026-09-12 21:17:15][INFO]    • استراتيجية الحشد: 🏹 إرسال المسيرات متتالية حتى امتلاء كافة الفيالق
[2026-09-12 21:17:15][INFO] 🌾══════════════════════════════════════════════════════════
[2026-09-12 21:17:15][INFO] 📋 تم جلب 44 بطل من بيانات الجلسة
[2026-09-12 21:17:16][INFO] 📍 موقع القلعة: (487, 287)
[2026-09-12 21:17:16][INFO] 🏹 محاولة إرسال مسيرة الفيلق رقم (1)...
[2026-09-12 21:17:18][INFO]    ℹ️ لم يتوفر حقل لفل 6 — تم العثور على بديل لفل 5
[2026-09-12 21:17:18][INFO] 🎯 تم العثور على حقل مناجم الفضة (Silver) لفل 5: 496-276-5-5-3605 عند (495, 275)
[2026-09-12 21:17:19][INFO]    📦 حمولة الحقل: 26,250 مورد × مضاعف وزن 24 = سعة حمولة مطلوبة: 630,000
[2026-09-12 21:17:19][INFO]    🦸 البطل المختار تلقائياً: بطل #5502003
[2026-09-12 21:17:19][INFO]    🐾 الحيوان الأليف المختار: حيوان #1261
[2026-09-12 21:17:19][WARNING] ⚠️ لا توجد قوات كافية متوفرة بالقلعة لإرسال مسيرة!
[2026-09-12 21:17:19][INFO] 🏁 نفدت القوات المتاحة بالقلعة لإرسال فيالق إضافية.
[2026-09-12 21:17:19][INFO] ════════════════════════════════════════════════════════════
[2026-09-12 21:17:19][INFO] 🏁 النتيجة النهائية: تم إرسال 0 مسيرة جمع بنجاح!
[2026-09-12 21:17:19][INFO] ════════════════════════════════════════════════════════════
[2026-09-12 21:17:24][INFO] ▶️ [الأولوية 2/2] بدء تنفيذ: القتال (Combat)...
[2026-09-12 21:17:24][INFO] 
👾 [مهمة قتال: الغزاة (Invaders)]...
[2026-09-12 21:17:24][INFO] ⚔️ بدء مهمة الهجوم على [👾 غزاة (Invaders)] | لفل: 16-16 | الحد الأقصى للمسيرات: 5
[2026-09-12 21:17:24][INFO] 📋 44 بطل من Gate
[2026-09-12 21:17:24][INFO] 🚀 محاولة إرسال مسيرة الهجوم رقم (1/5)...
[2026-09-12 21:17:28][INFO] ⚠️ أبطال التشكيلة مشغولون — جاري اختيار أفضل أبطال الحرب (5501xxx) تلقائياً...
[2026-09-12 21:17:28][INFO] ⚔️ أبطال الحرب المختارون: [5501006, 5501009]
[2026-09-12 21:17:28][WARNING] ⚠️ لا توجد قوات قتالية متوفرة بالقلعة لإرسال المسيرة!
[2026-09-12 21:17:28][WARNING] ⚠️ نفدت القوات المتاحة بالقلعة.
[2026-09-12 21:17:28][INFO] 🏁 إجمالي مسيرات الهجوم المُرسَلة: 0/5
[2026-09-12 21:17:33][INFO] 
══════════════════════════════════════════════════════════
[2026-09-12 21:17:33][INFO] 🏁 اكتملت دورة منسق الفيالق الذكي!
[2026-09-12 21:17:33][INFO] 📋 ملخص المهام المنفذة: {'gather': False, 'combat': False}
[2026-09-12 21:17:33][INFO] ══════════════════════════════════════════════════════════
[2026-09-12 21:17:33][INFO] 🎉 نتيجة مهمة منسق الفيالق: اكتملت دورة منسق الفيالق بنجاح
[2026-09-12 21:17:35][INFO] 🔒 تم إغلاق اتصال الحساب johan2003@yopmail.com بأمان.
[2026-09-12 21:17:35][INFO] ✅ انتهت الدورة #1 في 339ث — الدورة القادمة الساعة: 22:41:56
[2026-09-12 21:17:35][INFO] 💤 انتظار 84.4 دقيقة...
